-- MySQL dump 10.13  Distrib 8.0.34, for Win64 (x86_64)
--
-- Host: localhost    Database: kelasi
-- ------------------------------------------------------
-- Server version	8.0.35

/*!40101 SET @OLD_CHARACTER_SET_CLIENT=@@CHARACTER_SET_CLIENT */;
/*!40101 SET @OLD_CHARACTER_SET_RESULTS=@@CHARACTER_SET_RESULTS */;
/*!40101 SET @OLD_COLLATION_CONNECTION=@@COLLATION_CONNECTION */;
/*!50503 SET NAMES utf8 */;
/*!40103 SET @OLD_TIME_ZONE=@@TIME_ZONE */;
/*!40103 SET TIME_ZONE='+00:00' */;
/*!40014 SET @OLD_UNIQUE_CHECKS=@@UNIQUE_CHECKS, UNIQUE_CHECKS=0 */;
/*!40014 SET @OLD_FOREIGN_KEY_CHECKS=@@FOREIGN_KEY_CHECKS, FOREIGN_KEY_CHECKS=0 */;
/*!40101 SET @OLD_SQL_MODE=@@SQL_MODE, SQL_MODE='NO_AUTO_VALUE_ON_ZERO' */;
/*!40111 SET @OLD_SQL_NOTES=@@SQL_NOTES, SQL_NOTES=0 */;

--
-- Table structure for table `cities`
--

DROP TABLE IF EXISTS `cities`;
/*!40101 SET @saved_cs_client     = @@character_set_client */;
/*!50503 SET character_set_client = utf8mb4 */;
CREATE TABLE `cities` (
  `id` varchar(255) COLLATE utf8mb4_unicode_ci NOT NULL,
  `name` varchar(255) COLLATE utf8mb4_unicode_ci NOT NULL,
  `province_id` varchar(255) COLLATE utf8mb4_unicode_ci NOT NULL,
  `created_at` timestamp NULL DEFAULT NULL,
  `updated_at` timestamp NULL DEFAULT NULL,
  PRIMARY KEY (`id`),
  KEY `cities_province_id_foreign` (`province_id`),
  CONSTRAINT `cities_province_id_foreign` FOREIGN KEY (`province_id`) REFERENCES `provinces` (`id`) ON UPDATE CASCADE
) ENGINE=InnoDB DEFAULT CHARSET=utf8mb4 COLLATE=utf8mb4_unicode_ci;
/*!40101 SET character_set_client = @saved_cs_client */;

--
-- Dumping data for table `cities`
--

LOCK TABLES `cities` WRITE;
/*!40000 ALTER TABLE `cities` DISABLE KEYS */;
INSERT INTO `cities` VALUES ('0568eb01-476d-491e-876a-771024dc194c','Basoko','c954f9a2-b75b-4d09-801c-6469bdac2447','2024-01-25 09:25:14','2024-01-25 09:25:14'),('0858378e-3477-47de-ac67-fc6cd8c463d0','Kabare','364b7026-7b44-4534-adf2-957016b71779','2024-01-25 09:25:14','2024-01-25 09:25:14'),('0903742e-172f-4e0a-9314-ea3343056ed5','Aketi','0bc9244e-9ec6-4bca-a575-c6c27c59a201','2024-01-25 09:25:13','2024-01-25 09:25:13'),('0a458ccc-ce27-4866-9776-538f7669c6e0','Lisala','a1dda58c-8a55-4130-8764-2cf78755db59','2024-01-25 09:25:13','2024-01-25 09:25:13'),('0aad414f-3535-4cf9-99c5-af67ab159031','Tshela','274a23cb-a720-408b-9237-900b48540776','2024-01-25 09:25:14','2024-01-25 09:25:14'),('0c356f8d-06d1-4c1e-bed3-1f47f2d3d646','Buta','0bc9244e-9ec6-4bca-a575-c6c27c59a201','2024-01-25 09:25:13','2024-01-25 09:25:13'),('1229f920-c533-4362-8391-add3840466a0','Kamina','f630a635-77d1-4232-8395-6aae8ccd4235','2024-01-25 09:25:13','2024-01-25 09:25:13'),('15e7f7ff-25e1-4232-a34d-1d06f79d5f1d','Gandajika','86255d14-5cac-468e-a33e-e6a915507505','2024-01-25 09:25:13','2024-01-25 09:25:13'),('1b78dd71-bf83-4581-acf9-ecd4df1d057b','Wamba','723ad81a-efe3-4b12-8d1a-0b92801e7841','2024-01-25 09:25:13','2024-01-25 09:25:13'),('20a51d6b-bb0a-498f-bb9a-81ab6427551b','Kasangulu','274a23cb-a720-408b-9237-900b48540776','2024-01-25 09:25:14','2024-01-25 09:25:14'),('289c7d95-b6c6-4107-8d42-cfca091a72d6','Watsa','723ad81a-efe3-4b12-8d1a-0b92801e7841','2024-01-25 09:25:13','2024-01-25 09:25:13'),('33a47a40-6aa1-4254-878a-907b365e186f','Kinshasa','6ab2b671-15dc-4dc2-952b-e32a924629d7','2024-01-25 09:25:13','2024-01-25 09:25:13'),('36032734-05c1-4f9d-b7bd-4a7c2023bd4d','Lubao','75ab4b46-a348-43e1-b41a-ccb9114686bc','2024-01-25 09:25:14','2024-01-25 09:25:14'),('4932ef3b-70b9-4fb8-89d0-09d2f59eb4c1','Bukavu','364b7026-7b44-4534-adf2-957016b71779','2024-01-25 09:25:14','2024-01-25 09:25:14'),('4c86b46b-06e7-4c90-ac6b-cd5e61f9b128','Mbandaka','a1dda58c-8a55-4130-8764-2cf78755db59','2024-01-25 09:25:13','2024-01-25 09:25:13'),('4ca531fb-92a2-41ad-830a-d5ca3c9b7ad1','Bosobolo','d0e91a66-65f4-44a0-93f9-3ba73c27ee26','2024-01-25 09:25:14','2024-01-25 09:25:14'),('4cd4e179-84f6-4af8-826e-a8e6c3747c4a','Kasongo','6493e17a-034c-4a0b-9cd8-2448378d28d1','2024-01-25 09:25:14','2024-01-25 09:25:14'),('50797e8f-60c0-4b15-96df-4147642fa44a','Isiro','723ad81a-efe3-4b12-8d1a-0b92801e7841','2024-01-25 09:25:13','2024-01-25 09:25:13'),('534f791e-8f4f-46fa-80f0-c3337edddde8','Gbadolite','d0e91a66-65f4-44a0-93f9-3ba73c27ee26','2024-01-25 09:25:14','2024-01-25 09:25:14'),('53ce937f-bf1b-4200-b2ff-734a1672b93e','Bulungu','03ca9bf1-39b7-4d5c-8881-c0eb58b8fcc8','2024-01-25 09:25:14','2024-01-25 09:25:14'),('57153fee-f2bc-48a2-a6f7-bc5ff33b02f9','Moanda','274a23cb-a720-408b-9237-900b48540776','2024-01-25 09:25:14','2024-01-25 09:25:14'),('57dc43a6-2252-4281-8ad7-e1b772dcca3c','Beni','de2d1599-badd-42d9-894a-8063ce1dc779','2024-01-25 09:25:14','2024-01-25 09:25:14'),('5936e501-e790-4fc9-8402-7e336b960338','Kipushi','06a1b824-19ee-4e7c-9d39-076cadb3c6b5','2024-01-25 09:25:13','2024-01-25 09:25:13'),('5c3f521e-3162-4f3a-9686-c04ad5f5ebd9','Likasi','06a1b824-19ee-4e7c-9d39-076cadb3c6b5','2024-01-25 09:25:13','2024-01-25 09:25:13'),('5fe1e099-cc26-45da-bb1e-637a4ae17d46','Bandundu','03ca9bf1-39b7-4d5c-8881-c0eb58b8fcc8','2024-01-25 09:25:14','2024-01-25 09:25:14'),('63395a71-885d-40ac-8b0d-58469fd88707','Kisangani','c954f9a2-b75b-4d09-801c-6469bdac2447','2024-01-25 09:25:14','2024-01-25 09:25:14'),('63db508a-524d-415c-b67e-906cb2ab412d','Mweka','f5202319-ccbd-4703-8a31-c1c93b28f4cb','2024-01-25 09:25:13','2024-01-25 09:25:13'),('6b520302-aac8-4859-8351-41729c942878','Bumba','4c6af4e8-fe77-459f-a635-49827dfbe86a','2024-01-25 09:25:14','2024-01-25 09:25:14'),('6b759b8e-4b28-4f27-a483-cb4f61c371ba','Kambove','06a1b824-19ee-4e7c-9d39-076cadb3c6b5','2024-01-25 09:25:13','2024-01-25 09:25:13'),('6ccdc8e1-393e-4859-98f1-6d48e04f4ef2','Inongo','dde9a53f-e02a-484f-b82f-39a77df22c4e','2024-01-25 09:25:14','2024-01-25 09:25:14'),('6e4cc313-c2ce-4f5b-b393-a4d04fdd67e0','Kongolo','d6ecb019-e8c3-4058-b9b3-7fe9b3f9e1d3','2024-01-25 09:25:14','2024-01-25 09:25:14'),('726646ac-a167-4fd9-bdb5-03c7e26715f3','Kasongo-Lunda','3235809a-607a-41cf-aedb-807cbf3444b8','2024-01-25 09:25:14','2024-01-25 09:25:14'),('74a5f524-6533-4c61-b880-14508ae3dcbd','Kabalo','d6ecb019-e8c3-4058-b9b3-7fe9b3f9e1d3','2024-01-25 09:25:14','2024-01-25 09:25:14'),('8a933a80-a3ef-4408-a7f1-d8c35fc11306','Lusambo','a3cb60cc-61d1-4ada-b39c-aebd383413ca','2024-01-25 09:25:14','2024-01-25 09:25:14'),('8cee68c6-7a5e-4910-bb59-a37398c3dc25','Masina','6ab2b671-15dc-4dc2-952b-e32a924629d7','2024-01-25 09:25:13','2024-01-25 09:25:13'),('983698d1-643e-49ae-81a0-bdddc278903a','Libenge','fa900d38-0dd9-472c-a619-37608ec01080','2024-01-25 09:25:14','2024-01-25 09:25:14'),('98b4f707-5c8a-454d-958c-8de2e5cb39f5','Mwene-Ditu','75ab4b46-a348-43e1-b41a-ccb9114686bc','2024-01-25 09:25:14','2024-01-25 09:25:14'),('990a7543-c2f5-4d0f-866c-0df1fd0f5670','Butembo','de2d1599-badd-42d9-894a-8063ce1dc779','2024-01-25 09:25:14','2024-01-25 09:25:14'),('9ba8bb4c-ffb5-4415-8e12-97e3216e5619','Mbanza-Ngungu','274a23cb-a720-408b-9237-900b48540776','2024-01-25 09:25:14','2024-01-25 09:25:14'),('9d408077-18d5-4f2e-b357-6047dcb583e1','Boende','c8b16744-7aeb-4684-8695-30824e1b7922','2024-01-25 09:25:14','2024-01-25 09:25:14'),('9d49d452-b4c0-40b3-acb8-1eb091b20d7a','Bunia','3c9b263b-bf18-4cb7-bc41-6aa51a24f82b','2024-01-25 09:25:13','2024-01-25 09:25:13'),('9e74a486-cb6d-4afd-965a-aa1496745a93','Haut Katanga','06a1b824-19ee-4e7c-9d39-076cadb3c6b5','2024-01-25 09:25:13','2024-01-25 09:25:13'),('9f781fcc-f030-4856-93bd-b9e411082398','Mushie','dde9a53f-e02a-484f-b82f-39a77df22c4e','2024-01-25 09:25:14','2024-01-25 09:25:14'),('a0f769da-5c8f-4fca-aed1-e195839ff275','Luebo','f5202319-ccbd-4703-8a31-c1c93b28f4cb','2024-01-25 09:25:13','2024-01-25 09:25:13'),('a6242e6d-d3e2-4ec5-bf9b-0df32d6b1539','Sake','de2d1599-badd-42d9-894a-8063ce1dc779','2024-01-25 09:25:14','2024-01-25 09:25:14'),('b1de1b66-4765-4286-b8e3-0e6b344cce52','Matadi','274a23cb-a720-408b-9237-900b48540776','2024-01-25 09:25:14','2024-01-25 09:25:14'),('b980a75f-18eb-45ff-bf5b-a9c949a75569','Boma','274a23cb-a720-408b-9237-900b48540776','2024-01-25 09:25:13','2024-01-25 09:25:13'),('ba3a43da-a5f3-4080-abde-b65feada7010','Bongandanga','fa900d38-0dd9-472c-a619-37608ec01080','2024-01-25 09:25:14','2024-01-25 09:25:14'),('bda62c24-269d-404c-a324-81053aee3935','Bondo','0bc9244e-9ec6-4bca-a575-c6c27c59a201','2024-01-25 09:25:13','2024-01-25 09:25:13'),('be464f9a-be47-434f-b017-791ef06294d1','Kikwit','03ca9bf1-39b7-4d5c-8881-c0eb58b8fcc8','2024-01-25 09:25:14','2024-01-25 09:25:14'),('bf998158-aeba-473f-8414-865d41f633d3','Nioki','dde9a53f-e02a-484f-b82f-39a77df22c4e','2024-01-25 09:25:14','2024-01-25 09:25:14'),('c8a4e216-4301-4f9e-9a3b-c5660468a596','Kindu','6493e17a-034c-4a0b-9cd8-2448378d28d1','2024-01-25 09:25:14','2024-01-25 09:25:14'),('cd97fa43-4a62-4aa1-911f-54768c475376','Kalemie','d6ecb019-e8c3-4058-b9b3-7fe9b3f9e1d3','2024-01-25 09:25:14','2024-01-25 09:25:14'),('cefe7691-95ac-4722-8616-64f0e7ce398e','Goma','de2d1599-badd-42d9-894a-8063ce1dc779','2024-01-25 09:25:14','2024-01-25 09:25:14'),('d06db5ab-e21e-4fae-b717-c09638c5eb48','Ilebo','f5202319-ccbd-4703-8a31-c1c93b28f4cb','2024-01-25 09:25:13','2024-01-25 09:25:13'),('d09262d1-49cb-41da-9e6b-0cca745949eb','Uvira','364b7026-7b44-4534-adf2-957016b71779','2024-01-25 09:25:14','2024-01-25 09:25:14'),('d47c36b8-e7b4-4f85-8b34-676c1cacbdeb','Lukolela','a1dda58c-8a55-4130-8764-2cf78755db59','2024-01-25 09:25:13','2024-01-25 09:25:13'),('d8c05c23-624d-4465-a16a-911876808272','Mbuji-Mayi','86255d14-5cac-468e-a33e-e6a915507505','2024-01-25 09:25:13','2024-01-25 09:25:13'),('d984c2b1-fada-4c63-b1a6-1d77e198f873','Bolobo','dde9a53f-e02a-484f-b82f-39a77df22c4e','2024-01-25 09:25:14','2024-01-25 09:25:14'),('e00ef7a9-4008-4229-b8de-a0b137e76b6d','Yangambi','c954f9a2-b75b-4d09-801c-6469bdac2447','2024-01-25 09:25:14','2024-01-25 09:25:14'),('e32b23be-de3f-4d7a-a5df-c6eef71e1c70','Tshikapa','f5202319-ccbd-4703-8a31-c1c93b28f4cb','2024-01-25 09:25:13','2024-01-25 09:25:13'),('e583f2ce-df92-4151-99cd-097dbfc34bd2','Kampene','6493e17a-034c-4a0b-9cd8-2448378d28d1','2024-01-25 09:25:14','2024-01-25 09:25:14'),('e6a856cc-91e8-4baa-b442-24afe45bd8f4','Lubumbashi','06a1b824-19ee-4e7c-9d39-076cadb3c6b5','2024-01-25 09:25:13','2024-01-25 09:25:13'),('e7ceabee-74a8-4912-b7ba-3b860444444b','Gemena','a1dda58c-8a55-4130-8764-2cf78755db59','2024-01-25 09:25:13','2024-01-25 09:25:13'),('e96ede3c-016a-42cf-88a3-efbc3606a9d6','Mangai','03ca9bf1-39b7-4d5c-8881-c0eb58b8fcc8','2024-01-25 09:25:14','2024-01-25 09:25:14'),('ec4f7e1e-8eea-405e-af07-1b2f3cee8fee','Lodja','a3cb60cc-61d1-4ada-b39c-aebd383413ca','2024-01-25 09:25:14','2024-01-25 09:25:14'),('eeca7c8c-292e-43ea-a547-975a8eb764f9','Businga','d0e91a66-65f4-44a0-93f9-3ba73c27ee26','2024-01-25 09:25:14','2024-01-25 09:25:14'),('f46907ce-2b78-46e3-8208-d4128800d0f0','Kabinda','86255d14-5cac-468e-a33e-e6a915507505','2024-01-25 09:25:13','2024-01-25 09:25:13'),('f834b8ee-63f1-4596-a0a8-39fc94b63c5e','Bukama','f630a635-77d1-4232-8395-6aae8ccd4235','2024-01-25 09:25:13','2024-01-25 09:25:13');
/*!40000 ALTER TABLE `cities` ENABLE KEYS */;
UNLOCK TABLES;

--
-- Table structure for table `classes`
--

DROP TABLE IF EXISTS `classes`;
/*!40101 SET @saved_cs_client     = @@character_set_client */;
/*!50503 SET character_set_client = utf8mb4 */;
CREATE TABLE `classes` (
  `id` char(36) COLLATE utf8mb4_unicode_ci NOT NULL,
  `level_id` bigint unsigned NOT NULL,
  `section_id` bigint unsigned NOT NULL,
  `school_id` char(36) COLLATE utf8mb4_unicode_ci NOT NULL,
  `description` text COLLATE utf8mb4_unicode_ci NOT NULL,
  `created_at` timestamp NULL DEFAULT NULL,
  `updated_at` timestamp NULL DEFAULT NULL,
  PRIMARY KEY (`id`),
  KEY `classes_level_id_foreign` (`level_id`),
  KEY `classes_section_id_foreign` (`section_id`),
  KEY `classes_school_id_foreign` (`school_id`),
  CONSTRAINT `classes_level_id_foreign` FOREIGN KEY (`level_id`) REFERENCES `levels` (`id`) ON UPDATE CASCADE,
  CONSTRAINT `classes_school_id_foreign` FOREIGN KEY (`school_id`) REFERENCES `schools` (`id`) ON UPDATE CASCADE,
  CONSTRAINT `classes_section_id_foreign` FOREIGN KEY (`section_id`) REFERENCES `sections` (`id`) ON UPDATE CASCADE
) ENGINE=InnoDB DEFAULT CHARSET=utf8mb4 COLLATE=utf8mb4_unicode_ci;
/*!40101 SET character_set_client = @saved_cs_client */;

--
-- Dumping data for table `classes`
--

LOCK TABLES `classes` WRITE;
/*!40000 ALTER TABLE `classes` DISABLE KEYS */;
INSERT INTO `classes` VALUES ('02a52213-a5ae-4ca7-8d1d-06732d675e8c',2,2,'a4c0af21-f779-4c7a-84a1-43058d7eb286','Tempore exercitationem voluptatem et ut quia. Eveniet optio praesentium et sed. Adipisci sunt dolores quis et. Iusto sint qui fugit et.','2024-01-29 09:06:36','2024-01-29 09:06:36'),('10a10614-1c1a-479b-88c5-93e99e8eea79',4,2,'da235278-a468-447f-9d0f-13345aeecd09','Sit enim beatae impedit impedit rerum non est consequatur. Et tempore ad dolorem est non excepturi.','2024-01-29 09:06:36','2024-01-29 09:06:36'),('15961c1e-f75a-4a26-bd8b-3812fb6e7622',1,1,'a4c0af21-f779-4c7a-84a1-43058d7eb286','Tenetur est fugiat dolorem voluptatum nobis unde optio. Qui aliquam sit autem blanditiis ullam natus. Id vero fugiat nihil quidem illo assumenda. Minima nihil nisi est unde ipsam deleniti numquam.','2024-01-29 09:06:36','2024-01-29 09:06:36'),('18eceb7a-3c20-465b-9373-a7ade93bdccb',1,2,'85c351d0-fb4b-49bd-b738-c85b3344ddb8','Temporibus veritatis quis voluptas nam. Qui dolor et et temporibus aut maiores. Dignissimos atque deleniti sequi.','2024-01-29 09:06:36','2024-01-29 09:06:36'),('18f013b7-095f-42ce-a639-495e19ba03d0',4,2,'629f620c-3132-4c13-bb07-9a1f001bd3fe','Facilis recusandae voluptatem dolorum mollitia optio sit. At et deserunt ad ut. Officiis dolore qui et qui numquam. Esse praesentium reiciendis praesentium.','2024-01-29 09:06:36','2024-01-29 09:06:36'),('22f9cf1e-4697-40fa-b46b-2cab09caafc6',2,3,'85c351d0-fb4b-49bd-b738-c85b3344ddb8','Accusamus et non quam et. Non ab non quo sequi. Impedit sed repellat dolore laborum aut occaecati. Sit optio quos tenetur similique officia facere temporibus. Ipsa quibusdam error tempore sed.','2024-01-29 09:06:36','2024-01-29 09:06:36'),('23f475be-b7b1-4ab6-97b6-4656a58e7639',3,1,'c44ed683-2368-4627-b7c6-8b402fea8ea8','Sint itaque sed fugit et. Atque aut et suscipit praesentium ut. Consequatur voluptas consequatur excepturi et voluptatem libero.','2024-01-29 09:06:36','2024-01-29 09:06:36'),('26293553-aa41-4a50-94da-b1c51360cb10',4,1,'2e8b1339-712f-44c8-857e-0386b42d3fc3','Dignissimos culpa sunt dolor molestias iusto. Maxime voluptas eius natus possimus ratione itaque soluta neque. Architecto consequatur voluptate nobis reiciendis ut quia quia.','2024-01-29 09:06:36','2024-01-29 09:06:36'),('27e15c52-f49c-4955-87d9-98586e16df70',2,1,'3bd2b602-d801-429a-b505-da5309d67f8f','Est voluptate earum sint est repellat voluptatem ut amet. Soluta tenetur sint ut optio. Quam nemo illum minima eos expedita explicabo tempora.','2024-01-29 09:06:36','2024-01-29 09:06:36'),('316c0f46-d80e-41ab-8edd-36dbb79ea703',3,3,'2e8b1339-712f-44c8-857e-0386b42d3fc3','Aut sunt eligendi laboriosam molestiae. Rerum rerum et sit rerum at incidunt omnis dolor. Ratione in commodi ut veritatis voluptate vel.','2024-01-29 09:06:36','2024-01-29 09:06:36'),('3233ca0f-b417-4715-a934-f47631b2c5bf',3,3,'da235278-a468-447f-9d0f-13345aeecd09','Enim nihil ut nostrum ratione. Suscipit consequuntur explicabo enim alias sint et id. Nemo minima fuga fuga omnis ut error praesentium. Nobis eos ut asperiores ab.','2024-01-29 09:06:36','2024-01-29 09:06:36'),('379bdf9b-3ddb-4e4a-b04a-ba42ac0718c7',2,1,'85c351d0-fb4b-49bd-b738-c85b3344ddb8','Ea quasi laborum illum doloremque quis et nemo eum. Assumenda id quia rerum quis est. Optio necessitatibus id est est.','2024-01-29 09:06:36','2024-01-29 09:06:36'),('38eadf0f-7481-4c21-935a-981186293583',1,2,'2e8b1339-712f-44c8-857e-0386b42d3fc3','Ipsam et et quae est illum. Incidunt debitis incidunt sit temporibus ab. Nihil et dolores neque ducimus eaque voluptatum id. Officia qui magni sit reiciendis quia veniam.','2024-01-29 09:06:36','2024-01-29 09:06:36'),('3f2b7931-be20-4873-9821-0fbae8184553',3,1,'629f620c-3132-4c13-bb07-9a1f001bd3fe','Qui libero qui cumque reprehenderit consectetur totam rerum aliquid. Ipsa iure sit commodi nostrum. Omnis animi praesentium dignissimos perferendis.','2024-01-29 09:06:36','2024-01-29 09:06:36'),('453e8d72-e501-4fcb-aeb3-3994c9fd51fe',1,2,'c44ed683-2368-4627-b7c6-8b402fea8ea8','Vel laudantium minus aliquam a et nisi. Omnis non veritatis pariatur. Facere distinctio iusto nesciunt tempore illo dolor a et. Molestiae ad sunt quaerat provident facilis.','2024-01-29 09:06:36','2024-01-29 09:06:36'),('51c5668b-c588-439b-b3bd-2e4ae54ac2aa',3,1,'a4c0af21-f779-4c7a-84a1-43058d7eb286','Exercitationem ex debitis aut. Iusto velit corrupti quam blanditiis. Eaque earum dolorem eaque similique deleniti. Tenetur minima autem aut dolorum ea fuga veniam.','2024-01-29 09:06:36','2024-01-29 09:06:36'),('5bb2e731-c2cd-4cce-af2a-007e267ead18',5,1,'da235278-a468-447f-9d0f-13345aeecd09','Molestiae qui quasi voluptate fugiat adipisci accusantium magni. Vel vel incidunt consequatur voluptatem alias. Et sit eius nostrum doloribus. Qui atque labore omnis quod praesentium quo impedit est.','2024-01-29 09:06:36','2024-01-29 09:06:36'),('5c48defd-dc6d-4684-bc5d-62f181959e9a',5,2,'629f620c-3132-4c13-bb07-9a1f001bd3fe','Et porro tempora non totam excepturi expedita. Quidem eos facilis porro aliquam veniam inventore quasi officiis.','2024-01-29 09:06:36','2024-01-29 09:06:36'),('5f85cf43-6a4a-4af6-9189-0eb523f2b331',3,3,'2e8b1339-712f-44c8-857e-0386b42d3fc3','Porro dolor assumenda neque itaque. Culpa nihil fuga omnis eum. Et molestiae accusantium provident quaerat modi.','2024-01-29 09:06:36','2024-01-29 09:06:36'),('64f41d5f-8c2d-4ae2-88fc-ec430feffad4',6,1,'307020fd-feab-4045-8213-0583324f5a7a','In necessitatibus porro sint temporibus. Nobis ab eos ipsum ut neque. Facere rerum commodi qui ut.','2024-01-29 09:06:36','2024-01-29 09:06:36'),('682e501c-cbe1-4aed-bb42-4353c441be14',3,1,'085b13aa-ff1c-473e-9c19-4c17cc67b426','Pariatur accusamus est ut voluptates sed omnis nihil. Non eius laboriosam consequatur. Expedita id nemo et minima molestias est qui.','2024-01-29 09:06:36','2024-01-29 09:06:36'),('6a118974-fd25-49a3-91e1-310e39138859',5,2,'a4c0af21-f779-4c7a-84a1-43058d7eb286','Aut consequatur et magnam dolorem. Odit consequuntur nisi officia eveniet. Officiis enim sunt sequi dolor quo rerum. Voluptatem alias rerum minus explicabo veniam consequuntur suscipit.','2024-01-29 09:06:36','2024-01-29 09:06:36'),('7612a27d-3b5e-4302-98ac-1f2685006f4e',1,2,'92ac400c-d609-475a-a76b-0ec05c5a9d8f','Quis aut ratione repudiandae ducimus. Corrupti est suscipit molestias aliquam occaecati odio qui culpa. Dolor id autem aliquid modi doloremque non doloremque.','2024-01-29 09:06:36','2024-01-29 09:06:36'),('7a606e2c-da9b-4f15-a921-fb963a6e6d8e',5,1,'b7131ad9-c1b0-4a4b-975b-7676fb296203','Officia iste quia sequi voluptates quis voluptatum sed. Laborum eaque consequatur natus mollitia delectus. Recusandae neque eius impedit qui deserunt.','2024-01-29 09:06:36','2024-01-29 09:06:36'),('7bb8179b-9aa9-410c-b7c0-dcc3455dfaf8',5,2,'307020fd-feab-4045-8213-0583324f5a7a','Asperiores in illo maiores ut cupiditate quasi. Provident reiciendis et maiores ipsum quia est. Accusamus voluptate quos ad architecto. Odio quam ipsam incidunt vel illo quasi aut.','2024-01-29 09:06:36','2024-01-29 09:06:36'),('7bed821a-6695-4107-ad29-0676781d4df2',5,1,'307020fd-feab-4045-8213-0583324f5a7a','Cumque amet sunt reiciendis. Ut distinctio ea animi sequi. Pariatur voluptatem sequi voluptates similique. Enim corporis consectetur veritatis exercitationem nostrum ullam consequuntur.','2024-01-29 09:06:36','2024-01-29 09:06:36'),('7c8116c3-e12c-4053-97ce-91a9498ab12b',5,3,'64d56ec3-8ddd-4522-b583-deac6e353096','Fuga ea aut tempore atque iusto est. Sunt nostrum facilis dolorem quis. Velit quaerat et inventore vel tempora ea.','2024-01-29 09:06:36','2024-01-29 09:06:36'),('7e08b0a5-5644-4f83-b8f6-d24959ac1829',3,1,'da235278-a468-447f-9d0f-13345aeecd09','Quia nostrum id amet quos. Unde deserunt rerum est et aut dolor. Consequuntur esse inventore et et cum.','2024-01-29 09:06:36','2024-01-29 09:06:36'),('80cadb59-b7c9-416e-b083-7ae7a7f23a8d',2,3,'676a6520-1d1c-4af9-bacc-b156492c885d','Aut enim unde est ut voluptas harum. Incidunt possimus tempore cupiditate tempora. Impedit non libero beatae.','2024-01-29 09:06:36','2024-01-29 09:06:36'),('86687896-f092-4268-9680-617f78213769',6,3,'64d56ec3-8ddd-4522-b583-deac6e353096','Doloribus et et ab sequi sit mollitia enim dignissimos. Sapiente amet distinctio doloribus voluptate deserunt sed optio. Iure eveniet minus et quia odio.','2024-01-29 09:06:36','2024-01-29 09:06:36'),('89962be6-5f0e-429c-86f5-2468717d90f1',4,2,'676a6520-1d1c-4af9-bacc-b156492c885d','In dolorem eius natus et ad voluptas. Pariatur officiis consectetur dicta odit. Ex est velit nesciunt consequatur dolorem.','2024-01-29 09:06:36','2024-01-29 09:06:36'),('917e2273-a86a-4f8f-8a99-e87117f120ed',5,3,'64d56ec3-8ddd-4522-b583-deac6e353096','Sunt eos quo et quia velit. In delectus perspiciatis ipsa et. Voluptatem cum aut iure quo repellat.','2024-01-29 09:06:36','2024-01-29 09:06:36'),('94a531df-134b-4fe9-bf77-e44ae6738635',5,2,'cce3db99-4bcf-4770-ac8f-f47d5a30ed61','Et eius saepe quae fuga commodi qui qui. Accusantium aspernatur libero veritatis neque aut ad aut. Neque quia voluptatem ut consectetur soluta labore. Aperiam cumque et ex voluptas.','2024-01-29 09:06:36','2024-01-29 09:06:36'),('9e6f742d-7fff-4a7e-91aa-e39b75ae7a0c',4,3,'85c351d0-fb4b-49bd-b738-c85b3344ddb8','Ut rerum est cumque ut fugit cumque. Esse eos eum dolorem vero in est voluptas. Ea totam adipisci quidem et.','2024-01-29 09:06:36','2024-01-29 09:06:36'),('a534651e-433d-4bc6-a1bb-da0cd286ccbd',4,1,'b7131ad9-c1b0-4a4b-975b-7676fb296203','Fugiat repellendus suscipit dicta sapiente minima. Tempora nihil dolores in repellat magnam deleniti. Voluptas aliquid dolorum assumenda autem fuga rerum excepturi quos.','2024-01-29 09:06:36','2024-01-29 09:06:36'),('a93c1d0f-d46c-4552-b457-cc15bdabdee2',2,1,'da235278-a468-447f-9d0f-13345aeecd09','Labore repudiandae nostrum est error corrupti. Optio voluptatem provident totam qui. Possimus nisi iste blanditiis laboriosam ut velit magni.','2024-01-29 09:06:36','2024-01-29 09:06:36'),('b46d359b-cb88-4c69-96ca-60e68b0f5a74',4,2,'085b13aa-ff1c-473e-9c19-4c17cc67b426','Doloremque a quia facilis vel. Quia sint tempore vitae eum minus. Blanditiis excepturi repellat nam illo dolores. Perspiciatis consequuntur dolorem saepe nemo magni tenetur enim.','2024-01-29 09:06:36','2024-01-29 09:06:36'),('b79d0161-4c07-4da1-b566-0a0406f58696',4,2,'da235278-a468-447f-9d0f-13345aeecd09','A velit beatae eum ea ut voluptatem. Temporibus id ut est. Magni dolor quisquam reprehenderit voluptas quis. Et rerum voluptatem non iste aliquam. Beatae ea consequatur quia.','2024-01-29 09:06:36','2024-01-29 09:06:36'),('baf381b7-7e91-4d50-93e0-dbb25eb573f8',6,1,'cce3db99-4bcf-4770-ac8f-f47d5a30ed61','Cum nulla assumenda eveniet. Quidem soluta ea illum ut. Repellendus aperiam sit in ut omnis. Quo et sit molestiae modi repellendus eveniet a.','2024-01-29 09:06:36','2024-01-29 09:06:36'),('bd790641-b3f4-40e4-8d64-4e42e514d462',6,3,'e79a7355-ba24-466e-8cc2-54fa939d08e5','Asperiores sit dolorem animi libero possimus odio sapiente occaecati. Occaecati voluptas quia porro vel distinctio hic unde ut. Eos quia aut ipsam est.','2024-01-29 09:06:36','2024-01-29 09:06:36'),('cf4f70ca-4ffc-45eb-845e-62e944a610fe',6,3,'a4c0af21-f779-4c7a-84a1-43058d7eb286','Necessitatibus quia consequatur adipisci alias quia repellendus. Et esse dolores nemo aut dolores enim. Provident inventore sunt rerum aut eligendi. Qui quae sit maxime ratione.','2024-01-29 09:06:36','2024-01-29 09:06:36'),('d27021ea-95df-4b9e-a049-6424898a28ff',4,1,'cce3db99-4bcf-4770-ac8f-f47d5a30ed61','Animi alias expedita molestias iusto ut. Maxime sit quis quia amet quis. Non molestiae distinctio sunt laudantium delectus quis dolorem. Veritatis quas adipisci possimus adipisci voluptatum a.','2024-01-29 09:06:36','2024-01-29 09:06:36'),('d429c58c-737d-4893-b052-ae0925958262',1,2,'92ac400c-d609-475a-a76b-0ec05c5a9d8f','Sed et quisquam illum atque dolores et. Enim eos soluta qui aperiam. Excepturi tenetur ducimus neque amet temporibus sit qui.','2024-01-29 09:06:36','2024-01-29 09:06:36'),('e665b766-dc31-44a1-9eda-54328b1e90e2',2,3,'b7131ad9-c1b0-4a4b-975b-7676fb296203','Repellat omnis neque libero rerum corrupti asperiores. Sed rem qui atque totam enim voluptas. Suscipit voluptatum nisi consequatur voluptas quod non.','2024-01-29 09:06:36','2024-01-29 09:06:36'),('eb9c8b1c-1c9a-45da-b1c0-75ad2de8a757',3,2,'0bd3cda1-bf05-4018-b7d0-622d9a28dd44','Iste quam nam sunt est eum maiores voluptatem. Fugiat eum optio maiores sit sunt. Labore a beatae possimus blanditiis.','2024-01-29 09:06:36','2024-01-29 09:06:36'),('ebf0887d-ba82-40f3-a034-2c412db17417',4,3,'307020fd-feab-4045-8213-0583324f5a7a','Necessitatibus eos consequatur quia et saepe. Ut et error occaecati maxime itaque blanditiis. Consequatur nisi fugit est asperiores.','2024-01-29 09:06:36','2024-01-29 09:06:36'),('f1dbb1bc-5ce1-4946-b079-24e4b0b56eb7',2,1,'e79a7355-ba24-466e-8cc2-54fa939d08e5','Aut laborum beatae ipsum sequi. Quibusdam et et exercitationem aut. Praesentium modi est itaque nostrum.','2024-01-29 09:06:36','2024-01-29 09:06:36'),('f8137089-62c9-4df1-978a-3dc911f93749',4,1,'4dd63281-12b6-4e5f-bc25-9e0798218a96','Et dicta provident nisi vel culpa totam. Dolorum reiciendis explicabo necessitatibus amet. Quas a aut rerum numquam vel quae iste ad.','2024-01-29 09:06:36','2024-01-29 09:06:36'),('f8243cc1-c3f8-43a6-a943-87b06bb8f4aa',3,1,'0bd3cda1-bf05-4018-b7d0-622d9a28dd44','Ea et sit eligendi dignissimos rerum facere. Et iste velit quis rerum a sit minus temporibus. Consectetur deleniti quo sed porro doloremque at provident.','2024-01-29 09:06:36','2024-01-29 09:06:36'),('fad60295-77de-42fc-aa7f-8b67dbe6912c',1,3,'da235278-a468-447f-9d0f-13345aeecd09','Amet ab voluptatibus fugit officia. Aut culpa aut aliquid dolor et non. Id sit a asperiores occaecati repudiandae. Cum ut provident ab velit omnis dignissimos inventore.','2024-01-29 09:06:36','2024-01-29 09:06:36');
/*!40000 ALTER TABLE `classes` ENABLE KEYS */;
UNLOCK TABLES;

--
-- Table structure for table `courses`
--

DROP TABLE IF EXISTS `courses`;
/*!40101 SET @saved_cs_client     = @@character_set_client */;
/*!50503 SET character_set_client = utf8mb4 */;
CREATE TABLE `courses` (
  `id` char(36) COLLATE utf8mb4_unicode_ci NOT NULL,
  `name` varchar(255) COLLATE utf8mb4_unicode_ci NOT NULL,
  `coefficient` int NOT NULL,
  `teacher_id` char(36) COLLATE utf8mb4_unicode_ci NOT NULL,
  `classe_id` char(36) COLLATE utf8mb4_unicode_ci NOT NULL,
  `created_at` timestamp NULL DEFAULT NULL,
  `updated_at` timestamp NULL DEFAULT NULL,
  PRIMARY KEY (`id`),
  KEY `courses_teacher_id_foreign` (`teacher_id`),
  KEY `courses_classe_id_foreign` (`classe_id`),
  CONSTRAINT `courses_classe_id_foreign` FOREIGN KEY (`classe_id`) REFERENCES `classes` (`id`) ON DELETE CASCADE ON UPDATE CASCADE,
  CONSTRAINT `courses_teacher_id_foreign` FOREIGN KEY (`teacher_id`) REFERENCES `teachers` (`id`) ON UPDATE CASCADE
) ENGINE=InnoDB DEFAULT CHARSET=utf8mb4 COLLATE=utf8mb4_unicode_ci;
/*!40101 SET character_set_client = @saved_cs_client */;

--
-- Dumping data for table `courses`
--

LOCK TABLES `courses` WRITE;
/*!40000 ALTER TABLE `courses` DISABLE KEYS */;
INSERT INTO `courses` VALUES ('096d322c-1dac-4d8e-9018-93bc39aef61a','Quia est placeat debitis.',45,'da4c1bb1-db7e-4109-9cd7-49ceed1647b9','80cadb59-b7c9-416e-b083-7ae7a7f23a8d','2024-01-30 08:29:01','2024-01-30 08:29:01'),('0a75ab61-88b5-4044-ba52-962677894ee3','Veritatis est ullam.',35,'779f2314-936f-4f2b-89ef-11b31b413adb','cf4f70ca-4ffc-45eb-845e-62e944a610fe','2024-01-30 08:29:01','2024-01-30 08:29:01'),('125235a8-6fce-4072-8548-a2a6e651780a','Veniam consequatur adipisci.',75,'d39f09e4-8cee-4147-8e98-65343435b215','316c0f46-d80e-41ab-8edd-36dbb79ea703','2024-01-30 08:29:00','2024-01-30 08:29:00'),('169c3e60-c4eb-438d-b2b3-f48da6f5b1cb','Adipisci cupiditate architecto voluptatem distinctio.',45,'964e8628-36f3-4d66-883a-2b052dddb2d5','27e15c52-f49c-4955-87d9-98586e16df70','2024-01-30 08:29:00','2024-01-30 08:29:00'),('180d715a-d7f5-466a-ac80-77d2fa1d9bc8','Dolorem sint.',15,'de250e7d-4f06-4a5c-8ef4-a72c43296b9d','b79d0161-4c07-4da1-b566-0a0406f58696','2024-01-30 08:29:00','2024-01-30 08:29:00'),('1b15c840-e2d7-40a1-8577-d10b11f4fcdb','Et repellendus.',45,'cc0925f5-71c0-42e4-a3dc-8f32b793be01','a534651e-433d-4bc6-a1bb-da0cd286ccbd','2024-01-30 08:29:00','2024-01-30 08:29:00'),('2474a1ec-ae41-4021-9ab4-330a9ade2245','Voluptatem nesciunt praesentium praesentium.',95,'0bf15f64-7411-4be3-a667-f15f634b7af4','7e08b0a5-5644-4f83-b8f6-d24959ac1829','2024-01-30 08:29:00','2024-01-30 08:29:00'),('2502dc63-868d-4676-8263-6edbe4ae3654','Eum delectus id id.',25,'964e8628-36f3-4d66-883a-2b052dddb2d5','6a118974-fd25-49a3-91e1-310e39138859','2024-01-30 08:29:00','2024-01-30 08:29:00'),('25da6390-940e-41d6-b7ef-edf6025dce42','Suscipit qui quis aliquid.',5,'dac2519b-b315-45f3-a6f0-9f0ad28177d8','3233ca0f-b417-4715-a934-f47631b2c5bf','2024-01-30 08:29:00','2024-01-30 08:29:00'),('3035ca9b-f4b5-44b4-ac64-94e6fc09ee2b','Sunt quia dolorem voluptates.',85,'de250e7d-4f06-4a5c-8ef4-a72c43296b9d','10a10614-1c1a-479b-88c5-93e99e8eea79','2024-01-30 08:29:00','2024-01-30 08:29:00'),('366d3584-4d36-4910-b3ea-a4103ccf537e','Voluptates error laboriosam.',55,'964e8628-36f3-4d66-883a-2b052dddb2d5','bd790641-b3f4-40e4-8d64-4e42e514d462','2024-01-30 08:29:00','2024-01-30 08:29:00'),('3884b5be-4678-46b9-adcc-6c4917ae0b59','Molestias sit expedita itaque.',65,'d39f09e4-8cee-4147-8e98-65343435b215','cf4f70ca-4ffc-45eb-845e-62e944a610fe','2024-01-30 08:29:00','2024-01-30 08:29:00'),('45e8d98e-6421-44cd-aebf-78e50e328f64','Tempora et.',85,'dac2519b-b315-45f3-a6f0-9f0ad28177d8','7c8116c3-e12c-4053-97ce-91a9498ab12b','2024-01-30 08:29:00','2024-01-30 08:29:00'),('47b07f27-5eb1-4907-9a1d-c595fd29eede','Totam esse ea.',25,'6e851354-0e8a-4380-b93c-777a3f561ec9','453e8d72-e501-4fcb-aeb3-3994c9fd51fe','2024-01-30 08:29:00','2024-01-30 08:29:00'),('50d444b3-bc10-4c8d-bd7a-b5fa82107ce0','Aut minima quae error.',5,'e30e7ae4-0d7f-4794-91be-0f15227a4940','f8243cc1-c3f8-43a6-a943-87b06bb8f4aa','2024-01-30 08:29:00','2024-01-30 08:29:00'),('5104433c-0cf2-4831-9077-696265b45937','Quidem architecto.',75,'5a7a9635-129c-4e86-b173-aa322abec93c','917e2273-a86a-4f8f-8a99-e87117f120ed','2024-01-30 08:29:00','2024-01-30 08:29:00'),('530ad5b9-8545-46de-93db-7a081e060201','Fugiat harum nesciunt maxime.',75,'f8059a82-d952-4f55-bbdf-1e0a21993f21','27e15c52-f49c-4955-87d9-98586e16df70','2024-01-30 08:29:01','2024-01-30 08:29:01'),('587cdf40-3a45-4c28-abdc-1fd4821f4b52','Qui vel eveniet atque.',75,'8ca786ee-3ecf-4863-8c7d-cb653ad081a4','316c0f46-d80e-41ab-8edd-36dbb79ea703','2024-01-30 08:29:00','2024-01-30 08:29:00'),('59bdb5e4-5661-4720-b8e4-aef8386325fd','Sit doloremque.',75,'da4c1bb1-db7e-4109-9cd7-49ceed1647b9','cf4f70ca-4ffc-45eb-845e-62e944a610fe','2024-01-30 08:29:00','2024-01-30 08:29:00'),('6033201b-8609-4577-bab2-10b7796575b9','Laborum quia fugiat.',95,'da4c1bb1-db7e-4109-9cd7-49ceed1647b9','682e501c-cbe1-4aed-bb42-4353c441be14','2024-01-30 08:29:00','2024-01-30 08:29:00'),('614221e4-c59d-4020-887a-c7e596cbaa57','Ipsa dolorem.',5,'da4c1bb1-db7e-4109-9cd7-49ceed1647b9','6a118974-fd25-49a3-91e1-310e39138859','2024-01-30 08:29:00','2024-01-30 08:29:00'),('62c20e23-1272-4ec0-93b0-0a5594693928','Vel modi saepe.',65,'e30e7ae4-0d7f-4794-91be-0f15227a4940','15961c1e-f75a-4a26-bd8b-3812fb6e7622','2024-01-30 08:29:00','2024-01-30 08:29:00'),('66cce02b-944a-4158-a41a-23942df860b3','Dignissimos atque omnis doloribus.',25,'d39f09e4-8cee-4147-8e98-65343435b215','fad60295-77de-42fc-aa7f-8b67dbe6912c','2024-01-30 08:29:00','2024-01-30 08:29:00'),('6967b195-e6fc-4390-87f7-bacdb8775063','Accusamus earum est aspernatur.',5,'8a175721-e9e9-40dc-8d8a-a0929035c096','51c5668b-c588-439b-b3bd-2e4ae54ac2aa','2024-01-30 08:29:00','2024-01-30 08:29:00'),('6ae47d9d-0c23-437e-b2f2-2e26f8fd6df4','Praesentium doloribus inventore quod iste.',65,'8a175721-e9e9-40dc-8d8a-a0929035c096','3233ca0f-b417-4715-a934-f47631b2c5bf','2024-01-30 08:29:00','2024-01-30 08:29:00'),('70a19247-9945-45b0-8791-62b5d9e7c061','Quas rerum deleniti est.',25,'8ca786ee-3ecf-4863-8c7d-cb653ad081a4','bd790641-b3f4-40e4-8d64-4e42e514d462','2024-01-30 08:29:00','2024-01-30 08:29:00'),('878e4207-cd73-4f4d-8a80-73f50e3fb3ee','Dicta et assumenda rem.',75,'8ca786ee-3ecf-4863-8c7d-cb653ad081a4','a534651e-433d-4bc6-a1bb-da0cd286ccbd','2024-01-30 08:29:00','2024-01-30 08:29:00'),('8b06d2e3-479f-4061-96e3-957b4db2d551','Reiciendis non et.',55,'2fc00838-4b4b-4c25-8ca6-4eae59e6a910','10a10614-1c1a-479b-88c5-93e99e8eea79','2024-01-30 08:29:00','2024-01-30 08:29:00'),('91c7f20b-2d90-4a58-acef-20d797ab5ef1','Tempora culpa eius.',95,'0bf15f64-7411-4be3-a667-f15f634b7af4','fad60295-77de-42fc-aa7f-8b67dbe6912c','2024-01-30 08:29:00','2024-01-30 08:29:00'),('952b2e03-bc23-4c74-884b-9460fe715448','Et quis est.',35,'0bf15f64-7411-4be3-a667-f15f634b7af4','d27021ea-95df-4b9e-a049-6424898a28ff','2024-01-30 08:29:00','2024-01-30 08:29:00'),('98ca9596-8199-47ae-bfcd-8e6618de9438','Cumque occaecati quisquam ad et.',25,'e30e7ae4-0d7f-4794-91be-0f15227a4940','f8243cc1-c3f8-43a6-a943-87b06bb8f4aa','2024-01-30 08:29:00','2024-01-30 08:29:00'),('9eda5a92-2f10-4fd5-ba34-d81289d0e0fc','Eius incidunt delectus eveniet.',55,'6e851354-0e8a-4380-b93c-777a3f561ec9','18eceb7a-3c20-465b-9373-a7ade93bdccb','2024-01-30 08:29:00','2024-01-30 08:29:00'),('a0750370-83a1-4255-a1e8-e31d90e448c3','Nisi eius non.',55,'9a66a6a6-e6f1-4168-bb2f-f96b02a56efd','a93c1d0f-d46c-4552-b457-cc15bdabdee2','2024-01-30 08:29:00','2024-01-30 08:29:00'),('a5778f80-c42f-4015-a80c-7f9a603f314d','Aut alias in.',35,'8ca786ee-3ecf-4863-8c7d-cb653ad081a4','453e8d72-e501-4fcb-aeb3-3994c9fd51fe','2024-01-30 08:29:00','2024-01-30 08:29:00'),('a88af8ab-431e-48ea-81ec-8fa9d21a05bc','Sit quae aut.',75,'de250e7d-4f06-4a5c-8ef4-a72c43296b9d','f8243cc1-c3f8-43a6-a943-87b06bb8f4aa','2024-01-30 08:29:00','2024-01-30 08:29:00'),('a8e392fd-43da-4e55-b5a3-6ec5e40412f8','Saepe qui deserunt.',35,'0bf15f64-7411-4be3-a667-f15f634b7af4','6a118974-fd25-49a3-91e1-310e39138859','2024-01-30 08:29:00','2024-01-30 08:29:00'),('bd55df7b-53e6-40f7-8679-3ba9e27abf2d','Quibusdam cumque numquam adipisci.',65,'dac2519b-b315-45f3-a6f0-9f0ad28177d8','e665b766-dc31-44a1-9eda-54328b1e90e2','2024-01-30 08:29:00','2024-01-30 08:29:00'),('bf6a05a7-2af8-48ed-bdbc-5b2fd547596d','Maxime et voluptatem.',85,'da4c1bb1-db7e-4109-9cd7-49ceed1647b9','e665b766-dc31-44a1-9eda-54328b1e90e2','2024-01-30 08:29:01','2024-01-30 08:29:01'),('c073a35b-f32f-4a1b-aaab-c4580c935206','Laudantium et.',5,'779f2314-936f-4f2b-89ef-11b31b413adb','9e6f742d-7fff-4a7e-91aa-e39b75ae7a0c','2024-01-30 08:29:00','2024-01-30 08:29:00'),('c414c39d-3b81-43e6-8cd4-bc236bfddbea','Molestias commodi commodi iusto officiis.',5,'2fc00838-4b4b-4c25-8ca6-4eae59e6a910','80cadb59-b7c9-416e-b083-7ae7a7f23a8d','2024-01-30 08:29:00','2024-01-30 08:29:00'),('c657deb4-51d7-4891-9b54-d8f5ab0f2f36','Quia suscipit consequuntur.',55,'dac2519b-b315-45f3-a6f0-9f0ad28177d8','e665b766-dc31-44a1-9eda-54328b1e90e2','2024-01-30 08:29:01','2024-01-30 08:29:01'),('cafaca73-66c4-4913-9e53-982aea1e8ab5','Repudiandae fuga enim.',25,'8ca786ee-3ecf-4863-8c7d-cb653ad081a4','23f475be-b7b1-4ab6-97b6-4656a58e7639','2024-01-30 08:29:00','2024-01-30 08:29:00'),('d1fe679a-47fe-4a3b-a0dc-7d4b600da80e','Molestiae quos possimus.',15,'d39f09e4-8cee-4147-8e98-65343435b215','5f85cf43-6a4a-4af6-9189-0eb523f2b331','2024-01-30 08:29:00','2024-01-30 08:29:00'),('d91d763c-24b7-4a04-a2ce-44eb0eb1b064','Sint et ab.',65,'9a66a6a6-e6f1-4168-bb2f-f96b02a56efd','9e6f742d-7fff-4a7e-91aa-e39b75ae7a0c','2024-01-30 08:29:00','2024-01-30 08:29:00'),('e2809166-775f-44ff-82ed-715a74a2cfe4','Quas voluptas magni et.',25,'8a175721-e9e9-40dc-8d8a-a0929035c096','bd790641-b3f4-40e4-8d64-4e42e514d462','2024-01-30 08:29:00','2024-01-30 08:29:00'),('e56dcba1-6910-46ab-a3dd-13cda76ad21a','Amet sint eaque praesentium architecto.',75,'5a7a9635-129c-4e86-b173-aa322abec93c','682e501c-cbe1-4aed-bb42-4353c441be14','2024-01-30 08:29:01','2024-01-30 08:29:01'),('e7a6bc8b-11f0-4224-ac8b-2bf6b79a220f','Vero eligendi rerum.',15,'da4c1bb1-db7e-4109-9cd7-49ceed1647b9','7612a27d-3b5e-4302-98ac-1f2685006f4e','2024-01-30 08:29:00','2024-01-30 08:29:00'),('f34518f3-d094-48f7-8a03-eacfd1b5ec8a','Qui recusandae asperiores.',5,'e30e7ae4-0d7f-4794-91be-0f15227a4940','02a52213-a5ae-4ca7-8d1d-06732d675e8c','2024-01-30 08:29:01','2024-01-30 08:29:01'),('fe89f7f4-e965-46a9-8665-537962221f9f','Voluptatem reprehenderit porro.',95,'cc0925f5-71c0-42e4-a3dc-8f32b793be01','3233ca0f-b417-4715-a934-f47631b2c5bf','2024-01-30 08:29:00','2024-01-30 08:29:00'),('ff652993-2f2a-431e-a611-6c36121e3fbb','Saepe at.',85,'779f2314-936f-4f2b-89ef-11b31b413adb','eb9c8b1c-1c9a-45da-b1c0-75ad2de8a757','2024-01-30 08:29:01','2024-01-30 08:29:01');
/*!40000 ALTER TABLE `courses` ENABLE KEYS */;
UNLOCK TABLES;

--
-- Table structure for table `failed_jobs`
--

DROP TABLE IF EXISTS `failed_jobs`;
/*!40101 SET @saved_cs_client     = @@character_set_client */;
/*!50503 SET character_set_client = utf8mb4 */;
CREATE TABLE `failed_jobs` (
  `id` bigint unsigned NOT NULL AUTO_INCREMENT,
  `uuid` varchar(255) COLLATE utf8mb4_unicode_ci NOT NULL,
  `connection` text COLLATE utf8mb4_unicode_ci NOT NULL,
  `queue` text COLLATE utf8mb4_unicode_ci NOT NULL,
  `payload` longtext COLLATE utf8mb4_unicode_ci NOT NULL,
  `exception` longtext COLLATE utf8mb4_unicode_ci NOT NULL,
  `failed_at` timestamp NOT NULL DEFAULT CURRENT_TIMESTAMP,
  PRIMARY KEY (`id`),
  UNIQUE KEY `failed_jobs_uuid_unique` (`uuid`)
) ENGINE=InnoDB DEFAULT CHARSET=utf8mb4 COLLATE=utf8mb4_unicode_ci;
/*!40101 SET character_set_client = @saved_cs_client */;

--
-- Dumping data for table `failed_jobs`
--

LOCK TABLES `failed_jobs` WRITE;
/*!40000 ALTER TABLE `failed_jobs` DISABLE KEYS */;
/*!40000 ALTER TABLE `failed_jobs` ENABLE KEYS */;
UNLOCK TABLES;

--
-- Table structure for table `genders`
--

DROP TABLE IF EXISTS `genders`;
/*!40101 SET @saved_cs_client     = @@character_set_client */;
/*!50503 SET character_set_client = utf8mb4 */;
CREATE TABLE `genders` (
  `id` bigint unsigned NOT NULL AUTO_INCREMENT,
  `name` varchar(255) COLLATE utf8mb4_unicode_ci NOT NULL,
  `created_at` timestamp NULL DEFAULT NULL,
  `updated_at` timestamp NULL DEFAULT NULL,
  PRIMARY KEY (`id`)
) ENGINE=InnoDB AUTO_INCREMENT=3 DEFAULT CHARSET=utf8mb4 COLLATE=utf8mb4_unicode_ci;
/*!40101 SET character_set_client = @saved_cs_client */;

--
-- Dumping data for table `genders`
--

LOCK TABLES `genders` WRITE;
/*!40000 ALTER TABLE `genders` DISABLE KEYS */;
INSERT INTO `genders` VALUES (1,'homme',NULL,NULL),(2,'femme',NULL,NULL);
/*!40000 ALTER TABLE `genders` ENABLE KEYS */;
UNLOCK TABLES;

--
-- Table structure for table `guardian_student`
--

DROP TABLE IF EXISTS `guardian_student`;
/*!40101 SET @saved_cs_client     = @@character_set_client */;
/*!50503 SET character_set_client = utf8mb4 */;
CREATE TABLE `guardian_student` (
  `guardian_id` char(36) COLLATE utf8mb4_unicode_ci NOT NULL,
  `student_id` char(36) COLLATE utf8mb4_unicode_ci NOT NULL,
  `created_at` timestamp NULL DEFAULT NULL,
  `updated_at` timestamp NULL DEFAULT NULL,
  KEY `guardian_student_guardian_id_foreign` (`guardian_id`),
  KEY `guardian_student_student_id_foreign` (`student_id`),
  CONSTRAINT `guardian_student_guardian_id_foreign` FOREIGN KEY (`guardian_id`) REFERENCES `guardians` (`id`) ON UPDATE CASCADE,
  CONSTRAINT `guardian_student_student_id_foreign` FOREIGN KEY (`student_id`) REFERENCES `students` (`id`) ON UPDATE CASCADE
) ENGINE=InnoDB DEFAULT CHARSET=utf8mb4 COLLATE=utf8mb4_unicode_ci;
/*!40101 SET character_set_client = @saved_cs_client */;

--
-- Dumping data for table `guardian_student`
--

LOCK TABLES `guardian_student` WRITE;
/*!40000 ALTER TABLE `guardian_student` DISABLE KEYS */;
/*!40000 ALTER TABLE `guardian_student` ENABLE KEYS */;
UNLOCK TABLES;

--
-- Table structure for table `guardians`
--

DROP TABLE IF EXISTS `guardians`;
/*!40101 SET @saved_cs_client     = @@character_set_client */;
/*!50503 SET character_set_client = utf8mb4 */;
CREATE TABLE `guardians` (
  `id` char(36) COLLATE utf8mb4_unicode_ci NOT NULL,
  `profession_id` bigint unsigned NOT NULL,
  `created_at` timestamp NULL DEFAULT NULL,
  `updated_at` timestamp NULL DEFAULT NULL,
  PRIMARY KEY (`id`),
  KEY `guardians_profession_id_foreign` (`profession_id`),
  CONSTRAINT `guardians_profession_id_foreign` FOREIGN KEY (`profession_id`) REFERENCES `professions` (`id`) ON UPDATE CASCADE
) ENGINE=InnoDB DEFAULT CHARSET=utf8mb4 COLLATE=utf8mb4_unicode_ci;
/*!40101 SET character_set_client = @saved_cs_client */;

--
-- Dumping data for table `guardians`
--

LOCK TABLES `guardians` WRITE;
/*!40000 ALTER TABLE `guardians` DISABLE KEYS */;
INSERT INTO `guardians` VALUES ('01b451e3-e43f-4c2b-b0dc-d2218e4f7435',15,'2024-01-30 08:37:34','2024-01-30 08:37:34'),('03e58700-6c9e-4f3d-a77c-be9e8f6e787e',36,'2024-01-30 08:37:34','2024-01-30 08:37:34'),('0c0314e9-6c11-431f-8308-0045e3139bee',16,'2024-01-30 08:37:34','2024-01-30 08:37:34'),('17290c3c-0afd-492c-8882-148d5fb850ab',5,'2024-01-30 08:37:34','2024-01-30 08:37:34'),('182f3f6e-8433-467c-ad69-66905d80f3e5',18,'2024-01-30 08:37:34','2024-01-30 08:37:34'),('1d6a355e-8715-43f6-87dd-e1126cbf0bda',47,'2024-01-30 08:37:34','2024-01-30 08:37:34'),('27b0b87a-4726-4e23-9841-e915ec28cbde',47,'2024-01-30 08:37:34','2024-01-30 08:37:34'),('2ee9604d-a733-4229-844d-1733f2091005',53,'2024-01-30 08:37:34','2024-01-30 08:37:34'),('33ee28dc-9ded-41b4-a463-27ad1753a198',2,'2024-01-30 08:37:34','2024-01-30 08:37:34'),('3b096ad9-1983-40ed-b566-0091fdded99b',45,'2024-01-30 08:37:34','2024-01-30 08:37:34'),('3c044387-1f54-45b6-85cb-2a3ba8bffd64',20,'2024-01-30 08:37:34','2024-01-30 08:37:34'),('42f4172c-546b-4760-80a6-3291926ed54f',20,'2024-01-30 08:37:34','2024-01-30 08:37:34'),('5c275b35-0517-4da5-8fbd-d2bd775c1a40',18,'2024-01-30 08:37:34','2024-01-30 08:37:34'),('5e843c82-306c-41b4-9492-be679032a61c',11,'2024-01-30 08:37:34','2024-01-30 08:37:34'),('5eb2f338-5145-4ca0-91cf-eadd5e5d5d59',54,'2024-01-30 08:37:34','2024-01-30 08:37:34'),('6c5ba193-8270-4af7-8644-d25dda879adf',19,'2024-01-30 08:37:34','2024-01-30 08:37:34'),('71652802-34fc-4421-9bc3-d0d5b6008525',41,'2024-01-30 08:37:34','2024-01-30 08:37:34'),('7437348b-832b-4c44-9380-0519d3b32997',19,'2024-01-30 08:37:34','2024-01-30 08:37:34'),('74cdb3c0-6799-4bc0-98f4-2b78e8fc8019',36,'2024-01-30 08:37:34','2024-01-30 08:37:34'),('759a9598-fdc3-4ffe-92bd-d4cf19d757ac',12,'2024-01-30 08:37:34','2024-01-30 08:37:34'),('80e814b4-528c-442a-bf62-47dcc3c9d965',8,'2024-01-30 08:37:34','2024-01-30 08:37:34'),('8105c235-ccd7-4762-b64d-0dbcb246a9f9',24,'2024-01-30 08:37:34','2024-01-30 08:37:34'),('836b1b43-36f5-4933-a1ce-b17ae9e5278f',3,'2024-01-30 08:37:34','2024-01-30 08:37:34'),('8446d2c0-d2ea-4857-94d3-49fb4e9bebdc',38,'2024-01-30 08:37:34','2024-01-30 08:37:34'),('8d4a5d7c-7480-462e-8411-109960e1188c',16,'2024-01-30 08:37:34','2024-01-30 08:37:34'),('8dd0f6cf-4ca0-420f-9031-023c0e6fbc53',21,'2024-01-30 08:37:34','2024-01-30 08:37:34'),('926ed111-3edb-453c-9d76-6145be2d8ea7',27,'2024-01-30 08:37:34','2024-01-30 08:37:34'),('947d67e9-3669-4f5a-aecd-fea6083fc70e',23,'2024-01-30 08:37:34','2024-01-30 08:37:34'),('995735fc-6d0c-4efe-9da0-9cd76a01dcb3',48,'2024-01-30 08:37:34','2024-01-30 08:37:34'),('9a2de427-174e-44ee-904b-e8b809a1a03f',10,'2024-01-30 08:37:34','2024-01-30 08:37:34'),('9bf295c4-7ff4-453b-a7b5-c5cfaccb2a01',24,'2024-01-30 08:37:34','2024-01-30 08:37:34'),('9f37ab48-7ab1-46eb-bc83-75bc6f3c848c',45,'2024-01-30 08:37:34','2024-01-30 08:37:34'),('a057baa3-ae4b-4678-8db8-591e9df503f4',1,'2024-01-30 08:37:34','2024-01-30 08:37:34'),('a5bcb855-45ce-46ad-8880-376e467ecd5a',15,'2024-01-30 08:37:34','2024-01-30 08:37:34'),('a6801810-d783-4370-a9d2-c31d9437dce9',8,'2024-01-30 08:37:34','2024-01-30 08:37:34'),('a6e188de-f24f-4801-8cce-9bb1da912c99',46,'2024-01-30 08:37:34','2024-01-30 08:37:34'),('aba5cf9c-bc35-4822-8b6f-0738fdd92ce4',5,'2024-01-30 08:37:34','2024-01-30 08:37:34'),('b03d29c3-cd80-4161-84f6-023048cb6a3a',30,'2024-01-30 08:37:34','2024-01-30 08:37:34'),('b0a7f91f-4dc0-44cf-a97c-eb2a82785f3e',35,'2024-01-30 08:37:34','2024-01-30 08:37:34'),('b325acbc-affe-4c6b-8bb3-9d3d5c63cc03',38,'2024-01-30 08:37:34','2024-01-30 08:37:34'),('b3310300-60fd-436f-9c9e-5a35d580ce13',20,'2024-01-30 08:37:34','2024-01-30 08:37:34'),('b7076f10-61d4-43d6-95d9-5e54c75ddcb6',42,'2024-01-30 08:37:34','2024-01-30 08:37:34'),('b7b25f7b-c35c-440f-9c03-3aeccb739155',47,'2024-01-30 08:37:34','2024-01-30 08:37:34'),('be31aa23-2a73-4005-8bed-94721888bf54',8,'2024-01-30 08:37:34','2024-01-30 08:37:34'),('c06b9bda-09d8-4998-898d-d0c41460c59c',18,'2024-01-30 08:37:34','2024-01-30 08:37:34'),('c479ec45-9b36-4f23-9c1b-2b3fa33dddb0',37,'2024-01-30 08:37:34','2024-01-30 08:37:34'),('ca9bc114-c475-4510-87dd-5de16abe5764',11,'2024-01-30 08:37:34','2024-01-30 08:37:34'),('cd45e38f-87db-4d19-a3e7-43fc2b51646d',16,'2024-01-30 08:37:34','2024-01-30 08:37:34'),('cda61aa0-b921-4a53-bfbf-922654b32c92',40,'2024-01-30 08:37:34','2024-01-30 08:37:34'),('ce163180-7a52-475e-83bf-7795c521fdee',40,'2024-01-30 08:37:34','2024-01-30 08:37:34'),('d34b1891-5b7f-495f-afa0-f7dd9ee8baee',9,'2024-01-30 08:37:34','2024-01-30 08:37:34'),('d45a7056-5fe3-4d30-9b4d-b2ac075675cd',20,'2024-01-30 08:37:34','2024-01-30 08:37:34'),('d96306ff-790f-468e-b838-38e4a5d96661',31,'2024-01-30 08:37:34','2024-01-30 08:37:34'),('dd19c559-474e-4cbc-9335-fee58177a961',27,'2024-01-30 08:37:34','2024-01-30 08:37:34'),('ddac6ad6-d009-4f74-bbb7-ec4f91b4d135',44,'2024-01-30 08:37:34','2024-01-30 08:37:34'),('dddb67d0-9b1d-4cac-98ac-2da9e485b12d',31,'2024-01-30 08:37:34','2024-01-30 08:37:34'),('e16f637f-63ae-4e2d-add8-ced460211b27',16,'2024-01-30 08:37:34','2024-01-30 08:37:34'),('ec4b306b-7c7e-4ef9-b09c-162dfd51f34b',31,'2024-01-30 08:37:34','2024-01-30 08:37:34'),('f17755e8-2076-452e-9c2d-6ad1076269a2',34,'2024-01-30 08:37:34','2024-01-30 08:37:34'),('f1dd6806-8fe0-44a5-87fb-cc08e1a60101',33,'2024-01-30 08:37:34','2024-01-30 08:37:34'),('f332ec3d-273d-4b4b-9e42-4f6e016fe11f',48,'2024-01-30 08:37:34','2024-01-30 08:37:34'),('f4e949b5-d5f9-4500-bdf3-317744ea27b4',9,'2024-01-30 08:37:34','2024-01-30 08:37:34'),('f6fd1d9d-fcd0-46ff-9d83-a10764a9b97d',48,'2024-01-30 08:37:34','2024-01-30 08:37:34'),('fbfffcba-ff44-4769-87f0-26a3665f7b46',12,'2024-01-30 08:37:34','2024-01-30 08:37:34'),('fcca25c8-3503-4f16-af23-a5ad5b5be10b',31,'2024-01-30 08:37:34','2024-01-30 08:37:34');
/*!40000 ALTER TABLE `guardians` ENABLE KEYS */;
UNLOCK TABLES;

--
-- Table structure for table `levels`
--

DROP TABLE IF EXISTS `levels`;
/*!40101 SET @saved_cs_client     = @@character_set_client */;
/*!50503 SET character_set_client = utf8mb4 */;
CREATE TABLE `levels` (
  `id` bigint unsigned NOT NULL AUTO_INCREMENT,
  `name` varchar(255) COLLATE utf8mb4_unicode_ci NOT NULL,
  `code` varchar(255) COLLATE utf8mb4_unicode_ci NOT NULL,
  `created_at` timestamp NULL DEFAULT NULL,
  `updated_at` timestamp NULL DEFAULT NULL,
  PRIMARY KEY (`id`)
) ENGINE=InnoDB AUTO_INCREMENT=7 DEFAULT CHARSET=utf8mb4 COLLATE=utf8mb4_unicode_ci;
/*!40101 SET character_set_client = @saved_cs_client */;

--
-- Dumping data for table `levels`
--

LOCK TABLES `levels` WRITE;
/*!40000 ALTER TABLE `levels` DISABLE KEYS */;
INSERT INTO `levels` VALUES (1,'premier(e)','1',NULL,NULL),(2,'deuxième','2',NULL,NULL),(3,'troisième','3',NULL,NULL),(4,'quatrième','4',NULL,NULL),(5,'cinquième','5',NULL,NULL),(6,'sixième','6',NULL,NULL);
/*!40000 ALTER TABLE `levels` ENABLE KEYS */;
UNLOCK TABLES;

--
-- Table structure for table `migrations`
--

DROP TABLE IF EXISTS `migrations`;
/*!40101 SET @saved_cs_client     = @@character_set_client */;
/*!50503 SET character_set_client = utf8mb4 */;
CREATE TABLE `migrations` (
  `id` int unsigned NOT NULL AUTO_INCREMENT,
  `migration` varchar(255) COLLATE utf8mb4_unicode_ci NOT NULL,
  `batch` int NOT NULL,
  PRIMARY KEY (`id`)
) ENGINE=InnoDB AUTO_INCREMENT=78 DEFAULT CHARSET=utf8mb4 COLLATE=utf8mb4_unicode_ci;
/*!40101 SET character_set_client = @saved_cs_client */;

--
-- Dumping data for table `migrations`
--

LOCK TABLES `migrations` WRITE;
/*!40000 ALTER TABLE `migrations` DISABLE KEYS */;
INSERT INTO `migrations` VALUES (1,'2014_10_12_000000_create_users_table',1),(2,'2014_10_12_100000_create_password_resets_table',1),(3,'2019_08_19_000000_create_failed_jobs_table',1),(4,'2019_12_14_000001_create_personal_access_tokens_table',1),(9,'2024_01_25_095113_create_provinces_table',2),(10,'2024_01_25_095135_create_cities_table',2),(11,'2024_01_25_102718_create_schools_table',3),(12,'2024_01_25_104414_create_levels_table',3),(16,'2024_01_25_104506_create_sections_table',4),(17,'2024_01_25_104618_create_classes_table',4),(18,'2024_01_25_105547_create_genders_table',4),(19,'2024_01_25_105722_create_guardians_table',4),(20,'2024_01_25_105737_create_students_table',4),(21,'2024_01_25_112121_create_pivot_table_guardian_student',5),(22,'2024_01_25_112624_create_professions_table',6),(23,'2024_01_29_095620_remove_column_province_id_in_schools_table',7),(44,'2024_01_29_101810_remove_commun_columns_in_students_table',8),(70,'2024_01_30_082845_create_priorities_table',9),(71,'2024_01_30_083122_create_roles_table',9),(72,'2024_01_30_083452_update_columns_in_users_table',9),(73,'2024_01_30_083624_create_pivot_table_role_user',9),(74,'2024_01_30_083752_update_columns_in_guardianss_table',9),(75,'2024_01_30_083904_create_teachers_table',9),(77,'2024_01_30_083947_create_courses_table',10);
/*!40000 ALTER TABLE `migrations` ENABLE KEYS */;
UNLOCK TABLES;

--
-- Table structure for table `password_resets`
--

DROP TABLE IF EXISTS `password_resets`;
/*!40101 SET @saved_cs_client     = @@character_set_client */;
/*!50503 SET character_set_client = utf8mb4 */;
CREATE TABLE `password_resets` (
  `email` varchar(255) COLLATE utf8mb4_unicode_ci NOT NULL,
  `token` varchar(255) COLLATE utf8mb4_unicode_ci NOT NULL,
  `created_at` timestamp NULL DEFAULT NULL,
  KEY `password_resets_email_index` (`email`)
) ENGINE=InnoDB DEFAULT CHARSET=utf8mb4 COLLATE=utf8mb4_unicode_ci;
/*!40101 SET character_set_client = @saved_cs_client */;

--
-- Dumping data for table `password_resets`
--

LOCK TABLES `password_resets` WRITE;
/*!40000 ALTER TABLE `password_resets` DISABLE KEYS */;
/*!40000 ALTER TABLE `password_resets` ENABLE KEYS */;
UNLOCK TABLES;

--
-- Table structure for table `personal_access_tokens`
--

DROP TABLE IF EXISTS `personal_access_tokens`;
/*!40101 SET @saved_cs_client     = @@character_set_client */;
/*!50503 SET character_set_client = utf8mb4 */;
CREATE TABLE `personal_access_tokens` (
  `id` bigint unsigned NOT NULL AUTO_INCREMENT,
  `tokenable_type` varchar(255) COLLATE utf8mb4_unicode_ci NOT NULL,
  `tokenable_id` bigint unsigned NOT NULL,
  `name` varchar(255) COLLATE utf8mb4_unicode_ci NOT NULL,
  `token` varchar(64) COLLATE utf8mb4_unicode_ci NOT NULL,
  `abilities` text COLLATE utf8mb4_unicode_ci,
  `last_used_at` timestamp NULL DEFAULT NULL,
  `created_at` timestamp NULL DEFAULT NULL,
  `updated_at` timestamp NULL DEFAULT NULL,
  PRIMARY KEY (`id`),
  UNIQUE KEY `personal_access_tokens_token_unique` (`token`),
  KEY `personal_access_tokens_tokenable_type_tokenable_id_index` (`tokenable_type`,`tokenable_id`)
) ENGINE=InnoDB DEFAULT CHARSET=utf8mb4 COLLATE=utf8mb4_unicode_ci;
/*!40101 SET character_set_client = @saved_cs_client */;

--
-- Dumping data for table `personal_access_tokens`
--

LOCK TABLES `personal_access_tokens` WRITE;
/*!40000 ALTER TABLE `personal_access_tokens` DISABLE KEYS */;
/*!40000 ALTER TABLE `personal_access_tokens` ENABLE KEYS */;
UNLOCK TABLES;

--
-- Table structure for table `priorities`
--

DROP TABLE IF EXISTS `priorities`;
/*!40101 SET @saved_cs_client     = @@character_set_client */;
/*!50503 SET character_set_client = utf8mb4 */;
CREATE TABLE `priorities` (
  `id` bigint unsigned NOT NULL AUTO_INCREMENT,
  `name` varchar(255) COLLATE utf8mb4_unicode_ci NOT NULL,
  `created_at` timestamp NULL DEFAULT NULL,
  `updated_at` timestamp NULL DEFAULT NULL,
  PRIMARY KEY (`id`)
) ENGINE=InnoDB AUTO_INCREMENT=5 DEFAULT CHARSET=utf8mb4 COLLATE=utf8mb4_unicode_ci;
/*!40101 SET character_set_client = @saved_cs_client */;

--
-- Dumping data for table `priorities`
--

LOCK TABLES `priorities` WRITE;
/*!40000 ALTER TABLE `priorities` DISABLE KEYS */;
INSERT INTO `priorities` VALUES (1,'all',NULL,NULL),(2,'low',NULL,NULL),(3,'medium',NULL,NULL),(4,'high',NULL,NULL);
/*!40000 ALTER TABLE `priorities` ENABLE KEYS */;
UNLOCK TABLES;

--
-- Table structure for table `professions`
--

DROP TABLE IF EXISTS `professions`;
/*!40101 SET @saved_cs_client     = @@character_set_client */;
/*!50503 SET character_set_client = utf8mb4 */;
CREATE TABLE `professions` (
  `id` bigint unsigned NOT NULL AUTO_INCREMENT,
  `name` varchar(255) COLLATE utf8mb4_unicode_ci NOT NULL,
  `created_at` timestamp NULL DEFAULT NULL,
  `updated_at` timestamp NULL DEFAULT NULL,
  PRIMARY KEY (`id`)
) ENGINE=InnoDB AUTO_INCREMENT=56 DEFAULT CHARSET=utf8mb4 COLLATE=utf8mb4_unicode_ci;
/*!40101 SET character_set_client = @saved_cs_client */;

--
-- Dumping data for table `professions`
--

LOCK TABLES `professions` WRITE;
/*!40000 ALTER TABLE `professions` DISABLE KEYS */;
INSERT INTO `professions` VALUES (1,'Etudiant','2023-11-21 10:04:47','2023-11-21 10:04:47'),(2,'Pasteur','2023-11-21 10:04:47','2023-11-21 10:04:47'),(3,'Menagère','2023-11-21 10:04:47','2023-11-21 10:04:47'),(4,'Téléconseiller','2023-11-21 10:04:47','2023-11-21 10:04:47'),(5,'Ingénieur logiciel','2023-11-21 10:04:47','2023-11-21 10:04:47'),(6,'Médecin','2023-11-21 10:04:47','2023-11-21 10:04:47'),(7,'Enseignant','2023-11-21 10:04:47','2023-11-21 10:04:47'),(8,'Avocat','2023-11-21 10:04:47','2023-11-21 10:04:47'),(9,'Architecte','2023-11-21 10:04:47','2023-11-21 10:04:47'),(10,'Comptable','2023-11-21 10:04:47','2023-11-21 10:04:47'),(11,'Infirmier','2023-11-21 10:04:47','2023-11-21 10:04:47'),(12,'Artiste','2023-11-21 10:04:47','2023-11-21 10:04:47'),(13,'Journaliste','2023-11-21 10:04:47','2023-11-21 10:04:47'),(14,'Chef cuisinier','2023-11-21 10:04:47','2023-11-21 10:04:47'),(15,'Policier','2023-11-21 10:04:47','2023-11-21 10:04:47'),(16,'Pompier','2023-11-21 10:04:47','2023-11-21 10:04:47'),(17,'Plombier','2023-11-21 10:04:47','2023-11-21 10:04:47'),(18,'Électricien','2023-11-21 10:04:47','2023-11-21 10:04:47'),(19,'Entrepreneur','2023-11-21 10:04:47','2023-11-21 10:04:47'),(20,'Designer graphique','2023-11-21 10:04:47','2023-11-21 10:04:47'),(21,'Agriculteur','2023-11-21 10:04:47','2023-11-21 10:04:47'),(22,'Pharmacien','2023-11-21 10:04:47','2023-11-21 10:04:47'),(23,'Psychologue','2023-11-21 10:04:47','2023-11-21 10:04:47'),(24,'Scientifique de données','2023-11-21 10:04:47','2023-11-21 10:04:47'),(25,'Analyste financier','2023-11-21 10:04:47','2023-11-21 10:04:47'),(26,'Ingénieur civil','2023-11-21 10:04:47','2023-11-21 10:04:47'),(27,'Écrivain','2023-11-21 10:04:47','2023-11-21 10:04:47'),(28,'Photographe','2023-11-21 10:04:47','2023-11-21 10:04:47'),(29,'Musicien','2023-11-21 10:04:47','2023-11-21 10:04:47'),(30,'Acteur','2023-11-21 10:04:47','2023-11-21 10:04:47'),(31,'Consultant en management','2023-11-21 10:04:47','2023-11-21 10:04:47'),(32,'Chauffeur de taxi','2023-11-21 10:04:47','2023-11-21 10:04:47'),(33,'Boulanger','2023-11-21 10:04:47','2023-11-21 10:04:47'),(34,'Agent immobilier','2023-11-21 10:04:47','2023-11-21 10:04:47'),(35,'Athlète professionnel','2023-11-21 10:04:47','2023-11-21 10:04:47'),(36,'Traducteur','2023-11-21 10:04:47','2023-11-21 10:04:47'),(37,'Animateur radio/TV','2023-11-21 10:04:47','2023-11-21 10:04:47'),(38,'Assistant administratif','2023-11-21 10:04:47','2023-11-21 10:04:47'),(39,'Technicien de laboratoire','2023-11-21 10:04:47','2023-11-21 10:04:47'),(40,'Chirurgien-dentiste','2023-11-21 10:04:47','2023-11-21 10:04:47'),(41,'Développeur web','2023-11-21 10:04:47','2023-11-21 10:04:47'),(42,'Spécialiste des ressources humaines','2023-11-21 10:04:47','2023-11-21 10:04:47'),(43,'Juge','2023-11-21 10:04:47','2023-11-21 10:04:47'),(44,'Agent de voyage','2023-11-21 10:04:47','2023-11-21 10:04:47'),(45,'Conseiller financier','2023-11-21 10:04:47','2023-11-21 10:04:47'),(46,'Directeur de projet','2023-11-21 10:04:47','2023-11-21 10:04:47'),(47,'Garde forestier','2023-11-21 10:04:47','2023-11-21 10:04:47'),(48,'Secrétaire','2023-11-21 10:04:47','2023-11-21 10:04:47'),(49,'Géologue','2023-11-21 10:04:47','2023-11-21 10:04:47'),(50,'Bibliothécaire','2023-11-21 10:04:47','2023-11-21 10:04:47'),(51,'Économiste','2023-11-21 10:04:47','2023-11-21 10:04:47'),(52,'Conducteur de bus','2023-11-21 10:04:47','2023-11-21 10:04:47'),(53,'Courtier en bourse','2023-11-21 10:04:47','2023-11-21 10:04:47'),(54,'Gestionnaire de projet','2023-11-21 10:04:47','2023-11-21 10:04:47'),(55,'Développeur informaticien','2023-11-21 11:42:15','2023-11-21 11:42:15');
/*!40000 ALTER TABLE `professions` ENABLE KEYS */;
UNLOCK TABLES;

--
-- Table structure for table `provinces`
--

DROP TABLE IF EXISTS `provinces`;
/*!40101 SET @saved_cs_client     = @@character_set_client */;
/*!50503 SET character_set_client = utf8mb4 */;
CREATE TABLE `provinces` (
  `id` varchar(255) COLLATE utf8mb4_unicode_ci NOT NULL,
  `name` varchar(255) COLLATE utf8mb4_unicode_ci NOT NULL,
  `created_at` timestamp NULL DEFAULT NULL,
  `updated_at` timestamp NULL DEFAULT NULL,
  PRIMARY KEY (`id`)
) ENGINE=InnoDB DEFAULT CHARSET=utf8mb4 COLLATE=utf8mb4_unicode_ci;
/*!40101 SET character_set_client = @saved_cs_client */;

--
-- Dumping data for table `provinces`
--

LOCK TABLES `provinces` WRITE;
/*!40000 ALTER TABLE `provinces` DISABLE KEYS */;
INSERT INTO `provinces` VALUES ('03ca9bf1-39b7-4d5c-8881-c0eb58b8fcc8','Kwilu','2024-01-25 09:25:14','2024-01-25 09:25:14'),('06a1b824-19ee-4e7c-9d39-076cadb3c6b5','Haut-Katanga','2024-01-25 09:25:13','2024-01-25 09:25:13'),('0bc9244e-9ec6-4bca-a575-c6c27c59a201','Bas-Uélé','2024-01-25 09:25:13','2024-01-25 09:25:13'),('274a23cb-a720-408b-9237-900b48540776','Kongo Central','2024-01-25 09:25:13','2024-01-25 09:25:13'),('3235809a-607a-41cf-aedb-807cbf3444b8','Kwango','2024-01-25 09:25:14','2024-01-25 09:25:14'),('364b7026-7b44-4534-adf2-957016b71779','Sud-Kivu','2024-01-25 09:25:14','2024-01-25 09:25:14'),('3c9b263b-bf18-4cb7-bc41-6aa51a24f82b','Ituri','2024-01-25 09:25:13','2024-01-25 09:25:13'),('4c6af4e8-fe77-459f-a635-49827dfbe86a','Mongala','2024-01-25 09:25:14','2024-01-25 09:25:14'),('6493e17a-034c-4a0b-9cd8-2448378d28d1','Maniema','2024-01-25 09:25:14','2024-01-25 09:25:14'),('6ab2b671-15dc-4dc2-952b-e32a924629d7','Kinshasa','2024-01-25 09:25:13','2024-01-25 09:25:13'),('723ad81a-efe3-4b12-8d1a-0b92801e7841','Haut-Uélé','2024-01-25 09:25:13','2024-01-25 09:25:13'),('75ab4b46-a348-43e1-b41a-ccb9114686bc','Lomami','2024-01-25 09:25:14','2024-01-25 09:25:14'),('86255d14-5cac-468e-a33e-e6a915507505','Kasaï Oriental','2024-01-25 09:25:13','2024-01-25 09:25:13'),('a1dda58c-8a55-4130-8764-2cf78755db59','Équateur','2024-01-25 09:25:13','2024-01-25 09:25:13'),('a3cb60cc-61d1-4ada-b39c-aebd383413ca','Sankuru','2024-01-25 09:25:14','2024-01-25 09:25:14'),('b4022db7-133f-4a3f-8285-ab08a3f0afcc','Lualaba','2024-01-25 09:25:14','2024-01-25 09:25:14'),('c8b16744-7aeb-4684-8695-30824e1b7922','Tshuapa','2024-01-25 09:25:14','2024-01-25 09:25:14'),('c954f9a2-b75b-4d09-801c-6469bdac2447','Tshopo','2024-01-25 09:25:14','2024-01-25 09:25:14'),('d0e91a66-65f4-44a0-93f9-3ba73c27ee26','Nord-Ubangi','2024-01-25 09:25:14','2024-01-25 09:25:14'),('d6ecb019-e8c3-4058-b9b3-7fe9b3f9e1d3','Tanganyika','2024-01-25 09:25:14','2024-01-25 09:25:14'),('dde9a53f-e02a-484f-b82f-39a77df22c4e','Mai-Ndombe','2024-01-25 09:25:14','2024-01-25 09:25:14'),('de2d1599-badd-42d9-894a-8063ce1dc779','Nord-Kivu','2024-01-25 09:25:14','2024-01-25 09:25:14'),('f5202319-ccbd-4703-8a31-c1c93b28f4cb','Kasaï','2024-01-25 09:25:13','2024-01-25 09:25:13'),('f630a635-77d1-4232-8395-6aae8ccd4235','Haut-Lomami','2024-01-25 09:25:13','2024-01-25 09:25:13'),('fa900d38-0dd9-472c-a619-37608ec01080','Sud-Ubangi','2024-01-25 09:25:14','2024-01-25 09:25:14'),('fde1f64f-cdb4-45ec-8f6f-9f2009308ea2','Kasaï Central','2024-01-25 09:25:13','2024-01-25 09:25:13');
/*!40000 ALTER TABLE `provinces` ENABLE KEYS */;
UNLOCK TABLES;

--
-- Table structure for table `role_user`
--

DROP TABLE IF EXISTS `role_user`;
/*!40101 SET @saved_cs_client     = @@character_set_client */;
/*!50503 SET character_set_client = utf8mb4 */;
CREATE TABLE `role_user` (
  `user_id` char(36) COLLATE utf8mb4_unicode_ci NOT NULL,
  `role_id` bigint unsigned NOT NULL,
  `created_at` timestamp NULL DEFAULT NULL,
  `updated_at` timestamp NULL DEFAULT NULL,
  KEY `role_user_user_id_foreign` (`user_id`),
  KEY `role_user_role_id_foreign` (`role_id`),
  CONSTRAINT `role_user_role_id_foreign` FOREIGN KEY (`role_id`) REFERENCES `roles` (`id`) ON DELETE CASCADE ON UPDATE CASCADE,
  CONSTRAINT `role_user_user_id_foreign` FOREIGN KEY (`user_id`) REFERENCES `users` (`id`) ON DELETE CASCADE ON UPDATE CASCADE
) ENGINE=InnoDB DEFAULT CHARSET=utf8mb4 COLLATE=utf8mb4_unicode_ci;
/*!40101 SET character_set_client = @saved_cs_client */;

--
-- Dumping data for table `role_user`
--

LOCK TABLES `role_user` WRITE;
/*!40000 ALTER TABLE `role_user` DISABLE KEYS */;
INSERT INTO `role_user` VALUES ('8c8d87a2-578d-4a7e-b9d6-2f28928d4124',2,NULL,NULL),('8c8d87a2-578d-4a7e-b9d6-2f28928d4124',2,NULL,NULL),('bfe5b808-8f17-4abe-843a-a3a74e41a26c',2,NULL,NULL),('bfe5b808-8f17-4abe-843a-a3a74e41a26c',3,NULL,NULL),('91b31081-a6db-4a35-b532-2559f51c72d4',2,NULL,NULL),('91b31081-a6db-4a35-b532-2559f51c72d4',2,NULL,NULL),('ae09d282-f1f8-48b9-a64f-e6d799928bfa',2,NULL,NULL),('ae09d282-f1f8-48b9-a64f-e6d799928bfa',3,NULL,NULL),('8979bb50-1789-4843-8205-d5c1a7d10079',2,NULL,NULL),('8979bb50-1789-4843-8205-d5c1a7d10079',1,NULL,NULL),('4f5b3776-bc5d-4c8e-8329-68bb3b380dcd',2,NULL,NULL),('4f5b3776-bc5d-4c8e-8329-68bb3b380dcd',4,NULL,NULL),('ba066a6b-20d1-4043-ba8e-9e2252ac7e04',2,NULL,NULL),('ba066a6b-20d1-4043-ba8e-9e2252ac7e04',4,NULL,NULL),('5b9b7d6c-6811-45dc-8fb3-b163af6150b6',2,NULL,NULL),('5b9b7d6c-6811-45dc-8fb3-b163af6150b6',2,NULL,NULL),('c525305e-d9cb-4e1b-b86e-e11f1494573f',2,NULL,NULL),('c525305e-d9cb-4e1b-b86e-e11f1494573f',1,NULL,NULL),('f191f428-8056-4990-95fa-36dc5ba67401',2,NULL,NULL),('f191f428-8056-4990-95fa-36dc5ba67401',4,NULL,NULL),('1ed65cb0-d788-4fbf-8803-de8fef20e6ed',2,NULL,NULL),('1ed65cb0-d788-4fbf-8803-de8fef20e6ed',3,NULL,NULL),('df94ae36-c207-45c0-ac1c-a83a277fb4b8',2,NULL,NULL),('df94ae36-c207-45c0-ac1c-a83a277fb4b8',2,NULL,NULL),('51a2272b-eb0b-46b0-9c59-be9624d5a32c',2,NULL,NULL),('51a2272b-eb0b-46b0-9c59-be9624d5a32c',4,NULL,NULL),('f7bf5652-5fc6-482e-8936-828393341d2d',2,NULL,NULL),('f7bf5652-5fc6-482e-8936-828393341d2d',2,NULL,NULL),('58dfe637-058b-4b9b-ad3b-d45b186df8f5',2,NULL,NULL),('58dfe637-058b-4b9b-ad3b-d45b186df8f5',2,NULL,NULL),('8d06dfd8-3a9e-4ec8-bfd8-4410a5ff2418',2,NULL,NULL),('8d06dfd8-3a9e-4ec8-bfd8-4410a5ff2418',1,NULL,NULL),('1e25cccd-b513-4350-aea7-11d1da6f26cf',2,NULL,NULL),('1e25cccd-b513-4350-aea7-11d1da6f26cf',2,NULL,NULL),('30a811b7-6d72-46b2-97ea-bb6ec0448def',2,NULL,NULL),('30a811b7-6d72-46b2-97ea-bb6ec0448def',3,NULL,NULL),('45e0e525-fd2f-4bf4-9bc0-1cb6de557659',2,NULL,NULL),('45e0e525-fd2f-4bf4-9bc0-1cb6de557659',4,NULL,NULL),('02ca8579-b855-4420-8dfb-88333f7335d5',2,NULL,NULL),('02ca8579-b855-4420-8dfb-88333f7335d5',2,NULL,NULL),('cd040099-016e-4e02-96f8-d396a8ba0fd8',1,NULL,NULL),('a5840d02-21be-457a-afff-985d29bef95c',1,NULL,NULL),('342f4011-f617-47a1-804a-1a8a4c3a8225',4,NULL,NULL),('f7116377-cf3d-46aa-a547-da5eb38f9a5a',2,NULL,NULL),('6dbd0330-1766-4dcf-a6db-74179f9e0ca7',3,NULL,NULL),('1e9d7a80-6373-4a6b-99fd-47e7461e8a1b',4,NULL,NULL),('39db1520-6bde-4a71-9d70-0ca60bf0adba',2,NULL,NULL),('b44b8723-3cf7-46be-8b20-5260c48c1d7a',1,NULL,NULL),('d777e098-c5a1-40dd-aa4e-8b414cfd218f',4,NULL,NULL),('31c3eb6c-275d-4008-8104-798d58a6b379',4,NULL,NULL),('bb00ca1f-e416-47c7-91fc-555cb5d73353',4,NULL,NULL),('f24989f3-d1f1-4d24-a943-df19d1197bab',3,NULL,NULL),('9da4f079-b12c-4af3-afea-cb6391a41e96',2,NULL,NULL),('2f71771a-e36e-4ea7-984e-a7f5e1b4ab0d',4,NULL,NULL),('c68c574c-da72-4554-b92e-1d7108b32b55',3,NULL,NULL),('94690eb3-3bc9-4b19-a95a-f06e80b82400',3,NULL,NULL),('357397ce-188f-459b-90da-413ad8e0d50a',1,NULL,NULL),('df94d742-83ff-4792-b573-7457aa4fc97c',3,NULL,NULL),('fa4eab8b-a6d7-4704-8377-90b76d1df21c',1,NULL,NULL),('5b00452c-ce13-4e43-b0f2-1b5801063bde',2,NULL,NULL),('c4a41875-2c04-40dd-b606-12ff0db90d6e',1,NULL,NULL),('4de11bc5-4953-4e85-83a7-62826696ec8c',4,NULL,NULL),('d0af56d2-ebbf-4408-a1e8-e6a76ad51a8c',1,NULL,NULL),('fb7bccd2-31fc-41fb-b62e-658e1440a60c',2,NULL,NULL),('c1f634c1-f689-426c-bd31-e4443dbe4d24',1,NULL,NULL),('92c7fe61-f30f-42fb-be95-b4ef0b429bba',1,NULL,NULL),('35942b65-9ec4-4053-af73-a3f767755baf',4,NULL,NULL),('6a8a340d-fc1b-42f0-abf6-75b09171d564',4,NULL,NULL),('b676ab56-6b63-47de-a17e-6a643be3a665',4,NULL,NULL),('79ed8d03-89cb-45e6-9270-7e7db8871a04',1,NULL,NULL),('024ee88e-d53e-486a-ac19-a9e5f1e3318a',2,NULL,NULL),('37bf3081-2a08-4e6c-a160-8e293e47b9e6',3,NULL,NULL),('161a3cfe-23b4-4036-b1ee-18568815bbbd',3,NULL,NULL),('4e3ecad9-44b5-4c97-a596-5dc2f25a82be',1,NULL,NULL),('350a6c7f-48a1-4e12-9a1f-2d152d44f812',2,NULL,NULL),('72ace5ec-bee2-477f-a945-e46e7db86bd6',2,NULL,NULL),('c9bca599-0d27-4a36-99d0-4cfe41fa0eea',2,NULL,NULL),('6ca0e3f2-4eaf-499c-bdcc-714bce4c2cca',3,NULL,NULL),('c4ea4c10-d99a-488d-9c29-a6e8bcacb7ac',2,NULL,NULL),('ba0ac806-80cc-42dd-a55a-f56f8c53b76d',2,NULL,NULL),('5d7d9e74-d7e5-420c-aa14-adeeac0d8693',3,NULL,NULL),('4af4aa4d-0ea6-4919-83c2-3855c980c82c',2,NULL,NULL),('2c7265b8-6537-4da5-9f98-a88e2d3c77d8',3,NULL,NULL),('0067ac70-d730-4554-bcb2-7d711126063f',3,NULL,NULL),('8b7762a0-60ef-41a0-8f16-d32077f5307a',4,NULL,NULL),('9a0ea0e7-0c7f-41ff-a988-3af440bd70b6',2,NULL,NULL),('f8543be5-9ea8-471f-8ccd-07225fd6b487',3,NULL,NULL),('b8637dec-d5a3-4848-9bc3-9866d381bd3c',2,NULL,NULL),('60da8f4b-42e0-41e6-87d6-a09599c32267',3,NULL,NULL),('d808ea27-4721-40d1-ad5e-dfe37e18a7e7',3,NULL,NULL),('e0632143-75b4-4a96-b3cd-c66fbadc8d9a',3,NULL,NULL),('0f2d8d00-c481-4993-afb6-f2159a74406a',1,NULL,NULL),('8c6df109-5746-4989-8615-95bb15a37e44',4,NULL,NULL),('031457ea-9382-43f9-bc22-62bdae809ef3',4,NULL,NULL),('645a1cce-10a7-492e-8176-f3d83f4f9627',1,NULL,NULL),('dd866e70-65ed-466c-8613-136ba8ce2e67',3,NULL,NULL),('8a1ad65c-ff08-4bed-a148-fd557ba07583',4,NULL,NULL),('648f5120-1846-4ae5-80a3-597e97af5bda',2,NULL,NULL),('0b3959fb-e1d2-44f0-8cbb-99f052487b54',1,NULL,NULL),('06fab160-b866-4e56-b2e5-1eb1d898b643',4,NULL,NULL),('c73d6410-84d7-494e-8655-bd59fec0702f',2,NULL,NULL),('05a26863-af42-429a-88a8-46425d76cc8f',3,NULL,NULL),('dc404741-69ce-4eb5-ab08-22ee84bc620c',4,NULL,NULL),('80412933-0f17-43fb-8f61-1b5d9e6aad10',3,NULL,NULL),('7f04bb0a-e1f3-4e7c-86f5-587ad7e49fbc',4,NULL,NULL),('ab778590-bccb-4479-abac-5ff377f8ee73',4,NULL,NULL),('1ca77c46-9ce2-4df8-b2a4-6de3eaa44523',3,NULL,NULL),('c62a9b7d-9a2a-4e83-bea4-3672895f458f',3,NULL,NULL),('640dda51-2baf-40a2-930c-9a3defcf3951',2,NULL,NULL),('0ce1622d-d3e5-4c38-9a9b-23472f385960',3,NULL,NULL),('0da9dcc3-d01e-46aa-af77-4505ef52d459',3,NULL,NULL),('f28f00ad-0433-4069-a9b2-ee87790bd18f',2,NULL,NULL),('37c44977-6777-4300-8077-2844f9d20cd5',4,NULL,NULL),('10accc3f-d501-4261-ac39-5fd075c2ffdc',3,NULL,NULL),('5ffd318e-c9f6-4fb5-8e90-d028e352841c',4,NULL,NULL),('5990d437-a8cb-479e-b28e-ee4983daf8d3',1,NULL,NULL),('aa25e1c9-3788-49fd-83cb-0764d3ed5b8b',4,NULL,NULL),('c8dfb4ad-9233-49ca-b0f0-e4fe6e9ee277',3,NULL,NULL),('434a1476-26de-4f6d-aba3-ed885ad0f6f5',3,NULL,NULL),('60c8703d-fcbb-45bb-8ef4-bd49fb2b6f1c',4,NULL,NULL),('e5cf52d2-2611-4311-ae74-4f404d157c7e',4,NULL,NULL),('9bcaa083-c78e-47f3-a091-f112c1ab834e',4,NULL,NULL),('6fd35eac-689f-4509-8fe2-8e9cf7011569',4,NULL,NULL),('170558eb-9d3d-4a02-9312-ff9a56d3b2e9',3,NULL,NULL),('65c33938-4005-4942-b790-bb103d1c601f',3,NULL,NULL),('2a2e0012-27e7-4339-83d5-ff9725c4fe42',4,NULL,NULL),('7f9f679b-a3e6-4515-a873-b5ac81e8723d',3,NULL,NULL),('a196e732-45e0-472a-8d7b-4aa2324717c0',1,NULL,NULL),('31a983bb-1d2d-4259-8765-ade8a56a81a3',1,NULL,NULL),('e928c596-5e15-4654-8c69-c11c194c96e0',4,NULL,NULL),('c535d2df-f55e-49c7-a7c1-fd5cecfce8f4',2,NULL,NULL),('3afcbafa-bf3b-49fd-a7ca-c140c6521cc1',4,NULL,NULL),('0f7c9997-50be-47d7-b08c-4d36bedfe626',1,NULL,NULL),('41843057-2381-4f6e-b0e7-95c9b8fc770d',1,NULL,NULL),('3080424b-0131-4218-a76c-3d95f065e0dd',1,NULL,NULL),('f8750964-d05e-47e9-9ff0-9dbcd2b67c52',2,NULL,NULL),('60bc728e-0f77-4100-a680-32e89e02fd3d',2,NULL,NULL),('7c8a84be-ffcf-460a-9b18-3be530e35a70',2,NULL,NULL),('da0b39a2-1908-4216-abdf-a88934e19a85',3,NULL,NULL),('c990f584-ae35-4884-a303-3fc2799f40f2',4,NULL,NULL),('08b9ec3a-1e7b-4401-a2e2-0b263616cb33',4,NULL,NULL),('08b9ec3a-1e7b-4401-a2e2-0b263616cb33',3,NULL,NULL),('ee85865c-2af6-496c-bf63-18b91807a7bb',4,NULL,NULL),('ee85865c-2af6-496c-bf63-18b91807a7bb',4,NULL,NULL),('f96a5e99-4843-4e52-90f9-7809e06403c7',4,NULL,NULL),('f96a5e99-4843-4e52-90f9-7809e06403c7',1,NULL,NULL),('2c3bf646-11fa-49b8-b6cf-ff86eb6b338a',4,NULL,NULL),('2c3bf646-11fa-49b8-b6cf-ff86eb6b338a',3,NULL,NULL),('53a8832f-6afd-41c1-8b1d-cbbd05e9dd10',4,NULL,NULL),('53a8832f-6afd-41c1-8b1d-cbbd05e9dd10',4,NULL,NULL),('5ac51eef-bd2d-4d8e-8a74-3fe7f83fe597',4,NULL,NULL),('5ac51eef-bd2d-4d8e-8a74-3fe7f83fe597',4,NULL,NULL),('5cc92590-463e-4933-8d94-8459faf55889',4,NULL,NULL),('5cc92590-463e-4933-8d94-8459faf55889',3,NULL,NULL),('cb991b6a-9c33-4d78-8c7e-91d9132a16b6',4,NULL,NULL),('cb991b6a-9c33-4d78-8c7e-91d9132a16b6',1,NULL,NULL),('83146fba-93f1-481d-8811-4c16b72bfcc2',4,NULL,NULL),('83146fba-93f1-481d-8811-4c16b72bfcc2',2,NULL,NULL),('0db65ee9-365a-4d5f-ad57-b6c88526af1b',4,NULL,NULL),('0db65ee9-365a-4d5f-ad57-b6c88526af1b',3,NULL,NULL),('c7c42acd-b1aa-4512-aa86-42030d5eefc4',4,NULL,NULL),('c7c42acd-b1aa-4512-aa86-42030d5eefc4',1,NULL,NULL),('a0d78a88-bd08-40c7-a971-3f87ab041e11',4,NULL,NULL),('a0d78a88-bd08-40c7-a971-3f87ab041e11',3,NULL,NULL),('9f0d2cd6-35e6-4e84-82e7-51e49a63b3fd',4,NULL,NULL),('9f0d2cd6-35e6-4e84-82e7-51e49a63b3fd',1,NULL,NULL),('b26ba7e7-5f08-45af-8364-73b31c49cfc1',4,NULL,NULL),('b26ba7e7-5f08-45af-8364-73b31c49cfc1',4,NULL,NULL),('22544090-5fb4-4644-abf5-2a634cf355c2',4,NULL,NULL),('22544090-5fb4-4644-abf5-2a634cf355c2',3,NULL,NULL),('cef6645a-6d6a-4ba5-89d0-bd75104f24b9',4,NULL,NULL),('cef6645a-6d6a-4ba5-89d0-bd75104f24b9',1,NULL,NULL),('b52a85b5-7878-416d-bdc4-d7c2ffd4b28e',4,NULL,NULL),('b52a85b5-7878-416d-bdc4-d7c2ffd4b28e',4,NULL,NULL),('4bb0ca18-94da-4b06-a697-2356096c9d14',4,NULL,NULL),('4bb0ca18-94da-4b06-a697-2356096c9d14',3,NULL,NULL),('a63134dd-5cc1-49aa-bdfd-e3a18e981146',4,NULL,NULL),('a63134dd-5cc1-49aa-bdfd-e3a18e981146',3,NULL,NULL),('ae0d6d30-79c6-4360-bc26-73b5311919e0',4,NULL,NULL),('ae0d6d30-79c6-4360-bc26-73b5311919e0',2,NULL,NULL),('09a1956d-013c-4bd6-8b34-5e86ba747ad0',4,NULL,NULL),('09a1956d-013c-4bd6-8b34-5e86ba747ad0',2,NULL,NULL),('b14575c6-7091-402f-a3d6-b3ea250d09b8',4,NULL,NULL),('b14575c6-7091-402f-a3d6-b3ea250d09b8',3,NULL,NULL),('73367844-c423-42b7-bd08-09e93f74aec9',4,NULL,NULL),('73367844-c423-42b7-bd08-09e93f74aec9',4,NULL,NULL),('83177caf-3b5d-4e16-a327-ad8256d2118f',4,NULL,NULL),('83177caf-3b5d-4e16-a327-ad8256d2118f',4,NULL,NULL),('42c18123-5c8c-4078-a013-409b07c13ea5',4,NULL,NULL),('42c18123-5c8c-4078-a013-409b07c13ea5',4,NULL,NULL),('0dc9ead6-bcb1-4f5a-8b0b-598bcf66d85b',4,NULL,NULL),('0dc9ead6-bcb1-4f5a-8b0b-598bcf66d85b',2,NULL,NULL),('10db943c-7cb8-4475-8c2f-19e022df5ccb',4,NULL,NULL),('10db943c-7cb8-4475-8c2f-19e022df5ccb',4,NULL,NULL),('e58e0e5b-1411-4a8a-9870-ab218eeaf489',4,NULL,NULL),('e58e0e5b-1411-4a8a-9870-ab218eeaf489',2,NULL,NULL),('81ca8e69-be7f-4778-a39d-5c1c3debdbe1',4,NULL,NULL),('81ca8e69-be7f-4778-a39d-5c1c3debdbe1',2,NULL,NULL),('e80e16d3-68c8-437d-95d6-aa36ad56cb01',4,NULL,NULL),('e80e16d3-68c8-437d-95d6-aa36ad56cb01',2,NULL,NULL),('f2cf4e5e-9a8f-4c16-8230-6b00dbd61347',4,NULL,NULL),('f2cf4e5e-9a8f-4c16-8230-6b00dbd61347',3,NULL,NULL),('ad60ae41-89bc-4842-a50c-503472185b81',4,NULL,NULL),('ad60ae41-89bc-4842-a50c-503472185b81',1,NULL,NULL),('5ce6e06f-36b8-473a-965f-c4f0ce2c7e1b',4,NULL,NULL),('5ce6e06f-36b8-473a-965f-c4f0ce2c7e1b',3,NULL,NULL),('ed0d4e98-7495-4a42-95db-1447c2d1514b',4,NULL,NULL),('ed0d4e98-7495-4a42-95db-1447c2d1514b',4,NULL,NULL),('ba98c5e0-154f-4c8c-9ff8-0548f69f5574',4,NULL,NULL),('ba98c5e0-154f-4c8c-9ff8-0548f69f5574',1,NULL,NULL),('2546f7ae-f5be-4e24-aa75-007af6d7eddf',4,NULL,NULL),('2546f7ae-f5be-4e24-aa75-007af6d7eddf',1,NULL,NULL),('68f98c2d-536d-42b0-b1ee-55eeaea8e1a9',4,NULL,NULL),('68f98c2d-536d-42b0-b1ee-55eeaea8e1a9',2,NULL,NULL),('23bb6f42-9da9-446d-9316-097da8ca3f4c',4,NULL,NULL),('23bb6f42-9da9-446d-9316-097da8ca3f4c',2,NULL,NULL),('8c39d0ac-dab9-443f-ab4c-875a1c328b0e',4,NULL,NULL),('8c39d0ac-dab9-443f-ab4c-875a1c328b0e',1,NULL,NULL),('67afc1ea-2975-49b1-89d3-fc38fd1e18ee',4,NULL,NULL),('67afc1ea-2975-49b1-89d3-fc38fd1e18ee',1,NULL,NULL),('d794877a-9b04-451b-ba49-85f5d1b52408',4,NULL,NULL),('d794877a-9b04-451b-ba49-85f5d1b52408',2,NULL,NULL),('1f7d1e2b-19d6-4891-b45e-4b7d85e3e2bd',4,NULL,NULL),('1f7d1e2b-19d6-4891-b45e-4b7d85e3e2bd',4,NULL,NULL),('d0d9bffc-2d0d-48b2-8c28-1bafa32a7fd4',4,NULL,NULL),('d0d9bffc-2d0d-48b2-8c28-1bafa32a7fd4',3,NULL,NULL),('2d895530-0227-4dbd-b568-6d1847ab1a74',4,NULL,NULL),('2d895530-0227-4dbd-b568-6d1847ab1a74',3,NULL,NULL),('07271800-3a79-4aa8-8e76-e87367a8fa70',4,NULL,NULL),('07271800-3a79-4aa8-8e76-e87367a8fa70',2,NULL,NULL),('f1911d97-5e16-4f12-a6c8-920bacb9107a',4,NULL,NULL),('f1911d97-5e16-4f12-a6c8-920bacb9107a',3,NULL,NULL),('f1645c0d-1d3f-49e9-ae3d-2191da2f0ce4',4,NULL,NULL),('f1645c0d-1d3f-49e9-ae3d-2191da2f0ce4',1,NULL,NULL),('d54321a0-19aa-42c0-a83c-42842988d5cb',4,NULL,NULL),('d54321a0-19aa-42c0-a83c-42842988d5cb',3,NULL,NULL),('8d48d7d1-e923-4c31-8161-5da20d6e8e16',4,NULL,NULL),('8d48d7d1-e923-4c31-8161-5da20d6e8e16',4,NULL,NULL),('7ee1fea9-c9bf-4071-91b3-5d81ca6986f9',4,NULL,NULL),('7ee1fea9-c9bf-4071-91b3-5d81ca6986f9',1,NULL,NULL),('33d8fb15-f981-4481-8b8f-a5c1cf130988',4,NULL,NULL),('33d8fb15-f981-4481-8b8f-a5c1cf130988',1,NULL,NULL),('76c93b73-2dfb-4dda-a486-0c34af41e8b4',4,NULL,NULL),('76c93b73-2dfb-4dda-a486-0c34af41e8b4',4,NULL,NULL),('796aa288-ed8e-4c59-906a-3b5be903a772',4,NULL,NULL),('796aa288-ed8e-4c59-906a-3b5be903a772',3,NULL,NULL),('dced4101-7f1f-4736-ae4a-7ce1e7782605',4,NULL,NULL),('dced4101-7f1f-4736-ae4a-7ce1e7782605',1,NULL,NULL),('5022fd3f-6f7b-4190-aa55-e569d2a2aed8',4,NULL,NULL),('5022fd3f-6f7b-4190-aa55-e569d2a2aed8',1,NULL,NULL),('8970e923-4ee5-40b1-a7ff-81282a994f29',4,NULL,NULL),('8970e923-4ee5-40b1-a7ff-81282a994f29',1,NULL,NULL),('13a9c3c7-712c-4c1c-a8c2-69b9fdcc255b',4,NULL,NULL),('13a9c3c7-712c-4c1c-a8c2-69b9fdcc255b',3,NULL,NULL),('c648d423-4263-4219-93b5-01c598fad306',4,NULL,NULL),('c648d423-4263-4219-93b5-01c598fad306',2,NULL,NULL),('3b400e7f-f3f6-43bd-9120-a3844e996faa',4,NULL,NULL),('3b400e7f-f3f6-43bd-9120-a3844e996faa',4,NULL,NULL),('8af11112-b579-4068-be6a-740a6c2020b9',4,NULL,NULL),('8af11112-b579-4068-be6a-740a6c2020b9',3,NULL,NULL),('1c74b97c-8f3c-4b40-8f64-0c5950af2c42',4,NULL,NULL),('1c74b97c-8f3c-4b40-8f64-0c5950af2c42',4,NULL,NULL),('165a7c2d-ad67-4092-9209-153eec5a71c5',4,NULL,NULL),('165a7c2d-ad67-4092-9209-153eec5a71c5',3,NULL,NULL),('c0e00f99-1c7c-4224-93c2-eb62d30922ab',4,NULL,NULL),('c0e00f99-1c7c-4224-93c2-eb62d30922ab',4,NULL,NULL),('8b2ff0c0-3226-4bb0-91c0-1c60b98ab4f4',4,NULL,NULL),('8b2ff0c0-3226-4bb0-91c0-1c60b98ab4f4',4,NULL,NULL),('304f1fe5-2322-4b5c-bc24-0d3154b7018f',4,NULL,NULL),('304f1fe5-2322-4b5c-bc24-0d3154b7018f',4,NULL,NULL);
/*!40000 ALTER TABLE `role_user` ENABLE KEYS */;
UNLOCK TABLES;

--
-- Table structure for table `roles`
--

DROP TABLE IF EXISTS `roles`;
/*!40101 SET @saved_cs_client     = @@character_set_client */;
/*!50503 SET character_set_client = utf8mb4 */;
CREATE TABLE `roles` (
  `id` bigint unsigned NOT NULL AUTO_INCREMENT,
  `name` varchar(255) COLLATE utf8mb4_unicode_ci NOT NULL,
  `priority_id` bigint unsigned NOT NULL,
  `created_at` timestamp NULL DEFAULT NULL,
  `updated_at` timestamp NULL DEFAULT NULL,
  PRIMARY KEY (`id`),
  KEY `roles_priority_id_foreign` (`priority_id`),
  CONSTRAINT `roles_priority_id_foreign` FOREIGN KEY (`priority_id`) REFERENCES `priorities` (`id`) ON UPDATE CASCADE
) ENGINE=InnoDB AUTO_INCREMENT=5 DEFAULT CHARSET=utf8mb4 COLLATE=utf8mb4_unicode_ci;
/*!40101 SET character_set_client = @saved_cs_client */;

--
-- Dumping data for table `roles`
--

LOCK TABLES `roles` WRITE;
/*!40000 ALTER TABLE `roles` DISABLE KEYS */;
INSERT INTO `roles` VALUES (1,'Administrator',1,NULL,NULL),(2,'Teacher',2,NULL,NULL),(3,'Student',2,NULL,NULL),(4,'Guardian',2,NULL,NULL);
/*!40000 ALTER TABLE `roles` ENABLE KEYS */;
UNLOCK TABLES;

--
-- Table structure for table `schools`
--

DROP TABLE IF EXISTS `schools`;
/*!40101 SET @saved_cs_client     = @@character_set_client */;
/*!50503 SET character_set_client = utf8mb4 */;
CREATE TABLE `schools` (
  `id` char(36) COLLATE utf8mb4_unicode_ci NOT NULL,
  `name` varchar(255) COLLATE utf8mb4_unicode_ci NOT NULL,
  `phone` varchar(255) COLLATE utf8mb4_unicode_ci NOT NULL,
  `address` text COLLATE utf8mb4_unicode_ci NOT NULL,
  `city_id` varchar(255) COLLATE utf8mb4_unicode_ci NOT NULL,
  `responsable_name` varchar(255) COLLATE utf8mb4_unicode_ci NOT NULL,
  `responsable_phone` varchar(255) COLLATE utf8mb4_unicode_ci NOT NULL,
  `responsable_address` varchar(255) COLLATE utf8mb4_unicode_ci NOT NULL,
  `password` varchar(255) COLLATE utf8mb4_unicode_ci NOT NULL,
  `created_at` timestamp NULL DEFAULT NULL,
  `updated_at` timestamp NULL DEFAULT NULL,
  `province_id` varchar(255) COLLATE utf8mb4_unicode_ci NOT NULL,
  PRIMARY KEY (`id`),
  KEY `schools_city_id_foreign` (`city_id`),
  CONSTRAINT `schools_city_id_foreign` FOREIGN KEY (`city_id`) REFERENCES `cities` (`id`) ON UPDATE CASCADE
) ENGINE=InnoDB DEFAULT CHARSET=utf8mb4 COLLATE=utf8mb4_unicode_ci;
/*!40101 SET character_set_client = @saved_cs_client */;

--
-- Dumping data for table `schools`
--

LOCK TABLES `schools` WRITE;
/*!40000 ALTER TABLE `schools` DISABLE KEYS */;
INSERT INTO `schools` VALUES ('085b13aa-ff1c-473e-9c19-4c17cc67b426','Osinski LLC','(629) 735-9484','71347 Brandy Stravenue\nAmayaport, DC 19195','f46907ce-2b78-46e3-8208-d4128800d0f0','Crona','531.250.2852','145 Janet Mills Apt. 546\nNorth Lois, RI 75290-8298','$2y$10$92IXUNpkjO0rOQ5byMi.Ye4oKoEa3Ro9llC/.og/at2.uheWG/igi','2024-01-29 09:00:02','2024-01-29 09:00:02',''),('0bd3cda1-bf05-4018-b7d0-622d9a28dd44','Herzog, Wisoky and Kunze','+17575493327','7886 Champlin Isle Apt. 913\nFaytown, MT 97201','d47c36b8-e7b4-4f85-8b34-676c1cacbdeb','Ruecker','+12072025969','3427 Bosco Forge\nPort Ashlynnfurt, GA 49393-0024','$2y$10$92IXUNpkjO0rOQ5byMi.Ye4oKoEa3Ro9llC/.og/at2.uheWG/igi','2024-01-29 09:00:02','2024-01-29 09:00:02',''),('215beb77-1520-495f-856e-2ff64645a269','Stroman-Schowalter','+1.662.699.0562','18619 Steuber Fords Apt. 016\nMurrayborough, NY 92149-2269','e96ede3c-016a-42cf-88a3-efbc3606a9d6','Williamson','(850) 658-1562','89088 Sherwood Trail Suite 620\nNoelberg, AZ 09452-7457','$2y$10$92IXUNpkjO0rOQ5byMi.Ye4oKoEa3Ro9llC/.og/at2.uheWG/igi','2024-01-29 09:00:02','2024-01-29 09:00:02',''),('2e8b1339-712f-44c8-857e-0386b42d3fc3','Hermiston, O\'Reilly and Lebsack','+1-505-883-2897','119 Noelia Mill\nHammesfurt, IL 74468-8103','9ba8bb4c-ffb5-4415-8e12-97e3216e5619','Schinner','+1.480.410.9911','30454 Gusikowski Grove\nWest Toy, CA 03193-1195','$2y$10$92IXUNpkjO0rOQ5byMi.Ye4oKoEa3Ro9llC/.og/at2.uheWG/igi','2024-01-29 09:00:02','2024-01-29 09:00:02',''),('307020fd-feab-4045-8213-0583324f5a7a','Grady Ltd','+15642773297','4463 Gunnar Harbors\nEast Rashadburgh, UT 51645','5936e501-e790-4fc9-8402-7e336b960338','Pouros','540.847.0596','591 Williamson Ports\nSouth Mariah, DE 04545-2677','$2y$10$92IXUNpkjO0rOQ5byMi.Ye4oKoEa3Ro9llC/.og/at2.uheWG/igi','2024-01-29 09:00:02','2024-01-29 09:00:02',''),('3bd2b602-d801-429a-b505-da5309d67f8f','Corwin-Heidenreich','(934) 973-0359','87430 Kutch Extension Apt. 676\nWest Hannaburgh, VA 37495','63395a71-885d-40ac-8b0d-58469fd88707','Reilly','1-317-439-5486','2275 Wolff Mews Apt. 893\nPort Orvalstad, KS 40704-8914','$2y$10$92IXUNpkjO0rOQ5byMi.Ye4oKoEa3Ro9llC/.og/at2.uheWG/igi','2024-01-29 09:00:02','2024-01-29 09:00:02',''),('4dd63281-12b6-4e5f-bc25-9e0798218a96','Schoen-Hartmann','1-803-881-3030','3943 Ruecker Crest Suite 605\nAbernathyborough, WI 04255-6982','e6a856cc-91e8-4baa-b442-24afe45bd8f4','Runolfsdottir','+1 (410) 323-6642','275 Kuvalis Rapid\nNorth Korey, RI 50974-3284','$2y$10$92IXUNpkjO0rOQ5byMi.Ye4oKoEa3Ro9llC/.og/at2.uheWG/igi','2024-01-29 09:00:02','2024-01-29 09:00:02',''),('629f620c-3132-4c13-bb07-9a1f001bd3fe','Batz, Windler and Swaniawski','+1.661.736.6787','61165 Miller Orchard Suite 074\nEast Loma, NC 53931-8517','5936e501-e790-4fc9-8402-7e336b960338','Osinski','+1.541.719.6582','779 Jeremie Ford Apt. 593\nNorth Joany, FL 87685','$2y$10$92IXUNpkjO0rOQ5byMi.Ye4oKoEa3Ro9llC/.og/at2.uheWG/igi','2024-01-29 09:00:02','2024-01-29 09:00:02',''),('64d56ec3-8ddd-4522-b583-deac6e353096','Ritchie Ltd','+1.248.897.2278','256 Mante Port Suite 694\nWisokybury, GA 05394','1229f920-c533-4362-8391-add3840466a0','Klein','820.392.3898','812 Feest Landing Apt. 723\nNew Tadmouth, NV 31488','$2y$10$92IXUNpkjO0rOQ5byMi.Ye4oKoEa3Ro9llC/.og/at2.uheWG/igi','2024-01-29 09:00:02','2024-01-29 09:00:02',''),('676a6520-1d1c-4af9-bacc-b156492c885d','Walter-Kling','351.201.9438','9890 Weimann Mills Apt. 046\nRosalindberg, VT 29804-0323','15e7f7ff-25e1-4232-a34d-1d06f79d5f1d','Rau','458-459-5031','17833 Novella Curve Apt. 326\nWestbury, NC 63544-2562','$2y$10$92IXUNpkjO0rOQ5byMi.Ye4oKoEa3Ro9llC/.og/at2.uheWG/igi','2024-01-29 09:00:02','2024-01-29 09:00:02',''),('85c351d0-fb4b-49bd-b738-c85b3344ddb8','Turcotte, Wolf and Lindgren','+1 (330) 850-7114','809 Gutmann Summit\nCasperview, DC 06533','b980a75f-18eb-45ff-bf5b-a9c949a75569','Herzog','240.206.4453','37068 Ward Mountains\nBoehmhaven, LA 25020','$2y$10$92IXUNpkjO0rOQ5byMi.Ye4oKoEa3Ro9llC/.og/at2.uheWG/igi','2024-01-29 09:00:02','2024-01-29 09:00:02',''),('92ac400c-d609-475a-a76b-0ec05c5a9d8f','Weimann, Stanton and Graham','(352) 620-8851','280 Crooks Tunnel Apt. 257\nChristinachester, MA 46377-7973','cefe7691-95ac-4722-8616-64f0e7ce398e','Keebler','+1-352-870-4311','323 Susan Manors Apt. 790\nGoldnermouth, TN 69786-3950','$2y$10$92IXUNpkjO0rOQ5byMi.Ye4oKoEa3Ro9llC/.og/at2.uheWG/igi','2024-01-29 09:00:02','2024-01-29 09:00:02',''),('a4c0af21-f779-4c7a-84a1-43058d7eb286','Rosenbaum-Connelly','(762) 425-7797','993 Santiago Mission Suite 233\nConroyside, WA 55897','57dc43a6-2252-4281-8ad7-e1b772dcca3c','Wilderman','1-283-566-2023','4738 Grady Glen Apt. 170\nGrahamstad, TX 91475-7547','$2y$10$92IXUNpkjO0rOQ5byMi.Ye4oKoEa3Ro9llC/.og/at2.uheWG/igi','2024-01-29 09:00:02','2024-01-29 09:00:02',''),('b663b40d-2faa-4eab-a254-339da60564b1','Brown Inc','+1 (475) 965-9645','79940 Ledner Views\nGusikowskitown, KY 83428-7890','6ccdc8e1-393e-4859-98f1-6d48e04f4ef2','Reilly','(208) 232-6911','5113 Conrad Spring\nWest Makenzieburgh, IA 52335-1350','$2y$10$92IXUNpkjO0rOQ5byMi.Ye4oKoEa3Ro9llC/.og/at2.uheWG/igi','2024-01-29 09:00:02','2024-01-29 09:00:02',''),('b7131ad9-c1b0-4a4b-975b-7676fb296203','Yundt-Kohler','+1-434-514-5271','499 Arden Brooks Apt. 430\nEast Trentonshire, NM 74307','f46907ce-2b78-46e3-8208-d4128800d0f0','Tillman','(925) 330-4087','14948 Laura Orchard\nAniyahview, MN 02819','$2y$10$92IXUNpkjO0rOQ5byMi.Ye4oKoEa3Ro9llC/.og/at2.uheWG/igi','2024-01-29 09:00:02','2024-01-29 09:00:02',''),('b882dea6-6b39-49d6-b7de-e32c49202c78','Kris-Reinger','+1-530-309-3154','671 Spencer Ways\nLylaside, CA 99106-4168','74a5f524-6533-4c61-b880-14508ae3dcbd','Rohan','952.947.4114','6516 Gregory Valley Apt. 929\nSouth Xzavier, MD 43947-7278','$2y$10$92IXUNpkjO0rOQ5byMi.Ye4oKoEa3Ro9llC/.og/at2.uheWG/igi','2024-01-29 09:00:02','2024-01-29 09:00:02',''),('c44ed683-2368-4627-b7c6-8b402fea8ea8','Quitzon Group','+1 (239) 221-3377','301 Schultz Meadow Apt. 883\nWilliamsonborough, DC 26738-8656','f834b8ee-63f1-4596-a0a8-39fc94b63c5e','Rice','423.695.9567','2687 Trantow Courts\nArlenestad, MA 13027','$2y$10$92IXUNpkjO0rOQ5byMi.Ye4oKoEa3Ro9llC/.og/at2.uheWG/igi','2024-01-29 09:00:02','2024-01-29 09:00:02',''),('cce3db99-4bcf-4770-ac8f-f47d5a30ed61','Schulist LLC','(253) 715-0729','926 Armstrong Creek\nPort Bartfurt, HI 77721-5167','8cee68c6-7a5e-4910-bb59-a37398c3dc25','Bergstrom','+1 (650) 823-0456','75159 Bogan Squares Apt. 483\nDeckowtown, PA 23977','$2y$10$92IXUNpkjO0rOQ5byMi.Ye4oKoEa3Ro9llC/.og/at2.uheWG/igi','2024-01-29 09:00:02','2024-01-29 09:00:02',''),('da235278-a468-447f-9d0f-13345aeecd09','D\'Amore Inc','301.961.7938','13303 Fiona Meadow Apt. 298\nKiehnland, MT 11746','c8a4e216-4301-4f9e-9a3b-c5660468a596','Wolff','561-562-3986','63671 Raquel Run Suite 635\nJabariton, MD 80664-6691','$2y$10$92IXUNpkjO0rOQ5byMi.Ye4oKoEa3Ro9llC/.og/at2.uheWG/igi','2024-01-29 09:00:02','2024-01-29 09:00:02',''),('e79a7355-ba24-466e-8cc2-54fa939d08e5','Koepp-Grady','+1.601.783.5244','5231 Wehner Causeway Suite 364\nSouth Yasmeenport, AL 99706-7335','5936e501-e790-4fc9-8402-7e336b960338','Schiller','+1 (747) 543-8252','9118 Oswald Circle\nHalvorsonton, KY 56253','$2y$10$92IXUNpkjO0rOQ5byMi.Ye4oKoEa3Ro9llC/.og/at2.uheWG/igi','2024-01-29 09:00:02','2024-01-29 09:00:02','');
/*!40000 ALTER TABLE `schools` ENABLE KEYS */;
UNLOCK TABLES;

--
-- Table structure for table `sections`
--

DROP TABLE IF EXISTS `sections`;
/*!40101 SET @saved_cs_client     = @@character_set_client */;
/*!50503 SET character_set_client = utf8mb4 */;
CREATE TABLE `sections` (
  `id` bigint unsigned NOT NULL AUTO_INCREMENT,
  `name` varchar(255) COLLATE utf8mb4_unicode_ci NOT NULL,
  `created_at` timestamp NULL DEFAULT NULL,
  `updated_at` timestamp NULL DEFAULT NULL,
  PRIMARY KEY (`id`)
) ENGINE=InnoDB AUTO_INCREMENT=4 DEFAULT CHARSET=utf8mb4 COLLATE=utf8mb4_unicode_ci;
/*!40101 SET character_set_client = @saved_cs_client */;

--
-- Dumping data for table `sections`
--

LOCK TABLES `sections` WRITE;
/*!40000 ALTER TABLE `sections` DISABLE KEYS */;
INSERT INTO `sections` VALUES (1,'primaire',NULL,NULL),(2,'Cycle d\'orientation (CO)',NULL,NULL),(3,'Imanuté',NULL,NULL);
/*!40000 ALTER TABLE `sections` ENABLE KEYS */;
UNLOCK TABLES;

--
-- Table structure for table `students`
--

DROP TABLE IF EXISTS `students`;
/*!40101 SET @saved_cs_client     = @@character_set_client */;
/*!50503 SET character_set_client = utf8mb4 */;
CREATE TABLE `students` (
  `id` char(36) COLLATE utf8mb4_unicode_ci NOT NULL,
  `admission` date DEFAULT NULL,
  `classe_id` char(36) COLLATE utf8mb4_unicode_ci NOT NULL,
  `created_at` timestamp NULL DEFAULT NULL,
  `updated_at` timestamp NULL DEFAULT NULL,
  PRIMARY KEY (`id`),
  KEY `students_classe_id_foreign` (`classe_id`),
  CONSTRAINT `students_classe_id_foreign` FOREIGN KEY (`classe_id`) REFERENCES `classes` (`id`) ON UPDATE CASCADE
) ENGINE=InnoDB DEFAULT CHARSET=utf8mb4 COLLATE=utf8mb4_unicode_ci;
/*!40101 SET character_set_client = @saved_cs_client */;

--
-- Dumping data for table `students`
--

LOCK TABLES `students` WRITE;
/*!40000 ALTER TABLE `students` DISABLE KEYS */;
INSERT INTO `students` VALUES ('0063e84b-d9d3-40a9-8add-2d9df0c14760','2017-11-29','ebf0887d-ba82-40f3-a034-2c412db17417','2024-01-30 08:32:48','2024-01-30 08:32:48'),('018efb32-cd07-4c6a-92a4-44a65dd92704','2023-08-13','18f013b7-095f-42ce-a639-495e19ba03d0','2024-01-30 08:32:48','2024-01-30 08:32:48'),('041d4a9b-e1b5-424f-974b-b4d9e2b252bc','2022-07-06','94a531df-134b-4fe9-bf77-e44ae6738635','2024-01-30 08:32:48','2024-01-30 08:32:48'),('0855ebf9-6874-432d-8f6d-f8a80a65463e','2015-07-23','26293553-aa41-4a50-94da-b1c51360cb10','2024-01-30 08:32:48','2024-01-30 08:32:48'),('0a3d6608-855d-4830-9b30-4c8b5e91a4c3','2020-07-19','baf381b7-7e91-4d50-93e0-dbb25eb573f8','2024-01-30 08:32:49','2024-01-30 08:32:49'),('0bbba663-7ea8-4173-92ef-f7e37b288089','2022-01-20','e665b766-dc31-44a1-9eda-54328b1e90e2','2024-01-30 08:32:48','2024-01-30 08:32:48'),('168a406f-9f3d-4916-9e47-2727a2e4ecb5','2015-08-06','86687896-f092-4268-9680-617f78213769','2024-01-30 08:32:48','2024-01-30 08:32:48'),('1cbaca14-4837-4f0d-9e56-cf32526c68e5','2014-11-04','15961c1e-f75a-4a26-bd8b-3812fb6e7622','2024-01-30 08:32:48','2024-01-30 08:32:48'),('20212094-7ee3-476e-bd34-ce63f266e783','2022-10-31','80cadb59-b7c9-416e-b083-7ae7a7f23a8d','2024-01-30 08:32:48','2024-01-30 08:32:48'),('210d237f-1637-4b0d-82a5-c2447639fa81','2021-12-29','917e2273-a86a-4f8f-8a99-e87117f120ed','2024-01-30 08:32:48','2024-01-30 08:32:48'),('323e64f4-fad5-47ed-a948-aad19add539a','2016-03-18','7bb8179b-9aa9-410c-b7c0-dcc3455dfaf8','2024-01-30 08:32:48','2024-01-30 08:32:48'),('3246d402-e73b-4b03-ba97-6072c8f46c96','2016-03-17','7bb8179b-9aa9-410c-b7c0-dcc3455dfaf8','2024-01-30 08:32:48','2024-01-30 08:32:48'),('336e2b16-a3ac-454d-a064-6718d91cec1a','2018-11-28','379bdf9b-3ddb-4e4a-b04a-ba42ac0718c7','2024-01-30 08:32:48','2024-01-30 08:32:48'),('3390aac3-247e-4e20-af1f-eca04fb03f69','2020-10-05','cf4f70ca-4ffc-45eb-845e-62e944a610fe','2024-01-30 08:32:48','2024-01-30 08:32:48'),('3f2c949e-2f26-41d5-b0d3-d0527f54761e','2019-03-03','f8243cc1-c3f8-43a6-a943-87b06bb8f4aa','2024-01-30 08:32:48','2024-01-30 08:32:48'),('4086f642-6132-4a62-83d9-1f65a7f8bc5f','2016-04-26','b79d0161-4c07-4da1-b566-0a0406f58696','2024-01-30 08:32:48','2024-01-30 08:32:48'),('43b8d1b5-aed3-43e0-b9d2-9feee55411b2','2022-06-29','917e2273-a86a-4f8f-8a99-e87117f120ed','2024-01-30 08:32:49','2024-01-30 08:32:49'),('4f35522c-4aae-4ff7-a3f2-c555250be062','2018-01-05','eb9c8b1c-1c9a-45da-b1c0-75ad2de8a757','2024-01-30 08:32:49','2024-01-30 08:32:49'),('4f9a4988-2082-427c-8acb-ac1e576562f4','2019-09-22','38eadf0f-7481-4c21-935a-981186293583','2024-01-30 08:32:48','2024-01-30 08:32:48'),('53295444-b092-4b61-a984-5f64574775d3','2021-01-18','b79d0161-4c07-4da1-b566-0a0406f58696','2024-01-30 08:32:48','2024-01-30 08:32:48'),('5346faa7-1793-47c0-9f05-d518a73b9d3a','2018-08-09','18f013b7-095f-42ce-a639-495e19ba03d0','2024-01-30 08:32:49','2024-01-30 08:32:49'),('58088911-7c4d-4332-9bf6-b297d706c50a','2022-10-25','02a52213-a5ae-4ca7-8d1d-06732d675e8c','2024-01-30 08:32:48','2024-01-30 08:32:48'),('58c5441e-7b24-450d-a84f-1bbe4ccba0d1','2014-07-19','02a52213-a5ae-4ca7-8d1d-06732d675e8c','2024-01-30 08:32:48','2024-01-30 08:32:48'),('59bba012-7572-4611-b603-7dab910feeb9','2016-04-09','bd790641-b3f4-40e4-8d64-4e42e514d462','2024-01-30 08:32:49','2024-01-30 08:32:49'),('5eccf9e8-2934-45a8-952f-6e3863c85fc5','2019-08-07','38eadf0f-7481-4c21-935a-981186293583','2024-01-30 08:32:48','2024-01-30 08:32:48'),('62b94aed-6800-47db-89d9-0013e8e66ea3','2019-07-17','26293553-aa41-4a50-94da-b1c51360cb10','2024-01-30 08:32:49','2024-01-30 08:32:49'),('63ecd7bb-6364-4a7f-8966-3eaddf2a5633','2015-06-08','18f013b7-095f-42ce-a639-495e19ba03d0','2024-01-30 08:32:48','2024-01-30 08:32:48'),('662f2f5a-91ff-4a37-8507-eb8e23119726','2017-10-26','80cadb59-b7c9-416e-b083-7ae7a7f23a8d','2024-01-30 08:32:48','2024-01-30 08:32:48'),('672f4ee3-331d-443e-9b8f-c3b79ba57365','2017-11-22','7e08b0a5-5644-4f83-b8f6-d24959ac1829','2024-01-30 08:32:48','2024-01-30 08:32:48'),('69ff712c-6ae0-4923-9e6b-81c22bf7b8f5','2021-01-10','94a531df-134b-4fe9-bf77-e44ae6738635','2024-01-30 08:32:49','2024-01-30 08:32:49'),('6caa5deb-e647-49b1-9602-3766445f0409','2019-03-17','51c5668b-c588-439b-b3bd-2e4ae54ac2aa','2024-01-30 08:32:49','2024-01-30 08:32:49'),('702bfafd-6d72-4490-af85-6591c9c538bd','2019-02-08','d27021ea-95df-4b9e-a049-6424898a28ff','2024-01-30 08:32:48','2024-01-30 08:32:48'),('71d048a1-82ec-4493-b511-0e992804011b','2015-08-10','fad60295-77de-42fc-aa7f-8b67dbe6912c','2024-01-30 08:32:49','2024-01-30 08:32:49'),('7266e192-73c5-45c4-8368-f137a2d6ba4c','2023-01-18','eb9c8b1c-1c9a-45da-b1c0-75ad2de8a757','2024-01-30 08:32:48','2024-01-30 08:32:48'),('74d8a3a8-77ed-4448-940c-180ce5c3dfa6','2016-07-11','a534651e-433d-4bc6-a1bb-da0cd286ccbd','2024-01-30 08:32:49','2024-01-30 08:32:49'),('75d366f0-d809-4a9b-be79-4f3aeeb0639f','2021-11-18','a534651e-433d-4bc6-a1bb-da0cd286ccbd','2024-01-30 08:32:48','2024-01-30 08:32:48'),('77638ce3-1e78-43ac-abf6-5e4a80e3a8e7','2014-08-29','18f013b7-095f-42ce-a639-495e19ba03d0','2024-01-30 08:32:48','2024-01-30 08:32:48'),('779bee78-7c8c-411d-a4db-097dfd03f9bb','2017-10-24','a93c1d0f-d46c-4552-b457-cc15bdabdee2','2024-01-30 08:32:48','2024-01-30 08:32:48'),('77c3d6ff-5265-4315-8572-de2d12cfe211','2023-03-02','453e8d72-e501-4fcb-aeb3-3994c9fd51fe','2024-01-30 08:32:49','2024-01-30 08:32:49'),('78356691-d11b-492c-8996-2fb4d8cc27de','2022-09-27','89962be6-5f0e-429c-86f5-2468717d90f1','2024-01-30 08:32:48','2024-01-30 08:32:48'),('786d621f-a6a9-4492-939c-7bdded2eaa4b','2015-12-02','5bb2e731-c2cd-4cce-af2a-007e267ead18','2024-01-30 08:32:48','2024-01-30 08:32:48'),('80085efc-798a-4afd-b445-5454e6aca0c7','2021-07-17','94a531df-134b-4fe9-bf77-e44ae6738635','2024-01-30 08:32:48','2024-01-30 08:32:48'),('806828c6-eea2-4bb0-a2dd-1f287fd1c1b6','2017-12-08','453e8d72-e501-4fcb-aeb3-3994c9fd51fe','2024-01-30 08:32:49','2024-01-30 08:32:49'),('81513acc-4ac1-489f-b725-5a706c841a6f','2016-11-17','23f475be-b7b1-4ab6-97b6-4656a58e7639','2024-01-30 08:32:49','2024-01-30 08:32:49'),('83e88525-e684-46f2-98e3-de1ec0a35773','2015-04-01','f1dbb1bc-5ce1-4946-b079-24e4b0b56eb7','2024-01-30 08:32:49','2024-01-30 08:32:49'),('843a4280-c06f-4bde-8231-e950de4ad51c','2021-11-04','5c48defd-dc6d-4684-bc5d-62f181959e9a','2024-01-30 08:32:49','2024-01-30 08:32:49'),('84bb3dda-15c0-46b3-8909-1a98b3935af7','2017-06-23','a93c1d0f-d46c-4552-b457-cc15bdabdee2','2024-01-30 08:32:48','2024-01-30 08:32:48'),('8991e1de-be4a-4f6d-9f7e-63840a3b8f1f','2023-02-26','5bb2e731-c2cd-4cce-af2a-007e267ead18','2024-01-30 08:32:48','2024-01-30 08:32:48'),('8ad325e9-0bf8-4a40-95c7-7279c7415223','2020-01-22','917e2273-a86a-4f8f-8a99-e87117f120ed','2024-01-30 08:32:49','2024-01-30 08:32:49'),('8b6f85b2-e0bc-4a39-97e3-a412dec2268d','2020-09-05','d429c58c-737d-4893-b052-ae0925958262','2024-01-30 08:32:48','2024-01-30 08:32:48'),('8c4aa5fb-f574-4536-9b95-def7d0214d8a','2023-01-11','18eceb7a-3c20-465b-9373-a7ade93bdccb','2024-01-30 08:32:48','2024-01-30 08:32:48'),('8c633104-e1da-4ec3-9a27-2de3567b99ff','2014-10-04','a534651e-433d-4bc6-a1bb-da0cd286ccbd','2024-01-30 08:32:48','2024-01-30 08:32:48'),('8db2f071-0de4-43b2-a595-d24288904a9d','2023-12-02','3f2b7931-be20-4873-9821-0fbae8184553','2024-01-30 08:32:48','2024-01-30 08:32:48'),('8e9f40b0-6b10-4c40-a4ed-db2c578c1652','2017-07-24','a534651e-433d-4bc6-a1bb-da0cd286ccbd','2024-01-30 08:32:48','2024-01-30 08:32:48'),('90454dbd-6176-41d7-a50e-bfb7f5a23597','2015-10-22','27e15c52-f49c-4955-87d9-98586e16df70','2024-01-30 08:32:49','2024-01-30 08:32:49'),('93e4a2e8-0d01-4fad-a425-97f71210814b','2020-06-19','917e2273-a86a-4f8f-8a99-e87117f120ed','2024-01-30 08:32:48','2024-01-30 08:32:48'),('94824ce1-323d-4855-8681-0e016520cccb','2024-01-03','5bb2e731-c2cd-4cce-af2a-007e267ead18','2024-01-30 08:32:49','2024-01-30 08:32:49'),('9b3ae82f-efd7-4f91-af9c-59590275a86b','2021-10-16','15961c1e-f75a-4a26-bd8b-3812fb6e7622','2024-01-30 08:32:49','2024-01-30 08:32:49'),('9e553da2-6962-490a-87c2-4a1363da1b45','2019-02-01','7612a27d-3b5e-4302-98ac-1f2685006f4e','2024-01-30 08:32:48','2024-01-30 08:32:48'),('9ef78e7c-9668-40fd-a211-2c50410b852d','2014-03-19','e665b766-dc31-44a1-9eda-54328b1e90e2','2024-01-30 08:32:48','2024-01-30 08:32:48'),('a1a819c3-b78d-43e7-a7ae-1697d2e4d2fd','2015-06-28','3233ca0f-b417-4715-a934-f47631b2c5bf','2024-01-30 08:32:48','2024-01-30 08:32:48'),('a1d0e6fe-93e0-4d49-9ffc-026a0f731f6b','2023-12-25','7e08b0a5-5644-4f83-b8f6-d24959ac1829','2024-01-30 08:32:48','2024-01-30 08:32:48'),('a2116332-3486-4289-ac1d-6247db7a940b','2021-11-12','fad60295-77de-42fc-aa7f-8b67dbe6912c','2024-01-30 08:32:48','2024-01-30 08:32:48'),('a3995fd1-8dad-43e2-9f42-31c427860b7e','2017-08-04','a534651e-433d-4bc6-a1bb-da0cd286ccbd','2024-01-30 08:32:48','2024-01-30 08:32:48'),('a90b9e43-9998-4956-8700-a3885d4fc0fc','2023-01-15','22f9cf1e-4697-40fa-b46b-2cab09caafc6','2024-01-30 08:32:48','2024-01-30 08:32:48'),('a952a1f6-76b3-4b5e-a45f-a6a5b1becfc2','2015-08-20','d27021ea-95df-4b9e-a049-6424898a28ff','2024-01-30 08:32:49','2024-01-30 08:32:49'),('a9c27484-3892-40c8-b191-22a20f490e12','2022-06-15','316c0f46-d80e-41ab-8edd-36dbb79ea703','2024-01-30 08:32:48','2024-01-30 08:32:48'),('afd64e22-6fe1-4b67-9ff0-6bcaf127eb0c','2021-09-24','7bb8179b-9aa9-410c-b7c0-dcc3455dfaf8','2024-01-30 08:32:49','2024-01-30 08:32:49'),('b3909670-7dac-429a-a0ff-93a8638f0778','2017-11-19','86687896-f092-4268-9680-617f78213769','2024-01-30 08:32:48','2024-01-30 08:32:48'),('b3aa503b-e718-4f4d-a30c-d8ad4e1aaf97','2024-01-23','7bed821a-6695-4107-ad29-0676781d4df2','2024-01-30 08:32:49','2024-01-30 08:32:49'),('b51a36b0-5346-4715-98d8-7a8304904a0f','2015-11-09','51c5668b-c588-439b-b3bd-2e4ae54ac2aa','2024-01-30 08:32:48','2024-01-30 08:32:48'),('b6e88f45-096b-43f2-9bf3-1332903f0c50','2017-03-08','15961c1e-f75a-4a26-bd8b-3812fb6e7622','2024-01-30 08:32:48','2024-01-30 08:32:48'),('b7f381b7-c5e0-44fa-b243-8f2c71c9b3b9','2016-06-24','38eadf0f-7481-4c21-935a-981186293583','2024-01-30 08:32:48','2024-01-30 08:32:48'),('bc50c6b3-e617-4481-8f38-fe78eb766daf','2021-10-18','379bdf9b-3ddb-4e4a-b04a-ba42ac0718c7','2024-01-30 08:32:48','2024-01-30 08:32:48'),('be2fa3fc-06ec-46b3-8934-823047b7ae11','2017-05-08','f8137089-62c9-4df1-978a-3dc911f93749','2024-01-30 08:32:49','2024-01-30 08:32:49'),('c33c56af-e479-4d2b-9d8f-f9c6a6088bb6','2018-09-10','38eadf0f-7481-4c21-935a-981186293583','2024-01-30 08:32:48','2024-01-30 08:32:48'),('c555b5df-66ab-47f3-8c7b-1cb782d4bf52','2021-05-08','f8137089-62c9-4df1-978a-3dc911f93749','2024-01-30 08:32:49','2024-01-30 08:32:49'),('cb01290e-f82e-4bea-8b89-af801dd76441','2014-04-06','5c48defd-dc6d-4684-bc5d-62f181959e9a','2024-01-30 08:32:48','2024-01-30 08:32:48'),('d05b6e32-379d-457f-a21e-6c06a9834db6','2023-12-15','3f2b7931-be20-4873-9821-0fbae8184553','2024-01-30 08:32:48','2024-01-30 08:32:48'),('d0f03356-e734-4ffb-8fa3-3ff47f113f80','2023-04-02','5bb2e731-c2cd-4cce-af2a-007e267ead18','2024-01-30 08:32:49','2024-01-30 08:32:49'),('d5c0d632-52db-4061-a932-39813acc9487','2020-02-12','3233ca0f-b417-4715-a934-f47631b2c5bf','2024-01-30 08:32:48','2024-01-30 08:32:48'),('d68238b0-c40e-4fd6-8bd6-051e932cf331','2015-03-29','fad60295-77de-42fc-aa7f-8b67dbe6912c','2024-01-30 08:32:48','2024-01-30 08:32:48'),('d821b025-9760-47b2-815a-547f73fc2150','2021-01-05','22f9cf1e-4697-40fa-b46b-2cab09caafc6','2024-01-30 08:32:48','2024-01-30 08:32:48'),('d8454723-3593-4c05-8a81-70191990daee','2019-06-24','94a531df-134b-4fe9-bf77-e44ae6738635','2024-01-30 08:32:48','2024-01-30 08:32:48'),('d9b182e9-c7a8-48cc-94df-5a960a14f919','2020-10-25','27e15c52-f49c-4955-87d9-98586e16df70','2024-01-30 08:32:49','2024-01-30 08:32:49'),('dcb9bc73-bd28-4414-aca7-ffebabb6e3cb','2020-08-30','15961c1e-f75a-4a26-bd8b-3812fb6e7622','2024-01-30 08:32:48','2024-01-30 08:32:48'),('dcf157fa-e393-43ce-8f15-598ed575f5fd','2021-07-03','86687896-f092-4268-9680-617f78213769','2024-01-30 08:32:48','2024-01-30 08:32:48'),('e3cf7ee5-e29c-43f3-95cb-d32db33b5b7e','2015-01-02','e665b766-dc31-44a1-9eda-54328b1e90e2','2024-01-30 08:32:48','2024-01-30 08:32:48'),('e46dc35e-80b4-4532-a83c-68bed6e25af4','2019-02-24','fad60295-77de-42fc-aa7f-8b67dbe6912c','2024-01-30 08:32:48','2024-01-30 08:32:48'),('e787ccf5-5780-43d4-8fb3-a7a36bfee815','2020-06-29','7bed821a-6695-4107-ad29-0676781d4df2','2024-01-30 08:32:48','2024-01-30 08:32:48'),('e7a44d4d-ca5f-40de-88f0-1503223d3f40','2017-12-03','453e8d72-e501-4fcb-aeb3-3994c9fd51fe','2024-01-30 08:32:49','2024-01-30 08:32:49'),('eb20b5af-24c2-4763-a77e-d0e9b81e50ed','2019-12-17','a93c1d0f-d46c-4552-b457-cc15bdabdee2','2024-01-30 08:32:48','2024-01-30 08:32:48'),('ee752203-1057-4921-9c7f-964b40b7621c','2017-05-17','18eceb7a-3c20-465b-9373-a7ade93bdccb','2024-01-30 08:32:48','2024-01-30 08:32:48'),('ee94cbcb-6f73-4abc-922f-5d8785ee2ac5','2023-12-15','b46d359b-cb88-4c69-96ca-60e68b0f5a74','2024-01-30 08:32:48','2024-01-30 08:32:48'),('eeaa191b-8ff6-4a1f-8ffe-816c4fefd8d5','2019-06-11','b46d359b-cb88-4c69-96ca-60e68b0f5a74','2024-01-30 08:32:48','2024-01-30 08:32:48'),('efd48b59-e6ad-4655-b5d0-eec03d1cfa5b','2022-01-16','89962be6-5f0e-429c-86f5-2468717d90f1','2024-01-30 08:32:49','2024-01-30 08:32:49'),('f03dcd48-5608-4123-b133-cc406cc448cb','2019-06-11','baf381b7-7e91-4d50-93e0-dbb25eb573f8','2024-01-30 08:32:48','2024-01-30 08:32:48'),('f6863972-81d1-4d2a-9b80-a5201ccaa384','2018-06-26','cf4f70ca-4ffc-45eb-845e-62e944a610fe','2024-01-30 08:32:49','2024-01-30 08:32:49'),('fa6bb8fc-e70a-4518-9eb8-6b864e515675','2018-04-20','3f2b7931-be20-4873-9821-0fbae8184553','2024-01-30 08:32:49','2024-01-30 08:32:49'),('fb64e660-9511-4ffa-ab5b-9f1e87df129a','2019-10-23','d429c58c-737d-4893-b052-ae0925958262','2024-01-30 08:32:49','2024-01-30 08:32:49');
/*!40000 ALTER TABLE `students` ENABLE KEYS */;
UNLOCK TABLES;

--
-- Table structure for table `teachers`
--

DROP TABLE IF EXISTS `teachers`;
/*!40101 SET @saved_cs_client     = @@character_set_client */;
/*!50503 SET character_set_client = utf8mb4 */;
CREATE TABLE `teachers` (
  `id` char(36) COLLATE utf8mb4_unicode_ci NOT NULL,
  `created_at` timestamp NULL DEFAULT NULL,
  `updated_at` timestamp NULL DEFAULT NULL,
  PRIMARY KEY (`id`)
) ENGINE=InnoDB DEFAULT CHARSET=utf8mb4 COLLATE=utf8mb4_unicode_ci;
/*!40101 SET character_set_client = @saved_cs_client */;

--
-- Dumping data for table `teachers`
--

LOCK TABLES `teachers` WRITE;
/*!40000 ALTER TABLE `teachers` DISABLE KEYS */;
INSERT INTO `teachers` VALUES ('0bf15f64-7411-4be3-a667-f15f634b7af4','2024-01-30 08:10:36','2024-01-30 08:10:36'),('2174086c-0b5a-4e11-be82-982d03edfc15','2024-01-30 08:10:36','2024-01-30 08:10:36'),('2fc00838-4b4b-4c25-8ca6-4eae59e6a910','2024-01-30 08:10:36','2024-01-30 08:10:36'),('5a7a9635-129c-4e86-b173-aa322abec93c','2024-01-30 08:10:36','2024-01-30 08:10:36'),('6e851354-0e8a-4380-b93c-777a3f561ec9','2024-01-30 08:10:36','2024-01-30 08:10:36'),('779f2314-936f-4f2b-89ef-11b31b413adb','2024-01-30 08:10:36','2024-01-30 08:10:36'),('8a175721-e9e9-40dc-8d8a-a0929035c096','2024-01-30 08:10:36','2024-01-30 08:10:36'),('8ca786ee-3ecf-4863-8c7d-cb653ad081a4','2024-01-30 08:10:36','2024-01-30 08:10:36'),('964e8628-36f3-4d66-883a-2b052dddb2d5','2024-01-30 08:10:36','2024-01-30 08:10:36'),('9a66a6a6-e6f1-4168-bb2f-f96b02a56efd','2024-01-30 08:10:36','2024-01-30 08:10:36'),('bfdc8c74-93e6-4b00-a818-dd43fbfa8c08','2024-01-30 08:10:36','2024-01-30 08:10:36'),('cc0925f5-71c0-42e4-a3dc-8f32b793be01','2024-01-30 08:10:36','2024-01-30 08:10:36'),('d39f09e4-8cee-4147-8e98-65343435b215','2024-01-30 08:10:36','2024-01-30 08:10:36'),('d64a82a7-5165-4932-bc89-69d3724801a3','2024-01-30 08:10:36','2024-01-30 08:10:36'),('da4c1bb1-db7e-4109-9cd7-49ceed1647b9','2024-01-30 08:10:36','2024-01-30 08:10:36'),('dac2519b-b315-45f3-a6f0-9f0ad28177d8','2024-01-30 08:10:36','2024-01-30 08:10:36'),('de250e7d-4f06-4a5c-8ef4-a72c43296b9d','2024-01-30 08:10:36','2024-01-30 08:10:36'),('de54af2f-cad3-4e98-8698-9f78d57648fd','2024-01-30 08:10:36','2024-01-30 08:10:36'),('e30e7ae4-0d7f-4794-91be-0f15227a4940','2024-01-30 08:10:36','2024-01-30 08:10:36'),('f8059a82-d952-4f55-bbdf-1e0a21993f21','2024-01-30 08:10:36','2024-01-30 08:10:36');
/*!40000 ALTER TABLE `teachers` ENABLE KEYS */;
UNLOCK TABLES;

--
-- Table structure for table `users`
--

DROP TABLE IF EXISTS `users`;
/*!40101 SET @saved_cs_client     = @@character_set_client */;
/*!50503 SET character_set_client = utf8mb4 */;
CREATE TABLE `users` (
  `id` char(36) COLLATE utf8mb4_unicode_ci NOT NULL,
  `nom` varchar(255) COLLATE utf8mb4_unicode_ci NOT NULL,
  `postnom` varchar(255) COLLATE utf8mb4_unicode_ci DEFAULT NULL,
  `prenom` varchar(255) COLLATE utf8mb4_unicode_ci NOT NULL,
  `email` varchar(255) COLLATE utf8mb4_unicode_ci DEFAULT NULL,
  `blood_group` varchar(255) COLLATE utf8mb4_unicode_ci DEFAULT NULL,
  `gender_id` bigint unsigned NOT NULL,
  `phone` varchar(255) COLLATE utf8mb4_unicode_ci DEFAULT NULL,
  `birth` date NOT NULL,
  `medical_history` text COLLATE utf8mb4_unicode_ci,
  `address` text COLLATE utf8mb4_unicode_ci NOT NULL,
  `password` varchar(255) COLLATE utf8mb4_unicode_ci NOT NULL,
  `userable_id` char(36) COLLATE utf8mb4_unicode_ci NOT NULL,
  `userable_type` varchar(255) COLLATE utf8mb4_unicode_ci NOT NULL,
  `created_at` timestamp NULL DEFAULT NULL,
  `updated_at` timestamp NULL DEFAULT NULL,
  PRIMARY KEY (`id`),
  UNIQUE KEY `users_email_unique` (`email`),
  KEY `users_gender_id_foreign` (`gender_id`),
  CONSTRAINT `users_gender_id_foreign` FOREIGN KEY (`gender_id`) REFERENCES `genders` (`id`) ON UPDATE CASCADE
) ENGINE=InnoDB DEFAULT CHARSET=utf8mb4 COLLATE=utf8mb4_unicode_ci;
/*!40101 SET character_set_client = @saved_cs_client */;

--
-- Dumping data for table `users`
--

LOCK TABLES `users` WRITE;
/*!40000 ALTER TABLE `users` DISABLE KEYS */;
INSERT INTO `users` VALUES ('0067ac70-d730-4554-bcb2-7d711126063f','Feest','Mr. Ulises Crooks DDS','Luna','dmarquardt@hammes.info','O-',1,'314-737-8685','2017-11-12','Ea et enim commodi fugit voluptates aut. Tenetur libero praesentium corporis temporibus voluptatem. Voluptatibus eos ut officiis ex cum ratione. Sit est sed id odit recusandae quam repellendus nam.','54846 Wehner Streets\nGeoffreytown, MA 79344-2074','$2y$10$92IXUNpkjO0rOQ5byMi.Ye4oKoEa3Ro9llC/.og/at2.uheWG/igi','8b6f85b2-e0bc-4a39-97e3-a412dec2268d','App\\Models\\Student','2024-01-30 08:32:50','2024-01-30 08:32:50'),('024ee88e-d53e-486a-ac19-a9e5f1e3318a','Bergstrom','Juston Ratke II','Kristoffer','sschuster@west.com','B-',2,'+1 (361) 510-0123','2014-10-26','Nulla quibusdam consequatur cum atque pariatur eveniet illo. Eligendi dolorem dolore error est dignissimos aliquid id.','614 Powlowski Island Apt. 156\nBartholomeport, DE 58468-2399','$2y$10$92IXUNpkjO0rOQ5byMi.Ye4oKoEa3Ro9llC/.og/at2.uheWG/igi','7266e192-73c5-45c4-8368-f137a2d6ba4c','App\\Models\\Student','2024-01-30 08:32:50','2024-01-30 08:32:50'),('02ca8579-b855-4420-8dfb-88333f7335d5','Hartmann','Maye Fritsch','Wendell','wrenner@hotmail.com','AB-',1,'925-853-3744','2014-08-06','Ea quisquam delectus harum ratione consequatur perferendis sed. Ea et voluptas perspiciatis illum voluptas. Et et qui nisi ullam sit excepturi quas. Illum magnam non ea sit quia dolorem.','624 Leanna Glens Suite 453\nNolanhaven, MA 88410-2410','$2y$10$92IXUNpkjO0rOQ5byMi.Ye4oKoEa3Ro9llC/.og/at2.uheWG/igi','779f2314-936f-4f2b-89ef-11b31b413adb','App\\Models\\Teacher','2024-01-30 08:10:37','2024-01-30 08:10:37'),('031457ea-9382-43f9-bc22-62bdae809ef3','Hoppe','Dr. Daron Prohaska III','Sim','mdavis@gmail.com','O-',1,'+1-828-221-6999','2016-10-31','Nihil ex et accusantium aut quia. Aliquid est aliquid tenetur placeat. Incidunt quasi ea qui. Et dolores dolor in voluptatem aperiam quod nemo.','9209 Satterfield Grove\nO\'Reillyfurt, FL 52642-0642','$2y$10$92IXUNpkjO0rOQ5byMi.Ye4oKoEa3Ro9llC/.og/at2.uheWG/igi','e46dc35e-80b4-4532-a83c-68bed6e25af4','App\\Models\\Student','2024-01-30 08:32:50','2024-01-30 08:32:50'),('05a26863-af42-429a-88a8-46425d76cc8f','Bailey','Mariana Hettinger','Isabelle','hdoyle@hotmail.com','AB-',1,'412-594-8677','2019-05-14','Qui cum unde pariatur non tempora. Deleniti reiciendis vel deleniti autem alias quidem in. Est praesentium ipsum aut saepe mollitia.','306 Manley Hollow Suite 979\nNew Lizethstad, SD 77911','$2y$10$92IXUNpkjO0rOQ5byMi.Ye4oKoEa3Ro9llC/.og/at2.uheWG/igi','b7f381b7-c5e0-44fa-b243-8f2c71c9b3b9','App\\Models\\Student','2024-01-30 08:32:51','2024-01-30 08:32:51'),('06fab160-b866-4e56-b2e5-1eb1d898b643','Torp','Prof. Rod Pollich II','Harry','dorothy.abshire@yahoo.com','A+',2,'248-612-7469','2023-09-02','Labore voluptatem minima in amet rerum. Id et aliquid deserunt et voluptas corrupti. Et maiores consectetur quo voluptatum doloribus esse.','445 Abigail Court\nPort Liliane, VT 93696','$2y$10$92IXUNpkjO0rOQ5byMi.Ye4oKoEa3Ro9llC/.og/at2.uheWG/igi','9ef78e7c-9668-40fd-a211-2c50410b852d','App\\Models\\Student','2024-01-30 08:32:50','2024-01-30 08:32:50'),('07271800-3a79-4aa8-8e76-e87367a8fa70','Langosh','Dr. Deven Braun','Angelina','trantow.wilhelm@ratke.info','O-',2,'1-430-301-8686','2017-08-07','Velit consequatur qui omnis impedit harum vero sunt inventore. Nemo fuga cumque molestiae.','70092 Fritsch Trafficway Suite 519\nEast Alexandrinehaven, NJ 09574','$2y$10$92IXUNpkjO0rOQ5byMi.Ye4oKoEa3Ro9llC/.og/at2.uheWG/igi','995735fc-6d0c-4efe-9da0-9cd76a01dcb3','App\\Models\\Guardian','2024-01-30 08:37:36','2024-01-30 08:37:36'),('08b9ec3a-1e7b-4401-a2e2-0b263616cb33','Kuvalis','Yasmin Kub','Marcella','corkery.jerald@koelpin.com','A-',1,'+12142515685','2016-10-06','Porro odio et quidem molestias et. Nostrum doloremque officiis ad optio iste necessitatibus blanditiis recusandae. At quos id saepe ad consectetur.','595 McDermott Haven Suite 161\nArchview, IN 32104','$2y$10$92IXUNpkjO0rOQ5byMi.Ye4oKoEa3Ro9llC/.og/at2.uheWG/igi','8dd0f6cf-4ca0-420f-9031-023c0e6fbc53','App\\Models\\Guardian','2024-01-30 08:37:34','2024-01-30 08:37:34'),('09a1956d-013c-4bd6-8b34-5e86ba747ad0','Balistreri','Blair Klein','Caden','khuels@jakubowski.com','AB+',2,'(828) 476-7293','2021-04-12','Enim vitae nihil soluta consequuntur harum. Aut rerum inventore magni natus amet. Ratione suscipit eos ratione earum. Fugiat quia velit iste soluta fugit.','18300 Dolores Ferry\nPort Janessa, MA 50846','$2y$10$92IXUNpkjO0rOQ5byMi.Ye4oKoEa3Ro9llC/.og/at2.uheWG/igi','1d6a355e-8715-43f6-87dd-e1126cbf0bda','App\\Models\\Guardian','2024-01-30 08:37:35','2024-01-30 08:37:35'),('0b3959fb-e1d2-44f0-8cbb-99f052487b54','Balistreri','Ms. Natalia Hudson','Darren','mabelle39@towne.com','A+',1,'+1-843-766-8511','2019-07-16','Neque sit aspernatur et. Quaerat dolores sapiente quam facere quibusdam nobis excepturi. Dolorum harum earum non qui fugiat quam deserunt.','22843 Braun Road Apt. 589\nHerbertshire, DE 70990','$2y$10$92IXUNpkjO0rOQ5byMi.Ye4oKoEa3Ro9llC/.og/at2.uheWG/igi','93e4a2e8-0d01-4fad-a425-97f71210814b','App\\Models\\Student','2024-01-30 08:32:50','2024-01-30 08:32:50'),('0ce1622d-d3e5-4c38-9a9b-23472f385960','Conroy','Hazle Waters','Kaitlin','bruen.idell@muller.com','O-',2,'(507) 243-7941','2023-04-21','Numquam magnam eos et. Ratione incidunt quibusdam non dolor et qui. Deleniti itaque odit et id quaerat. Et deserunt placeat inventore pariatur voluptatem.','8324 Daren Summit\nSouth Meagan, MT 33754-5795','$2y$10$92IXUNpkjO0rOQ5byMi.Ye4oKoEa3Ro9llC/.og/at2.uheWG/igi','d9b182e9-c7a8-48cc-94df-5a960a14f919','App\\Models\\Student','2024-01-30 08:32:51','2024-01-30 08:32:51'),('0da9dcc3-d01e-46aa-af77-4505ef52d459','Upton','Augustus Oberbrunner','Garett','lurline.oconnell@yahoo.com','AB-',1,'225.977.1024','2021-02-25','Est quo minima voluptate assumenda magnam aut. Quas sit cupiditate quae cumque. Quis expedita consequatur rerum natus quaerat sit.','166 Isac Mill\nEast Zenaberg, TN 43132-6867','$2y$10$92IXUNpkjO0rOQ5byMi.Ye4oKoEa3Ro9llC/.og/at2.uheWG/igi','806828c6-eea2-4bb0-a2dd-1f287fd1c1b6','App\\Models\\Student','2024-01-30 08:32:51','2024-01-30 08:32:51'),('0db65ee9-365a-4d5f-ad57-b6c88526af1b','Gottlieb','Webster Denesik','Lexus','douglas.okey@gmail.com','AB+',1,'+18582025323','2020-12-09','Aliquam dolorem ea perspiciatis aut. Consequatur rem aut modi accusantium aliquam placeat. Voluptatem ullam at quia. Nisi est sunt enim quae.','55774 Spencer Circle Suite 245\nWest Thora, ME 76385-9395','$2y$10$92IXUNpkjO0rOQ5byMi.Ye4oKoEa3Ro9llC/.og/at2.uheWG/igi','f332ec3d-273d-4b4b-9e42-4f6e016fe11f','App\\Models\\Guardian','2024-01-30 08:37:35','2024-01-30 08:37:35'),('0dc9ead6-bcb1-4f5a-8b0b-598bcf66d85b','Kertzmann','Domenico Klein','Nadia','asia.franecki@gutmann.com','AB+',2,'743-331-2054','2023-06-20','Aperiam eaque voluptas veritatis explicabo dolor. Ipsa autem et tempora nobis quis odit quia. Laudantium nam culpa ratione nemo. Ut id non quibusdam porro est quidem commodi.','3892 Haylie Park\nEdwinside, MS 76492-7053','$2y$10$92IXUNpkjO0rOQ5byMi.Ye4oKoEa3Ro9llC/.og/at2.uheWG/igi','b7076f10-61d4-43d6-95d9-5e54c75ddcb6','App\\Models\\Guardian','2024-01-30 08:37:35','2024-01-30 08:37:35'),('0f2d8d00-c481-4993-afb6-f2159a74406a','Welch','Jared Cormier','Buck','wiegand.justen@parisian.com','AB+',1,'+1-754-365-8674','2018-02-16','Et omnis id ex expedita facilis minima sit quia. Dolores nobis enim necessitatibus sit autem pariatur deserunt minus. Commodi provident minima qui quia error.','817 Era Square Apt. 836\nMannbury, AR 98126-9566','$2y$10$92IXUNpkjO0rOQ5byMi.Ye4oKoEa3Ro9llC/.og/at2.uheWG/igi','8991e1de-be4a-4f6d-9f7e-63840a3b8f1f','App\\Models\\Student','2024-01-30 08:32:50','2024-01-30 08:32:50'),('0f7c9997-50be-47d7-b08c-4d36bedfe626','Kerluke','Kaya Hane','Keagan','octavia.langosh@gmail.com','A+',2,'323-858-6636','2021-09-11','Natus veniam ullam nisi nesciunt tempore quisquam distinctio. Dignissimos reprehenderit ea non aliquam suscipit non. Veniam omnis et eum autem. Explicabo laboriosam ipsam quia repellendus.','57405 Gunnar Creek Suite 645\nSouth Kyra, OK 19587-1101','$2y$10$92IXUNpkjO0rOQ5byMi.Ye4oKoEa3Ro9llC/.og/at2.uheWG/igi','f6863972-81d1-4d2a-9b80-a5201ccaa384','App\\Models\\Student','2024-01-30 08:32:51','2024-01-30 08:32:51'),('10accc3f-d501-4261-ac39-5fd075c2ffdc','Mann','Dean Pouros','Brennan','kdonnelly@bosco.com','O-',1,'364.768.7675','2016-10-22','Porro saepe rerum et praesentium cumque qui. Id voluptas ullam voluptatibus. Excepturi recusandae natus sequi molestias possimus dicta est.','8623 Mittie Lodge Suite 025\nBodestad, OH 98682-6444','$2y$10$92IXUNpkjO0rOQ5byMi.Ye4oKoEa3Ro9llC/.og/at2.uheWG/igi','59bba012-7572-4611-b603-7dab910feeb9','App\\Models\\Student','2024-01-30 08:32:51','2024-01-30 08:32:51'),('10db943c-7cb8-4475-8c2f-19e022df5ccb','Schumm','Johnathan Huel','Manuel','buckridge.uriel@ritchie.info','AB+',2,'+1.681.244.7365','2023-10-26','Aliquam voluptas corrupti quasi labore beatae aut at alias. Nihil debitis voluptatem eos quidem maiores aut eos. Enim sed quidem enim rerum animi ad.','19659 Itzel Path\nEast Tyreltown, MI 70901','$2y$10$92IXUNpkjO0rOQ5byMi.Ye4oKoEa3Ro9llC/.og/at2.uheWG/igi','8446d2c0-d2ea-4857-94d3-49fb4e9bebdc','App\\Models\\Guardian','2024-01-30 08:37:35','2024-01-30 08:37:35'),('13a9c3c7-712c-4c1c-a8c2-69b9fdcc255b','Marvin','Lonny Doyle','Kelli','agnes.gleichner@pacocha.com','A+',1,'(769) 514-7619','2016-07-04','Non amet laboriosam ut velit aut. Qui nostrum quisquam at amet delectus ex.','34302 Hudson Club Apt. 643\nEast Mckennachester, ME 24550','$2y$10$92IXUNpkjO0rOQ5byMi.Ye4oKoEa3Ro9llC/.og/at2.uheWG/igi','b0a7f91f-4dc0-44cf-a97c-eb2a82785f3e','App\\Models\\Guardian','2024-01-30 08:37:36','2024-01-30 08:37:36'),('161a3cfe-23b4-4036-b1ee-18568815bbbd','Dach','Eileen Wolff Sr.','Ashly','swift.shany@yahoo.com','B-',2,'321.413.6522','2020-07-13','Ullam sunt nisi nihil vel sed. Doloremque nisi sint illo dolore dolores nam in. Aut aut eum distinctio nesciunt sunt non illo.','626 Ziemann Burg\nSouth Goldenbury, ND 99859-0995','$2y$10$92IXUNpkjO0rOQ5byMi.Ye4oKoEa3Ro9llC/.og/at2.uheWG/igi','d821b025-9760-47b2-815a-547f73fc2150','App\\Models\\Student','2024-01-30 08:32:50','2024-01-30 08:32:50'),('165a7c2d-ad67-4092-9209-153eec5a71c5','Bartoletti','Prof. Gloria Wuckert V','Jesus','jaquelin27@okuneva.biz','B-',2,'941-365-9977','2016-09-21','Debitis accusantium consequatur adipisci placeat velit eum repellat. Libero ipsa aperiam eaque corrupti et neque qui. Sequi cum et non natus eveniet.','4850 Kuhlman Estate\nYundtberg, WA 60761','$2y$10$92IXUNpkjO0rOQ5byMi.Ye4oKoEa3Ro9llC/.og/at2.uheWG/igi','8105c235-ccd7-4762-b64d-0dbcb246a9f9','App\\Models\\Guardian','2024-01-30 08:37:36','2024-01-30 08:37:36'),('170558eb-9d3d-4a02-9312-ff9a56d3b2e9','Boyle','Amelia Hackett','Elizabeth','euna24@gmail.com','B+',1,'(508) 295-5906','2023-03-07','Veritatis molestiae in incidunt dignissimos nihil atque. Earum dolores rem et tempore. Enim aut in porro sunt recusandae libero nostrum. Tempora laboriosam et molestiae eaque sapiente expedita.','373 Gutkowski Orchard Apt. 845\nLake Wilhelmine, OK 83768','$2y$10$92IXUNpkjO0rOQ5byMi.Ye4oKoEa3Ro9llC/.og/at2.uheWG/igi','8ad325e9-0bf8-4a40-95c7-7279c7415223','App\\Models\\Student','2024-01-30 08:32:51','2024-01-30 08:32:51'),('1c74b97c-8f3c-4b40-8f64-0c5950af2c42','Grimes','Juana Powlowski','Caitlyn','kerluke.mariane@hotmail.com','A-',1,'+13235892228','2015-04-17','Sed voluptas quia molestiae eum culpa eos quia. Reprehenderit quod aliquam qui architecto. Voluptatum qui vero aliquid rerum.','74986 Conor Rue Apt. 808\nLowemouth, GA 93172-9167','$2y$10$92IXUNpkjO0rOQ5byMi.Ye4oKoEa3Ro9llC/.og/at2.uheWG/igi','9bf295c4-7ff4-453b-a7b5-c5cfaccb2a01','App\\Models\\Guardian','2024-01-30 08:37:36','2024-01-30 08:37:36'),('1ca77c46-9ce2-4df8-b2a4-6de3eaa44523','Stracke','Royal Kshlerin III','Ethyl','autumn36@gmail.com','O-',2,'(305) 453-9921','2018-12-22','Quo deleniti voluptas aperiam. Esse et ipsa deleniti. Quam cumque et occaecati itaque. Sit odit rerum explicabo et.','31121 Baumbach Freeway Apt. 081\nEast Floy, MD 18587','$2y$10$92IXUNpkjO0rOQ5byMi.Ye4oKoEa3Ro9llC/.og/at2.uheWG/igi','210d237f-1637-4b0d-82a5-c2447639fa81','App\\Models\\Student','2024-01-30 08:32:51','2024-01-30 08:32:51'),('1e25cccd-b513-4350-aea7-11d1da6f26cf','Schoen','Prof. Winston Tromp','Matteo','pollich.jazmyn@witting.net','B+',2,'+16813258421','2021-06-19','Molestias qui atque saepe modi suscipit libero. Laborum similique quis nesciunt.','75399 Otilia Stravenue Apt. 509\nBarrowsbury, WI 84024-1947','$2y$10$92IXUNpkjO0rOQ5byMi.Ye4oKoEa3Ro9llC/.og/at2.uheWG/igi','5a7a9635-129c-4e86-b173-aa322abec93c','App\\Models\\Teacher','2024-01-30 08:10:37','2024-01-30 08:10:37'),('1e9d7a80-6373-4a6b-99fd-47e7461e8a1b','Roberts','Andrew Friesen Jr.','Owen','kale.brekke@koelpin.com','A-',2,'+1 (762) 973-6738','2022-11-17','Porro velit alias quasi occaecati corporis omnis. Qui dolorem numquam eius voluptatem et ullam natus. Suscipit quisquam impedit qui.','80142 Tre Mill Suite 104\nRutherfordside, CA 70152-8394','$2y$10$92IXUNpkjO0rOQ5byMi.Ye4oKoEa3Ro9llC/.og/at2.uheWG/igi','8c633104-e1da-4ec3-9a27-2de3567b99ff','App\\Models\\Student','2024-01-30 08:32:49','2024-01-30 08:32:49'),('1ed65cb0-d788-4fbf-8803-de8fef20e6ed','Ratke','Mr. Ed Stoltenberg Jr.','Javier','maximo.quigley@gmail.com','A-',2,'+1.332.825.8728','2020-09-24','Rerum ut ad rerum neque molestias ipsam. Placeat mollitia tempora quia officiis ea dolore perferendis. Quia veniam inventore enim et. Natus velit ab commodi ipsum veniam et.','34343 Turcotte Summit\nKleinville, OR 89758-7300','$2y$10$92IXUNpkjO0rOQ5byMi.Ye4oKoEa3Ro9llC/.og/at2.uheWG/igi','de250e7d-4f06-4a5c-8ef4-a72c43296b9d','App\\Models\\Teacher','2024-01-30 08:10:37','2024-01-30 08:10:37'),('1f7d1e2b-19d6-4891-b45e-4b7d85e3e2bd','Hartmann','Miss Breana Lesch MD','Trudie','germaine38@yahoo.com','A-',1,'908-524-0580','2016-01-21','Ex earum at reprehenderit accusantium repellendus. Quibusdam excepturi nesciunt doloribus quas aperiam. Eveniet aut laborum sed esse eligendi enim.','82514 Eusebio Valleys\nBradleyfurt, IL 13645','$2y$10$92IXUNpkjO0rOQ5byMi.Ye4oKoEa3Ro9llC/.og/at2.uheWG/igi','be31aa23-2a73-4005-8bed-94721888bf54','App\\Models\\Guardian','2024-01-30 08:37:36','2024-01-30 08:37:36'),('22544090-5fb4-4644-abf5-2a634cf355c2','Cormier','Miss Novella Sawayn MD','Winifred','frami.forest@hotmail.com','AB+',1,'959.518.1045','2022-03-20','Aut architecto consequatur voluptatem officia harum inventore placeat. Impedit quis praesentium officia et voluptas quod. Nobis velit et consectetur ut sint nesciunt autem.','9817 Wuckert Harbors Suite 776\nSouth Damion, AK 39918','$2y$10$92IXUNpkjO0rOQ5byMi.Ye4oKoEa3Ro9llC/.og/at2.uheWG/igi','5e843c82-306c-41b4-9492-be679032a61c','App\\Models\\Guardian','2024-01-30 08:37:35','2024-01-30 08:37:35'),('23bb6f42-9da9-446d-9316-097da8ca3f4c','Ferry','Brandi Dietrich','Hiram','irwin.gerlach@larkin.com','AB+',1,'(820) 788-2060','2016-03-24','Ut provident aut consequuntur ipsa deleniti minus illo amet. Voluptate ipsam consectetur illo voluptas molestias doloremque. Veritatis quia unde excepturi accusamus.','5540 Raina Avenue Suite 729\nSchulisttown, IN 06438','$2y$10$92IXUNpkjO0rOQ5byMi.Ye4oKoEa3Ro9llC/.og/at2.uheWG/igi','c06b9bda-09d8-4998-898d-d0c41460c59c','App\\Models\\Guardian','2024-01-30 08:37:36','2024-01-30 08:37:36'),('2546f7ae-f5be-4e24-aa75-007af6d7eddf','Sporer','Kaycee Hyatt','Elody','kirlin.catharine@yahoo.com','O+',2,'+1.505.976.5828','2021-05-01','Odit debitis quo nam beatae voluptas numquam. Ut qui id et excepturi itaque veritatis placeat. Reiciendis voluptatem ut possimus itaque et.','55119 Callie Point\nBrantstad, SC 43007','$2y$10$92IXUNpkjO0rOQ5byMi.Ye4oKoEa3Ro9llC/.og/at2.uheWG/igi','f17755e8-2076-452e-9c2d-6ad1076269a2','App\\Models\\Guardian','2024-01-30 08:37:35','2024-01-30 08:37:35'),('2a2e0012-27e7-4339-83d5-ff9725c4fe42','Flatley','Hettie Rogahn','Zackery','jimmy14@gmail.com','O-',2,'(239) 500-6269','2018-06-24','Maiores ea omnis modi. Maiores et eaque quia deserunt labore delectus voluptates iure. Ratione sit laudantium cumque aut dolorum.','17744 Yessenia Centers\nEast Dangelo, CO 26638-5757','$2y$10$92IXUNpkjO0rOQ5byMi.Ye4oKoEa3Ro9llC/.og/at2.uheWG/igi','be2fa3fc-06ec-46b3-8934-823047b7ae11','App\\Models\\Student','2024-01-30 08:32:51','2024-01-30 08:32:51'),('2c3bf646-11fa-49b8-b6cf-ff86eb6b338a','Cremin','Laury Rolfson','Axel','nhane@hotmail.com','A-',2,'+1-470-875-3009','2016-03-19','Qui et et quod est consequatur sint. Quia nulla est et voluptatum est tenetur. Voluptatibus voluptas repellendus velit dicta error facere autem. Aut deserunt possimus sit ut.','12978 Elvis Stream Suite 505\nWest Fletcherburgh, IA 29237-3360','$2y$10$92IXUNpkjO0rOQ5byMi.Ye4oKoEa3Ro9llC/.og/at2.uheWG/igi','8d4a5d7c-7480-462e-8411-109960e1188c','App\\Models\\Guardian','2024-01-30 08:37:34','2024-01-30 08:37:34'),('2c7265b8-6537-4da5-9f98-a88e2d3c77d8','Kling','Carter Collier','Chadrick','rhermiston@yahoo.com','O-',1,'458-594-2429','2021-04-13','Corrupti optio ut sapiente pariatur perspiciatis. Veniam non vel ut consequatur molestiae corrupti quibusdam. Enim dolores voluptates iusto saepe voluptatem et aut. Eius sint necessitatibus corrupti.','2794 Franecki Isle Apt. 622\nNew Ayana, KY 76175-8145','$2y$10$92IXUNpkjO0rOQ5byMi.Ye4oKoEa3Ro9llC/.og/at2.uheWG/igi','a1a819c3-b78d-43e7-a7ae-1697d2e4d2fd','App\\Models\\Student','2024-01-30 08:32:50','2024-01-30 08:32:50'),('2d895530-0227-4dbd-b568-6d1847ab1a74','Weber','Mr. Isaias Rau','Ryder','trycia09@romaguera.com','B-',2,'(570) 561-2296','2020-06-20','In qui et et sed ipsam nobis aut. Deleniti deserunt et sed perspiciatis facere iusto. Et quia quidem eveniet voluptatibus possimus facere est qui. Maxime nihil et ut id cupiditate deleniti.','852 Lukas Viaduct\nWest Sashaside, NC 66673','$2y$10$92IXUNpkjO0rOQ5byMi.Ye4oKoEa3Ro9llC/.og/at2.uheWG/igi','b7b25f7b-c35c-440f-9c03-3aeccb739155','App\\Models\\Guardian','2024-01-30 08:37:36','2024-01-30 08:37:36'),('2f71771a-e36e-4ea7-984e-a7f5e1b4ab0d','Kshlerin','Miss Alysha Bernhard','Cara','grady93@treutel.net','O-',2,'+1-786-817-0109','2023-02-15','Corporis maxime voluptas eveniet voluptatibus dignissimos velit. Nam rerum dolorum cupiditate ut. Enim sapiente cupiditate ut eum officiis aspernatur.','285 Bruen Plains\nPort Ryanmouth, WV 06510','$2y$10$92IXUNpkjO0rOQ5byMi.Ye4oKoEa3Ro9llC/.og/at2.uheWG/igi','d68238b0-c40e-4fd6-8bd6-051e932cf331','App\\Models\\Student','2024-01-30 08:32:49','2024-01-30 08:32:49'),('304f1fe5-2322-4b5c-bc24-0d3154b7018f','Tillman','Ms. Alyce Prosacco','Wendy','juwan.langosh@gmail.com','AB+',2,'949.576.0716','2014-02-17','Quae error quia nam non. Quia id nemo corrupti officiis quos officia debitis. Quis maxime odio deleniti sunt blanditiis eos incidunt.','959 Nader Gateway\nO\'Harachester, ND 16230','$2y$10$92IXUNpkjO0rOQ5byMi.Ye4oKoEa3Ro9llC/.og/at2.uheWG/igi','d96306ff-790f-468e-b838-38e4a5d96661','App\\Models\\Guardian','2024-01-30 08:37:36','2024-01-30 08:37:36'),('3080424b-0131-4218-a76c-3d95f065e0dd','Hegmann','Ila Wuckert','Misty','fmcglynn@keebler.org','B-',2,'(323) 779-7885','2021-12-18','Velit aperiam non ullam voluptates quo quibusdam suscipit aliquam. Earum aperiam aut qui. Dignissimos voluptatem tenetur expedita iure.','31494 Mina Pass\nPort Stanton, MI 78778-3205','$2y$10$92IXUNpkjO0rOQ5byMi.Ye4oKoEa3Ro9llC/.og/at2.uheWG/igi','74d8a3a8-77ed-4448-940c-180ce5c3dfa6','App\\Models\\Student','2024-01-30 08:32:52','2024-01-30 08:32:52'),('30a811b7-6d72-46b2-97ea-bb6ec0448def','Borer','Donato Barton','Estrella','nwiegand@zboncak.com','A+',2,'(539) 969-9261','2023-11-24','Corporis deleniti est autem hic voluptatem. Quidem dolore praesentium velit.','8239 O\'Connell Bridge\nConstancebury, OH 42819-3335','$2y$10$92IXUNpkjO0rOQ5byMi.Ye4oKoEa3Ro9llC/.og/at2.uheWG/igi','0bf15f64-7411-4be3-a667-f15f634b7af4','App\\Models\\Teacher','2024-01-30 08:10:37','2024-01-30 08:10:37'),('31a983bb-1d2d-4259-8765-ade8a56a81a3','Morissette','Mertie Sporer','Alessandro','ejenkins@cruickshank.com','A-',1,'+1-351-200-1679','2023-09-23','Dolore qui laboriosam iste qui optio. Dolorem sed qui tempora rerum voluptatem.','837 Anderson Junction Suite 393\nLake Brantside, VA 16948-7230','$2y$10$92IXUNpkjO0rOQ5byMi.Ye4oKoEa3Ro9llC/.og/at2.uheWG/igi','afd64e22-6fe1-4b67-9ff0-6bcaf127eb0c','App\\Models\\Student','2024-01-30 08:32:51','2024-01-30 08:32:51'),('31c3eb6c-275d-4008-8104-798d58a6b379','Bailey','Prof. Shyanne Boehm II','Isaias','mara00@muller.com','AB-',2,'469.822.4854','2022-02-21','Molestias est minima aliquam et esse quod. Ratione sapiente molestiae voluptatem repellat. Sed amet at id. Possimus at voluptate velit porro harum dolor quibusdam.','290 Soledad Squares Suite 499\nHermanport, AL 39093','$2y$10$92IXUNpkjO0rOQ5byMi.Ye4oKoEa3Ro9llC/.og/at2.uheWG/igi','8c4aa5fb-f574-4536-9b95-def7d0214d8a','App\\Models\\Student','2024-01-30 08:32:49','2024-01-30 08:32:49'),('33d8fb15-f981-4481-8b8f-a5c1cf130988','Runte','Lynn O\'Connell','Kira','serena65@gmail.com','AB+',2,'+1-732-562-9744','2021-05-07','Et odit nostrum et qui culpa quia reprehenderit. Voluptatum error vel repellendus sed dignissimos ea. Voluptatem autem quidem ipsa natus.','77306 Golda Lakes\nHoppemouth, SD 88359','$2y$10$92IXUNpkjO0rOQ5byMi.Ye4oKoEa3Ro9llC/.og/at2.uheWG/igi','9f37ab48-7ab1-46eb-bc83-75bc6f3c848c','App\\Models\\Guardian','2024-01-30 08:37:36','2024-01-30 08:37:36'),('342f4011-f617-47a1-804a-1a8a4c3a8225','Dibbert','Prof. Austin Morar','Clark','jernser@hotmail.com','A+',2,'+1.512.450.6126','2016-07-14','Sequi quia voluptates itaque modi ut recusandae consequatur. Ducimus magnam numquam incidunt quasi.','291 Monahan Extension\nElizaside, MA 99999-6623','$2y$10$92IXUNpkjO0rOQ5byMi.Ye4oKoEa3Ro9llC/.og/at2.uheWG/igi','5eccf9e8-2934-45a8-952f-6e3863c85fc5','App\\Models\\Student','2024-01-30 08:32:49','2024-01-30 08:32:49'),('350a6c7f-48a1-4e12-9a1f-2d152d44f812','Stiedemann','Alexane Doyle','Barton','sasha83@yahoo.com','B+',1,'1-417-383-9351','2016-01-05','Molestias quia facilis illum vel nulla non. Commodi molestiae voluptatem occaecati qui. Consectetur quae voluptas quia aliquid occaecati sit ratione nostrum.','39206 Nathanael Dam Suite 229\nEast Cortezville, ME 97356-5446','$2y$10$92IXUNpkjO0rOQ5byMi.Ye4oKoEa3Ro9llC/.og/at2.uheWG/igi','672f4ee3-331d-443e-9b8f-c3b79ba57365','App\\Models\\Student','2024-01-30 08:32:50','2024-01-30 08:32:50'),('357397ce-188f-459b-90da-413ad8e0d50a','Ziemann','Dr. Myrtie Cartwright','Gina','rowena45@gorczany.info','B+',2,'+1.332.644.7537','2017-10-17','Necessitatibus doloremque consequatur ut totam unde. Nam dolorem aut aliquid voluptatibus velit. Asperiores atque quos rerum rerum est.','549 Satterfield Trace Apt. 625\nClaudiechester, GA 77842-7706','$2y$10$92IXUNpkjO0rOQ5byMi.Ye4oKoEa3Ro9llC/.og/at2.uheWG/igi','a1d0e6fe-93e0-4d49-9ffc-026a0f731f6b','App\\Models\\Student','2024-01-30 08:32:49','2024-01-30 08:32:49'),('35942b65-9ec4-4053-af73-a3f767755baf','Sauer','Nova O\'Reilly','Jodie','dayne.fahey@hotmail.com','B+',1,'1-718-492-7219','2020-03-02','Debitis architecto et iusto quibusdam. Error est similique dolores eos est et ut enim. Molestiae recusandae ut voluptatem ratione ipsa expedita molestias ut.','79788 Sporer Drive Apt. 998\nHageneston, MN 62072','$2y$10$92IXUNpkjO0rOQ5byMi.Ye4oKoEa3Ro9llC/.og/at2.uheWG/igi','b51a36b0-5346-4715-98d8-7a8304904a0f','App\\Models\\Student','2024-01-30 08:32:49','2024-01-30 08:32:49'),('37bf3081-2a08-4e6c-a160-8e293e47b9e6','Lemke','Stephen Ward','Ova','kautzer.chelsie@paucek.com','A+',2,'475.667.9648','2014-09-17','Ut consequatur qui quae nesciunt animi enim. Unde nobis ducimus ut exercitationem. Qui reprehenderit provident et reprehenderit.','694 Thelma Rue\nNew Liam, NC 81785-7155','$2y$10$92IXUNpkjO0rOQ5byMi.Ye4oKoEa3Ro9llC/.og/at2.uheWG/igi','c33c56af-e479-4d2b-9d8f-f9c6a6088bb6','App\\Models\\Student','2024-01-30 08:32:50','2024-01-30 08:32:50'),('37c44977-6777-4300-8077-2844f9d20cd5','Crooks','Miss Neva Marvin DDS','Blaise','swift.vicky@hotmail.com','AB-',2,'531-628-0530','2019-10-20','Expedita et aperiam ut ea et. Adipisci labore voluptate laborum eum cum. Possimus ratione aperiam ab quaerat dolorem voluptas doloribus. Voluptatibus id inventore ipsam vel eius velit deleniti.','62174 Brent Ports Suite 547\nLake Uriah, NE 87007-8725','$2y$10$92IXUNpkjO0rOQ5byMi.Ye4oKoEa3Ro9llC/.og/at2.uheWG/igi','b3aa503b-e718-4f4d-a30c-d8ad4e1aaf97','App\\Models\\Student','2024-01-30 08:32:51','2024-01-30 08:32:51'),('39db1520-6bde-4a71-9d70-0ca60bf0adba','Murazik','Ms. Tessie Kovacek','Kristofer','metz.ona@gmail.com','O-',2,'+1-618-632-5987','2014-06-20','Rerum atque sed nam fugiat. Dicta iusto nostrum similique rem repudiandae aut in natus.','12804 Buster Glens\nNew Luciano, MI 26991-2488','$2y$10$92IXUNpkjO0rOQ5byMi.Ye4oKoEa3Ro9llC/.og/at2.uheWG/igi','b3909670-7dac-429a-a0ff-93a8638f0778','App\\Models\\Student','2024-01-30 08:32:49','2024-01-30 08:32:49'),('3afcbafa-bf3b-49fd-a7ca-c140c6521cc1','Ankunding','Ludie Treutel','Holly','russel56@hotmail.com','O-',1,'1-716-437-6824','2020-01-16','Tenetur qui veritatis quo sit. Est veniam dolore alias amet amet et et. Ut id labore magni tempore aspernatur tenetur molestiae. Quis incidunt quia enim sunt cumque aut.','658 Sam Mission\nPort Cooperchester, PA 38971','$2y$10$92IXUNpkjO0rOQ5byMi.Ye4oKoEa3Ro9llC/.og/at2.uheWG/igi','c555b5df-66ab-47f3-8c7b-1cb782d4bf52','App\\Models\\Student','2024-01-30 08:32:51','2024-01-30 08:32:51'),('3b400e7f-f3f6-43bd-9120-a3844e996faa','Morissette','Prof. Timothy Blanda II','Martin','mraz.quincy@gmail.com','AB-',2,'971-364-9836','2016-12-11','Sint maiores consequatur nostrum ab enim. Qui vitae qui voluptates reiciendis. Perspiciatis et est aut numquam consequatur id iste. Omnis voluptas in qui iste autem distinctio corporis.','35601 Bartell Mountains\nKonopelskiburgh, NV 38705','$2y$10$92IXUNpkjO0rOQ5byMi.Ye4oKoEa3Ro9llC/.og/at2.uheWG/igi','a6801810-d783-4370-a9d2-c31d9437dce9','App\\Models\\Guardian','2024-01-30 08:37:36','2024-01-30 08:37:36'),('41843057-2381-4f6e-b0e7-95c9b8fc770d','Bogisich','Derek Abbott','Logan','klehner@hotmail.com','O-',1,'+1-971-323-0940','2021-11-30','Nam sit libero aperiam eveniet consequatur qui aut. Non id rerum voluptatem rerum doloremque asperiores. Doloribus cumque omnis sed. Totam libero quidem laborum veritatis.','749 Schinner Dam Apt. 583\nBrentstad, VT 42827','$2y$10$92IXUNpkjO0rOQ5byMi.Ye4oKoEa3Ro9llC/.og/at2.uheWG/igi','843a4280-c06f-4bde-8231-e950de4ad51c','App\\Models\\Student','2024-01-30 08:32:51','2024-01-30 08:32:51'),('42c18123-5c8c-4078-a013-409b07c13ea5','Konopelski','Miss Chyna Eichmann MD','Doyle','edaugherty@jast.biz','O+',2,'724-758-0653','2018-05-22','Deleniti rem dolore eum dignissimos sunt. Enim nulla sint saepe vitae. Eum voluptate sed nobis velit delectus. Et nobis similique voluptas nihil autem.','2642 Elise Pines\nEast Jenningsview, FL 79830-0296','$2y$10$92IXUNpkjO0rOQ5byMi.Ye4oKoEa3Ro9llC/.og/at2.uheWG/igi','ce163180-7a52-475e-83bf-7795c521fdee','App\\Models\\Guardian','2024-01-30 08:37:35','2024-01-30 08:37:35'),('434a1476-26de-4f6d-aba3-ed885ad0f6f5','Waters','Lonny Lynch','Blake','farrell.jamaal@gmail.com','A+',1,'1-207-558-6223','2014-03-08','Dolor voluptas dolorem quod fuga ipsum omnis. Itaque rerum quod sit fuga dignissimos. Ex qui iste quo reiciendis iste eos accusamus. Molestiae deleniti molestiae nemo illum.','456 Tony Vista Suite 293\nPredovictown, KY 63875','$2y$10$92IXUNpkjO0rOQ5byMi.Ye4oKoEa3Ro9llC/.og/at2.uheWG/igi','77c3d6ff-5265-4315-8572-de2d12cfe211','App\\Models\\Student','2024-01-30 08:32:51','2024-01-30 08:32:51'),('45e0e525-fd2f-4bf4-9bc0-1cb6de557659','Jaskolski','Mozelle Walter Jr.','Novella','echamplin@hotmail.com','O-',2,'(930) 472-1392','2021-07-25','Autem et voluptatem assumenda deserunt dolor voluptatem laboriosam dicta. Sunt laborum qui quo nostrum fuga molestiae.','16961 Harris River Apt. 197\nNorth Devin, TN 84763-2972','$2y$10$92IXUNpkjO0rOQ5byMi.Ye4oKoEa3Ro9llC/.og/at2.uheWG/igi','dac2519b-b315-45f3-a6f0-9f0ad28177d8','App\\Models\\Teacher','2024-01-30 08:10:37','2024-01-30 08:10:37'),('4af4aa4d-0ea6-4919-83c2-3855c980c82c','Farrell','Omer Funk','Dustin','pacocha.reyna@simonis.info','A-',2,'650-705-5217','2021-03-02','Nihil officia quae esse ut ea. Quis sequi quaerat cupiditate delectus odit tenetur necessitatibus. Error et quasi temporibus eum et voluptatem ea.','30971 Sophie Forges\nTyreseton, MS 24742-5788','$2y$10$92IXUNpkjO0rOQ5byMi.Ye4oKoEa3Ro9llC/.og/at2.uheWG/igi','d05b6e32-379d-457f-a21e-6c06a9834db6','App\\Models\\Student','2024-01-30 08:32:50','2024-01-30 08:32:50'),('4bb0ca18-94da-4b06-a697-2356096c9d14','Koelpin','Jonatan Swift II','Jarod','imohr@cartwright.com','B+',1,'1-838-987-8636','2017-06-22','Nesciunt est blanditiis porro velit temporibus quisquam. Omnis animi debitis quidem ut odit. Sed velit quia temporibus explicabo alias quas. Qui quo autem qui at tenetur quis.','53444 Antonietta Stream\nHalliefurt, LA 01047','$2y$10$92IXUNpkjO0rOQ5byMi.Ye4oKoEa3Ro9llC/.og/at2.uheWG/igi','a5bcb855-45ce-46ad-8880-376e467ecd5a','App\\Models\\Guardian','2024-01-30 08:37:35','2024-01-30 08:37:35'),('4de11bc5-4953-4e85-83a7-62826696ec8c','Jast','Dr. Hope Rippin','Duncan','lorenzo06@homenick.com','O+',2,'+1-445-793-0276','2018-01-22','Incidunt ad ex et voluptas similique. Voluptas at fugiat adipisci et. Facere et id laudantium a officia.','3378 Eveline Common\nSelinahaven, OH 58712-7628','$2y$10$92IXUNpkjO0rOQ5byMi.Ye4oKoEa3Ro9llC/.og/at2.uheWG/igi','702bfafd-6d72-4490-af85-6591c9c538bd','App\\Models\\Student','2024-01-30 08:32:49','2024-01-30 08:32:49'),('4e3ecad9-44b5-4c97-a596-5dc2f25a82be','Kozey','Miss Cora Cummings','Candida','ardith05@gmail.com','O+',1,'+1-303-353-3097','2021-04-21','Et dolorem est accusamus qui. Dolorem eum aperiam fugiat eveniet fugiat expedita impedit voluptates. Quos hic est minus asperiores quis asperiores voluptate.','5670 Otho Crossing\nVerniechester, AK 05795','$2y$10$92IXUNpkjO0rOQ5byMi.Ye4oKoEa3Ro9llC/.og/at2.uheWG/igi','d8454723-3593-4c05-8a81-70191990daee','App\\Models\\Student','2024-01-30 08:32:50','2024-01-30 08:32:50'),('4f5b3776-bc5d-4c8e-8329-68bb3b380dcd','Reynolds','Erin Simonis','Camille','rashad.halvorson@rath.com','O+',2,'650-441-2519','2022-06-29','Eveniet aut aut facere consequatur. Ad velit quo tenetur facilis ut occaecati. Rerum aut et natus a. Enim labore eligendi sit deserunt suscipit odit.','57293 Rylan Ways\nMertzland, VA 08324','$2y$10$92IXUNpkjO0rOQ5byMi.Ye4oKoEa3Ro9llC/.og/at2.uheWG/igi','da4c1bb1-db7e-4109-9cd7-49ceed1647b9','App\\Models\\Teacher','2024-01-30 08:10:36','2024-01-30 08:10:36'),('5022fd3f-6f7b-4190-aa55-e569d2a2aed8','Veum','Arianna O\'Keefe','April','olang@nicolas.org','AB-',1,'+1-650-637-1438','2022-11-16','Sequi quis aspernatur et fuga. In odit sint cupiditate. Eum aut dignissimos fuga recusandae.','1573 Grady Road Apt. 525\nJohnstonbury, OK 46040-2076','$2y$10$92IXUNpkjO0rOQ5byMi.Ye4oKoEa3Ro9llC/.og/at2.uheWG/igi','27b0b87a-4726-4e23-9841-e915ec28cbde','App\\Models\\Guardian','2024-01-30 08:37:36','2024-01-30 08:37:36'),('51a2272b-eb0b-46b0-9c59-be9624d5a32c','Nitzsche','Sidney Yost II','Jessie','kstanton@hotmail.com','A-',1,'1-386-480-0045','2022-07-09','Vero a excepturi et. Officia animi odit et commodi qui distinctio. Consectetur est possimus culpa provident nemo repellendus. Eius quia delectus qui est repudiandae.','645 Devyn Cliffs Apt. 545\nHyattbury, NC 44730-3755','$2y$10$92IXUNpkjO0rOQ5byMi.Ye4oKoEa3Ro9llC/.og/at2.uheWG/igi','964e8628-36f3-4d66-883a-2b052dddb2d5','App\\Models\\Teacher','2024-01-30 08:10:37','2024-01-30 08:10:37'),('53a8832f-6afd-41c1-8b1d-cbbd05e9dd10','Muller','Jennifer Goodwin','Orval','kuvalis.joannie@ward.com','B+',1,'1-805-529-7417','2019-11-23','Sint enim numquam facere enim. Quibusdam rerum impedit tempore modi voluptatum harum nesciunt. Aut dignissimos est iure voluptas magni porro.','34063 Swaniawski Spurs Suite 731\nJacobishire, AK 02311','$2y$10$92IXUNpkjO0rOQ5byMi.Ye4oKoEa3Ro9llC/.og/at2.uheWG/igi','9a2de427-174e-44ee-904b-e8b809a1a03f','App\\Models\\Guardian','2024-01-30 08:37:34','2024-01-30 08:37:34'),('58dfe637-058b-4b9b-ad3b-d45b186df8f5','Paucek','Mr. Davin Kemmer IV','Orland','adah.champlin@gislason.com','A+',2,'1-240-800-7140','2014-08-20','Neque laborum eius aliquam nihil accusamus officiis. Et dolorum illum eaque exercitationem. Ea reiciendis consequuntur qui.','7893 Griffin Gateway Apt. 874\nSabrynafurt, MI 83569-4122','$2y$10$92IXUNpkjO0rOQ5byMi.Ye4oKoEa3Ro9llC/.og/at2.uheWG/igi','8a175721-e9e9-40dc-8d8a-a0929035c096','App\\Models\\Teacher','2024-01-30 08:10:37','2024-01-30 08:10:37'),('5990d437-a8cb-479e-b28e-ee4983daf8d3','Gislason','Miss Amanda Sawayn PhD','Claudine','dhagenes@hotmail.com','A-',1,'+1 (757) 722-1724','2022-04-13','Sint consequatur rem qui quae tempora veniam adipisci. Magnam magni nemo fugiat voluptatem accusantium aut. Voluptatem possimus non recusandae fuga quidem qui.','5654 Jast Bypass\nHoweville, DC 40544-1232','$2y$10$92IXUNpkjO0rOQ5byMi.Ye4oKoEa3Ro9llC/.og/at2.uheWG/igi','71d048a1-82ec-4493-b511-0e992804011b','App\\Models\\Student','2024-01-30 08:32:51','2024-01-30 08:32:51'),('5ac51eef-bd2d-4d8e-8a74-3fe7f83fe597','Ryan','Kristin Schumm','Johnathan','deckow.willie@hilpert.info','AB-',1,'1-239-954-4721','2023-10-26','Atque recusandae ex aperiam dicta praesentium eos id quaerat. Facilis ut eos similique quas odio in. Enim pariatur et ut sit porro ratione quam. Eum voluptatem ipsum exercitationem quisquam.','9196 Ernser Corner\nAnibalberg, OH 45540-9852','$2y$10$92IXUNpkjO0rOQ5byMi.Ye4oKoEa3Ro9llC/.og/at2.uheWG/igi','f4e949b5-d5f9-4500-bdf3-317744ea27b4','App\\Models\\Guardian','2024-01-30 08:37:35','2024-01-30 08:37:35'),('5b00452c-ce13-4e43-b0f2-1b5801063bde','Mayer','Solon Mitchell','Kian','gislason.dave@mcdermott.com','A-',2,'+1.978.396.2608','2018-08-10','Ducimus architecto repellendus corrupti est. Placeat mollitia quas nemo voluptas molestiae in ab dicta. Aut voluptatem rerum nihil porro reprehenderit magnam id.','7251 Daniel Knoll\nBeulahmouth, SD 59668-0225','$2y$10$92IXUNpkjO0rOQ5byMi.Ye4oKoEa3Ro9llC/.og/at2.uheWG/igi','84bb3dda-15c0-46b3-8909-1a98b3935af7','App\\Models\\Student','2024-01-30 08:32:49','2024-01-30 08:32:49'),('5b9b7d6c-6811-45dc-8fb3-b163af6150b6','Hoeger','Cali Ward','Candida','rstark@hotmail.com','B+',1,'(973) 620-3644','2015-05-17','Magnam modi impedit id est aut. Consequatur sunt delectus adipisci quis facilis laudantium pariatur. Assumenda atque non aspernatur facilis porro sunt consectetur.','45436 Moore Square\nSistershire, IL 32680','$2y$10$92IXUNpkjO0rOQ5byMi.Ye4oKoEa3Ro9llC/.og/at2.uheWG/igi','6e851354-0e8a-4380-b93c-777a3f561ec9','App\\Models\\Teacher','2024-01-30 08:10:36','2024-01-30 08:10:36'),('5cc92590-463e-4933-8d94-8459faf55889','Konopelski','Casey Koelpin','Guido','lucious76@gmail.com','AB+',1,'(820) 791-9110','2019-07-01','Est numquam dicta libero eligendi mollitia et culpa. Nam sunt totam voluptas perspiciatis. Aliquid quas nemo quia voluptates quod aut in.','619 Koelpin Tunnel\nNorth Danialtown, PA 62189-0784','$2y$10$92IXUNpkjO0rOQ5byMi.Ye4oKoEa3Ro9llC/.og/at2.uheWG/igi','ddac6ad6-d009-4f74-bbb7-ec4f91b4d135','App\\Models\\Guardian','2024-01-30 08:37:35','2024-01-30 08:37:35'),('5ce6e06f-36b8-473a-965f-c4f0ce2c7e1b','Deckow','Sofia Cartwright','Mina','ulangosh@luettgen.com','AB+',1,'1-424-904-2728','2018-01-07','Dolorem atque a odit. Est rerum quia culpa voluptatum dolore facere laborum. Voluptas sit in eaque quasi quia. Velit animi atque in consequatur.','2753 Pat Curve Suite 645\nWest Johnniestad, OK 93087','$2y$10$92IXUNpkjO0rOQ5byMi.Ye4oKoEa3Ro9llC/.og/at2.uheWG/igi','3b096ad9-1983-40ed-b566-0091fdded99b','App\\Models\\Guardian','2024-01-30 08:37:35','2024-01-30 08:37:35'),('5d7d9e74-d7e5-420c-aa14-adeeac0d8693','Yost','Dr. Dawson Turner II','Lyda','jaleel.reinger@powlowski.com','A-',2,'(754) 528-9656','2019-04-28','Deserunt rem sed quo. Placeat error et autem culpa. Unde sed at aut quas.','857 Ankunding Turnpike\nPort Lizethstad, ID 23714','$2y$10$92IXUNpkjO0rOQ5byMi.Ye4oKoEa3Ro9llC/.og/at2.uheWG/igi','9e553da2-6962-490a-87c2-4a1363da1b45','App\\Models\\Student','2024-01-30 08:32:50','2024-01-30 08:32:50'),('5ffd318e-c9f6-4fb5-8e90-d028e352841c','Schiller','Dr. Macey Hyatt','Evalyn','akassulke@hammes.biz','O-',1,'+1-331-884-2598','2021-07-30','In laudantium doloribus corrupti dolores. Qui expedita et quod non omnis et. Qui sit dolore quia sunt quasi. Consectetur dolorem et alias. Nemo eum sed sit sapiente. Rem sint saepe excepturi ab.','9104 Cornell Spur Apt. 838\nBednarchester, SD 07888','$2y$10$92IXUNpkjO0rOQ5byMi.Ye4oKoEa3Ro9llC/.og/at2.uheWG/igi','fa6bb8fc-e70a-4518-9eb8-6b864e515675','App\\Models\\Student','2024-01-30 08:32:51','2024-01-30 08:32:51'),('60bc728e-0f77-4100-a680-32e89e02fd3d','Torp','Prof. Cletus Stehr MD','Fredrick','philip.hyatt@morissette.net','AB+',2,'+1-480-950-9674','2018-08-01','Earum officiis soluta cumque aut est rerum quia. Eaque qui libero deserunt. Natus in cumque distinctio ex asperiores et.','431 Brakus Prairie\nPort Destin, WY 16176','$2y$10$92IXUNpkjO0rOQ5byMi.Ye4oKoEa3Ro9llC/.og/at2.uheWG/igi','62b94aed-6800-47db-89d9-0013e8e66ea3','App\\Models\\Student','2024-01-30 08:32:52','2024-01-30 08:32:52'),('60c8703d-fcbb-45bb-8ef4-bd49fb2b6f1c','Dare','Prof. Bailey Batz','Malika','emilio.bashirian@abshire.com','AB+',2,'+1-832-474-4167','2018-08-02','Et quae ipsum commodi totam quis. Voluptatem qui quasi nobis pariatur ut. Eveniet blanditiis magnam cum dolores qui iste provident. Error eligendi voluptatum exercitationem saepe rerum modi.','708 Mann Forest Apt. 718\nSouth Jewel, IN 69291-3133','$2y$10$92IXUNpkjO0rOQ5byMi.Ye4oKoEa3Ro9llC/.og/at2.uheWG/igi','9b3ae82f-efd7-4f91-af9c-59590275a86b','App\\Models\\Student','2024-01-30 08:32:51','2024-01-30 08:32:51'),('60da8f4b-42e0-41e6-87d6-a09599c32267','Rosenbaum','Prof. Kayden Sipes','Arielle','chasity.barrows@yahoo.com','A-',2,'1-757-429-4602','2023-12-01','Error fuga maiores reiciendis eos id. Recusandae maiores est voluptas accusantium dolor sit recusandae. Ipsa voluptatem quia ab earum. Ea tempore porro tempora reprehenderit dolorum dolorem et.','244 Augustine Manor\nPort Barry, NH 39318-0813','$2y$10$92IXUNpkjO0rOQ5byMi.Ye4oKoEa3Ro9llC/.og/at2.uheWG/igi','dcf157fa-e393-43ce-8f15-598ed575f5fd','App\\Models\\Student','2024-01-30 08:32:50','2024-01-30 08:32:50'),('640dda51-2baf-40a2-930c-9a3defcf3951','Bartoletti','Wellington Bechtelar','Vincenzo','savanna.dietrich@hotmail.com','AB+',1,'831-952-6263','2019-10-11','Velit id velit cupiditate fugit perspiciatis. Laudantium consequuntur sapiente quisquam inventore accusantium aut temporibus et. Pariatur dolore at molestiae ipsam commodi.','98891 Elsa Drive Apt. 294\nNevamouth, LA 71521-1124','$2y$10$92IXUNpkjO0rOQ5byMi.Ye4oKoEa3Ro9llC/.og/at2.uheWG/igi','58c5441e-7b24-450d-a84f-1bbe4ccba0d1','App\\Models\\Student','2024-01-30 08:32:51','2024-01-30 08:32:51'),('645a1cce-10a7-492e-8176-f3d83f4f9627','Kirlin','Prof. Alycia Ryan PhD','Florencio','eugene.hills@hotmail.com','B-',2,'925-653-6505','2021-02-15','Nulla magni laudantium autem deserunt velit corrupti. Velit inventore repellendus blanditiis omnis unde. Ut inventore aut delectus sapiente illum nobis repudiandae in.','34628 Orn Tunnel Apt. 593\nAndersonfort, MS 83429-6107','$2y$10$92IXUNpkjO0rOQ5byMi.Ye4oKoEa3Ro9llC/.og/at2.uheWG/igi','78356691-d11b-492c-8996-2fb4d8cc27de','App\\Models\\Student','2024-01-30 08:32:50','2024-01-30 08:32:50'),('648f5120-1846-4ae5-80a3-597e97af5bda','Schimmel','Germaine Effertz','Wilbert','johnnie.adams@hotmail.com','AB-',1,'+1 (341) 389-5922','2016-09-24','Laudantium corrupti sint a iusto velit. Asperiores magni voluptatibus voluptatibus molestiae eos. Ut velit adipisci dolores rem est et. Qui aspernatur earum quae perspiciatis possimus error quia.','316 Johnathan Causeway\nRippinland, AZ 43389-3159','$2y$10$92IXUNpkjO0rOQ5byMi.Ye4oKoEa3Ro9llC/.og/at2.uheWG/igi','58088911-7c4d-4332-9bf6-b297d706c50a','App\\Models\\Student','2024-01-30 08:32:50','2024-01-30 08:32:50'),('65c33938-4005-4942-b790-bb103d1c601f','Abbott','Americo Kreiger','Aliya','dgrimes@wolff.biz','O-',2,'520-922-5902','2019-03-18','Expedita consequuntur quod quisquam ut. Reiciendis excepturi qui maxime molestiae dicta aut. Non et aliquam unde reiciendis error.','30622 Heller Plaza Apt. 718\nTadside, CT 63369','$2y$10$92IXUNpkjO0rOQ5byMi.Ye4oKoEa3Ro9llC/.og/at2.uheWG/igi','0a3d6608-855d-4830-9b30-4c8b5e91a4c3','App\\Models\\Student','2024-01-30 08:32:51','2024-01-30 08:32:51'),('67afc1ea-2975-49b1-89d3-fc38fd1e18ee','Grimes','Miss Filomena Pollich Sr.','Maribel','hickle.benjamin@sipes.net','O+',1,'+1.520.588.5360','2019-06-28','Natus consectetur delectus consequatur suscipit. Earum repellendus hic eos aut. Aperiam reiciendis qui mollitia fugit voluptas ab. Repudiandae laborum soluta quia impedit ipsa dolor.','185 Zachary Loop Suite 524\nKasandraside, MN 89963','$2y$10$92IXUNpkjO0rOQ5byMi.Ye4oKoEa3Ro9llC/.og/at2.uheWG/igi','5eb2f338-5145-4ca0-91cf-eadd5e5d5d59','App\\Models\\Guardian','2024-01-30 08:37:36','2024-01-30 08:37:36'),('68f98c2d-536d-42b0-b1ee-55eeaea8e1a9','Luettgen','Mrs. Sabina Heidenreich','Ida','rempel.silas@yahoo.com','O+',2,'+1.386.340.9998','2023-05-12','Nobis repellendus et quis ad aspernatur rerum quasi. Expedita nostrum facere corporis nulla aut iusto. Non repellat delectus ipsum et libero quae. Commodi quis impedit saepe voluptas ea.','9300 Brycen Forest\nLloydchester, AZ 72199','$2y$10$92IXUNpkjO0rOQ5byMi.Ye4oKoEa3Ro9llC/.og/at2.uheWG/igi','33ee28dc-9ded-41b4-a463-27ad1753a198','App\\Models\\Guardian','2024-01-30 08:37:35','2024-01-30 08:37:35'),('6a8a340d-fc1b-42f0-abf6-75b09171d564','Reichert','Mara Torp','Katlynn','ansel08@gmail.com','A-',2,'+1.551.485.8052','2019-09-08','Reiciendis sit recusandae nesciunt adipisci est consectetur. Id aut harum officia enim voluptas. Error sit vel optio quis recusandae quis.','9888 Baron Street Suite 912\nNorth Erika, WI 53855','$2y$10$92IXUNpkjO0rOQ5byMi.Ye4oKoEa3Ro9llC/.og/at2.uheWG/igi','20212094-7ee3-476e-bd34-ce63f266e783','App\\Models\\Student','2024-01-30 08:32:49','2024-01-30 08:32:49'),('6ca0e3f2-4eaf-499c-bdcc-714bce4c2cca','Ryan','Garett Hermiston III','Ettie','daphne36@bednar.com','O+',1,'336.626.0725','2018-08-13','Repudiandae asperiores delectus quasi sit voluptatibus ut delectus. Quasi numquam aliquam cum sed. Sed quos et doloremque rerum ut facilis.','18219 Zena Radial\nTillmanport, ID 28642-2680','$2y$10$92IXUNpkjO0rOQ5byMi.Ye4oKoEa3Ro9llC/.og/at2.uheWG/igi','0855ebf9-6874-432d-8f6d-f8a80a65463e','App\\Models\\Student','2024-01-30 08:32:50','2024-01-30 08:32:50'),('6dbd0330-1766-4dcf-a6db-74179f9e0ca7','Thiel','Dr. Della McGlynn','Lera','zhills@swift.info','O+',2,'564-855-0021','2019-12-15','Sint voluptas neque est in. Ipsa totam saepe autem atque ut qui dolorum. Pariatur cum voluptas est animi sequi. Id dignissimos temporibus consequatur ipsa occaecati ut natus omnis.','25209 Haley Viaduct\nPort Shaynaton, IA 20999-4339','$2y$10$92IXUNpkjO0rOQ5byMi.Ye4oKoEa3Ro9llC/.og/at2.uheWG/igi','8e9f40b0-6b10-4c40-a4ed-db2c578c1652','App\\Models\\Student','2024-01-30 08:32:49','2024-01-30 08:32:49'),('6fd35eac-689f-4509-8fe2-8e9cf7011569','Stamm','Dr. Freddie Koss','Evie','rice.christopher@renner.com','B-',1,'(360) 971-4948','2014-04-01','Consequatur illo minus alias dicta tenetur maxime est et. Voluptatem odit laudantium placeat quis ea. Nobis enim commodi est.','24861 Abe Knoll\nWillisside, SD 82928','$2y$10$92IXUNpkjO0rOQ5byMi.Ye4oKoEa3Ro9llC/.og/at2.uheWG/igi','81513acc-4ac1-489f-b725-5a706c841a6f','App\\Models\\Student','2024-01-30 08:32:51','2024-01-30 08:32:51'),('72ace5ec-bee2-477f-a945-e46e7db86bd6','Klein','Lue Walter','Mack','claudie.homenick@cassin.com','A-',2,'+1-214-456-2394','2017-07-11','Libero sint labore in velit. Labore nulla eaque non corporis consequuntur culpa et. Eum quia aliquam dolorem facere tempore vel facere omnis.','186 Mills Common Apt. 621\nPort Dexter, WA 58211','$2y$10$92IXUNpkjO0rOQ5byMi.Ye4oKoEa3Ro9llC/.og/at2.uheWG/igi','63ecd7bb-6364-4a7f-8966-3eaddf2a5633','App\\Models\\Student','2024-01-30 08:32:50','2024-01-30 08:32:50'),('73367844-c423-42b7-bd08-09e93f74aec9','Hansen','Arvid Russel','Danny','rmetz@johnson.net','O+',1,'878-517-3981','2016-11-10','Vel porro quidem amet. Occaecati et distinctio voluptatibus quam. Eveniet et quia est excepturi id.','184 Marks Glen\nBeahanstad, KY 55110-5727','$2y$10$92IXUNpkjO0rOQ5byMi.Ye4oKoEa3Ro9llC/.og/at2.uheWG/igi','3c044387-1f54-45b6-85cb-2a3ba8bffd64','App\\Models\\Guardian','2024-01-30 08:37:35','2024-01-30 08:37:35'),('76c93b73-2dfb-4dda-a486-0c34af41e8b4','Leffler','Abby Johnson','Elva','lemuel.lubowitz@hotmail.com','B+',2,'503-575-9706','2017-06-19','Dignissimos tempore harum magnam in. Magni nam totam unde velit et et similique. Illo et earum voluptate dolorem. Quo quasi quod aliquid deleniti voluptatum inventore.','5127 Rose Ports Suite 428\nEast Tateside, WI 92501-1558','$2y$10$92IXUNpkjO0rOQ5byMi.Ye4oKoEa3Ro9llC/.og/at2.uheWG/igi','5c275b35-0517-4da5-8fbd-d2bd775c1a40','App\\Models\\Guardian','2024-01-30 08:37:36','2024-01-30 08:37:36'),('796aa288-ed8e-4c59-906a-3b5be903a772','Gibson','Luna Abshire','Harold','lhand@hotmail.com','B+',1,'+1-605-366-1715','2017-01-02','Alias numquam dolor quaerat veniam modi tempora. Voluptas et beatae debitis cum expedita et. Ut sint eaque dolorem asperiores voluptate animi consequatur. Ut alias consequatur corrupti non.','25161 Harris Land Suite 756\nKaitlinland, NJ 48762','$2y$10$92IXUNpkjO0rOQ5byMi.Ye4oKoEa3Ro9llC/.og/at2.uheWG/igi','947d67e9-3669-4f5a-aecd-fea6083fc70e','App\\Models\\Guardian','2024-01-30 08:37:36','2024-01-30 08:37:36'),('79ed8d03-89cb-45e6-9270-7e7db8871a04','King','Morgan Roob','Elsa','bogan.seamus@mills.com','O-',1,'(954) 486-4633','2022-03-11','Hic iusto temporibus in officia qui rerum. Asperiores exercitationem nobis praesentium ad aut enim deleniti. Et natus doloremque consequuntur cupiditate totam.','4722 Janis Avenue Suite 371\nZiemannhaven, SD 13777-4291','$2y$10$92IXUNpkjO0rOQ5byMi.Ye4oKoEa3Ro9llC/.og/at2.uheWG/igi','53295444-b092-4b61-a984-5f64574775d3','App\\Models\\Student','2024-01-30 08:32:50','2024-01-30 08:32:50'),('7c8a84be-ffcf-460a-9b18-3be530e35a70','Padberg','Alexanne Moen','Cortez','wehner.katheryn@yahoo.com','O+',2,'1-985-450-6320','2023-10-29','Est dolores quasi qui. Non neque quasi eum ut deserunt. Voluptas delectus eveniet rerum voluptatem eveniet molestiae. Expedita eum ut rerum inventore commodi et.','55705 Douglas Meadows\nRennerton, OH 45640-5827','$2y$10$92IXUNpkjO0rOQ5byMi.Ye4oKoEa3Ro9llC/.og/at2.uheWG/igi','a952a1f6-76b3-4b5e-a45f-a6a5b1becfc2','App\\Models\\Student','2024-01-30 08:32:52','2024-01-30 08:32:52'),('7ee1fea9-c9bf-4071-91b3-5d81ca6986f9','Welch','Miss Veda Erdman PhD','Janie','rdamore@willms.org','B+',1,'+1.240.485.2734','2023-08-29','Beatae provident consectetur distinctio explicabo quas non est. Asperiores distinctio aperiam dolores quidem rem. Est omnis sint ipsam ratione distinctio sequi.','58738 Sunny Prairie\nMitchellstad, KS 46995-6026','$2y$10$92IXUNpkjO0rOQ5byMi.Ye4oKoEa3Ro9llC/.og/at2.uheWG/igi','c479ec45-9b36-4f23-9c1b-2b3fa33dddb0','App\\Models\\Guardian','2024-01-30 08:37:36','2024-01-30 08:37:36'),('7f04bb0a-e1f3-4e7c-86f5-587ad7e49fbc','Reinger','Zora Kessler DVM','Maxime','immanuel.quigley@steuber.com','B-',1,'+1 (352) 507-0741','2023-05-06','Enim aliquid voluptatem dolor vel suscipit rem. Quis modi nostrum et labore expedita. Sit nesciunt odio et ut voluptate alias aut. Totam aliquam aut sit cupiditate.','8779 Stehr Corner Apt. 013\nKoeppview, MS 63641-1784','$2y$10$92IXUNpkjO0rOQ5byMi.Ye4oKoEa3Ro9llC/.og/at2.uheWG/igi','018efb32-cd07-4c6a-92a4-44a65dd92704','App\\Models\\Student','2024-01-30 08:32:51','2024-01-30 08:32:51'),('7f9f679b-a3e6-4515-a873-b5ac81e8723d','O\'Conner','Ms. Linnie Miller DVM','Cristian','freddie70@stanton.org','AB+',1,'(458) 430-5467','2022-05-08','Tempora dolor maiores cumque at est doloremque. Corporis tenetur sed a quo saepe animi qui. Aut dolores aperiam dolor alias laborum.','538 Rosamond Plaza Apt. 719\nSkileshaven, OK 87957-7859','$2y$10$92IXUNpkjO0rOQ5byMi.Ye4oKoEa3Ro9llC/.og/at2.uheWG/igi','d0f03356-e734-4ffb-8fa3-3ff47f113f80','App\\Models\\Student','2024-01-30 08:32:51','2024-01-30 08:32:51'),('80412933-0f17-43fb-8f61-1b5d9e6aad10','Schowalter','Geovanni Denesik','Cleta','guadalupe37@fay.com','B+',1,'(856) 900-0291','2014-09-04','Eius laborum dolore nostrum hic sequi qui. Quasi hic quis corrupti sit at. Ut dignissimos ab alias quisquam beatae qui.','33144 Lavonne Shoal\nSawaynburgh, DC 05468-4274','$2y$10$92IXUNpkjO0rOQ5byMi.Ye4oKoEa3Ro9llC/.og/at2.uheWG/igi','168a406f-9f3d-4916-9e47-2727a2e4ecb5','App\\Models\\Student','2024-01-30 08:32:51','2024-01-30 08:32:51'),('81ca8e69-be7f-4778-a39d-5c1c3debdbe1','Ryan','Adaline Gottlieb','Jamal','warren66@feeney.com','AB-',1,'(479) 530-8877','2022-05-15','Voluptate blanditiis officia ducimus explicabo. Libero commodi sint nulla praesentium a nostrum. Et voluptatum ratione molestiae aliquam.','839 Maye Cove Suite 248\nSouth Josh, NH 00379-1130','$2y$10$92IXUNpkjO0rOQ5byMi.Ye4oKoEa3Ro9llC/.og/at2.uheWG/igi','d34b1891-5b7f-495f-afa0-f7dd9ee8baee','App\\Models\\Guardian','2024-01-30 08:37:35','2024-01-30 08:37:35'),('83146fba-93f1-481d-8811-4c16b72bfcc2','Schaden','Prof. Cecilia Spencer','Lilyan','timmy.haag@hudson.biz','O+',2,'458-907-0115','2021-08-12','Fugit error magni unde id dolorum aliquid ut. Maxime dolores asperiores impedit unde. Saepe et quod saepe ut voluptates perferendis voluptatibus.','1245 Schinner Corners\nDeontefort, NM 48455-1818','$2y$10$92IXUNpkjO0rOQ5byMi.Ye4oKoEa3Ro9llC/.og/at2.uheWG/igi','17290c3c-0afd-492c-8882-148d5fb850ab','App\\Models\\Guardian','2024-01-30 08:37:35','2024-01-30 08:37:35'),('83177caf-3b5d-4e16-a327-ad8256d2118f','Stamm','Prof. Lennie Rempel III','Eulah','wisoky.edgar@gmail.com','AB+',2,'(919) 810-3752','2017-02-20','Voluptatem nulla perspiciatis velit doloribus nulla. Odit aut autem et iste. Ad aut adipisci sed. Eaque nobis occaecati autem eius. Libero necessitatibus aut voluptates fuga laboriosam.','19154 Cristian Parkway\nChamplinside, SD 17374-6789','$2y$10$92IXUNpkjO0rOQ5byMi.Ye4oKoEa3Ro9llC/.og/at2.uheWG/igi','80e814b4-528c-442a-bf62-47dcc3c9d965','App\\Models\\Guardian','2024-01-30 08:37:35','2024-01-30 08:37:35'),('8970e923-4ee5-40b1-a7ff-81282a994f29','Cartwright','Domenica Hoeger','Morris','balistreri.sheila@robel.com','A-',1,'+1-605-903-1790','2023-04-30','Distinctio aspernatur perspiciatis consectetur in quos labore. Fuga fuga nihil beatae et voluptatem. Perspiciatis est laborum veniam reprehenderit cupiditate harum placeat.','22194 Lynch Oval\nSouth Porter, OK 87923','$2y$10$92IXUNpkjO0rOQ5byMi.Ye4oKoEa3Ro9llC/.og/at2.uheWG/igi','ec4b306b-7c7e-4ef9-b09c-162dfd51f34b','App\\Models\\Guardian','2024-01-30 08:37:36','2024-01-30 08:37:36'),('8979bb50-1789-4843-8205-d5c1a7d10079','Gislason','Nickolas Kozey','Clarissa','fgrimes@yahoo.com','B-',1,'+19365590697','2019-07-10','Saepe ab possimus accusantium laudantium. Excepturi qui excepturi culpa magni dolore. Voluptatem voluptate eius doloribus corporis.','544 London Wall\nMacyfurt, ND 16148','$2y$10$92IXUNpkjO0rOQ5byMi.Ye4oKoEa3Ro9llC/.og/at2.uheWG/igi','cc0925f5-71c0-42e4-a3dc-8f32b793be01','App\\Models\\Teacher','2024-01-30 08:10:36','2024-01-30 08:10:36'),('8a1ad65c-ff08-4bed-a148-fd557ba07583','Russel','Mr. Lloyd Labadie I','Oswaldo','josue.mcclure@reinger.info','AB-',2,'1-631-698-4692','2023-06-21','Similique facere et alias. Dicta aut ipsum non est ut. Quis fuga et nihil nihil ea.','2618 Weber Canyon\nEast Dimitri, NH 01916','$2y$10$92IXUNpkjO0rOQ5byMi.Ye4oKoEa3Ro9llC/.og/at2.uheWG/igi','662f2f5a-91ff-4a37-8507-eb8e23119726','App\\Models\\Student','2024-01-30 08:32:50','2024-01-30 08:32:50'),('8af11112-b579-4068-be6a-740a6c2020b9','Kuhic','Ms. Angeline Tromp Sr.','Alan','lowe.lenna@flatley.com','A-',1,'+1-678-820-4904','2017-01-16','Consequatur laudantium nulla ut aut. Nulla ut qui dolores. Iste tenetur omnis voluptate aliquid eaque accusantium. Excepturi et corporis quo culpa ad itaque.','331 Gabriella Drive Apt. 613\nFriesenborough, MN 28855-3199','$2y$10$92IXUNpkjO0rOQ5byMi.Ye4oKoEa3Ro9llC/.og/at2.uheWG/igi','182f3f6e-8433-467c-ad69-66905d80f3e5','App\\Models\\Guardian','2024-01-30 08:37:36','2024-01-30 08:37:36'),('8b2ff0c0-3226-4bb0-91c0-1c60b98ab4f4','Kerluke','Prof. Eusebio Kertzmann','Antone','kozey.king@gmail.com','B-',2,'1-989-554-6508','2023-10-12','Nulla doloremque et inventore veniam perspiciatis. Voluptatem deserunt eaque qui magni qui alias vitae. Est repudiandae qui odio et quo.','247 Wolf Wells Suite 289\nMichelside, KS 47917-5143','$2y$10$92IXUNpkjO0rOQ5byMi.Ye4oKoEa3Ro9llC/.og/at2.uheWG/igi','f6fd1d9d-fcd0-46ff-9d83-a10764a9b97d','App\\Models\\Guardian','2024-01-30 08:37:36','2024-01-30 08:37:36'),('8b7762a0-60ef-41a0-8f16-d32077f5307a','Stanton','Oma Cormier','Mariam','elise45@hotmail.com','A+',1,'1-351-864-9273','2015-12-03','Non qui praesentium eum eum. Sequi in modi dolores dolores molestias. Iste ut sed optio rem ut sit ullam. Commodi non quaerat magni saepe quos veritatis voluptate.','4042 Sipes Parkway\nSouth Hilbert, AZ 72993','$2y$10$92IXUNpkjO0rOQ5byMi.Ye4oKoEa3Ro9llC/.og/at2.uheWG/igi','a90b9e43-9998-4956-8700-a3885d4fc0fc','App\\Models\\Student','2024-01-30 08:32:50','2024-01-30 08:32:50'),('8c39d0ac-dab9-443f-ab4c-875a1c328b0e','Kohler','Miss Lenna Kihn','Bethel','xdamore@hotmail.com','A-',1,'1-202-512-5417','2021-08-15','Quae ex commodi dolores consequatur. Omnis vitae alias earum ipsam. Libero in est vero ut ab ducimus et est. Culpa quam necessitatibus architecto excepturi neque et.','3087 Conroy Terrace Apt. 986\nLexieshire, FL 29777','$2y$10$92IXUNpkjO0rOQ5byMi.Ye4oKoEa3Ro9llC/.og/at2.uheWG/igi','dddb67d0-9b1d-4cac-98ac-2da9e485b12d','App\\Models\\Guardian','2024-01-30 08:37:36','2024-01-30 08:37:36'),('8c6df109-5746-4989-8615-95bb15a37e44','Davis','Ms. Emilia Bergnaum','Houston','lemke.talon@gmail.com','B+',2,'463.416.5267','2015-04-25','Sunt laudantium id non quaerat perspiciatis temporibus sunt. Sit aperiam quas iusto quis atque quo. Id facere ut cumque molestias blanditiis facere. Asperiores aut velit vel consequatur.','60134 Casimer Square\nKeanumouth, UT 73398-4334','$2y$10$92IXUNpkjO0rOQ5byMi.Ye4oKoEa3Ro9llC/.og/at2.uheWG/igi','ee752203-1057-4921-9c7f-964b40b7621c','App\\Models\\Student','2024-01-30 08:32:50','2024-01-30 08:32:50'),('8c8d87a2-578d-4a7e-b9d6-2f28928d4124','Romaguera','Mrs. Mandy Kessler','Skyla','chyna85@yahoo.com','B+',2,'1-283-338-9255','2021-05-23','Nobis odio voluptas quis minima. Eaque corrupti debitis distinctio nihil et ad minus. Dolorum quia laborum consequatur fuga aliquam.','76741 Gustave Radial\nFisherfort, UT 98877-8052','$2y$10$92IXUNpkjO0rOQ5byMi.Ye4oKoEa3Ro9llC/.og/at2.uheWG/igi','8ca786ee-3ecf-4863-8c7d-cb653ad081a4','App\\Models\\Teacher','2024-01-30 08:10:36','2024-01-30 08:10:36'),('8d06dfd8-3a9e-4ec8-bfd8-4410a5ff2418','Gusikowski','Miss Shany Blick IV','Mauricio','estevan56@schumm.com','AB+',2,'1-847-299-0928','2014-04-08','Vel vel eos distinctio harum. Velit ab quaerat impedit et occaecati. Soluta assumenda tenetur fugit.','10960 Buckridge Courts Apt. 856\nWest Arianna, CO 16292-3106','$2y$10$92IXUNpkjO0rOQ5byMi.Ye4oKoEa3Ro9llC/.og/at2.uheWG/igi','2fc00838-4b4b-4c25-8ca6-4eae59e6a910','App\\Models\\Teacher','2024-01-30 08:10:37','2024-01-30 08:10:37'),('8d48d7d1-e923-4c31-8161-5da20d6e8e16','Fritsch','Adah Oberbrunner','Hazel','meggie62@volkman.com','O-',2,'+1 (262) 821-0560','2017-06-24','Officia ut nulla fugit nesciunt aliquid. Consequatur aut quod similique nihil.','461 Gleason Loop\nVirgieshire, MI 71476-8919','$2y$10$92IXUNpkjO0rOQ5byMi.Ye4oKoEa3Ro9llC/.og/at2.uheWG/igi','2ee9604d-a733-4229-844d-1733f2091005','App\\Models\\Guardian','2024-01-30 08:37:36','2024-01-30 08:37:36'),('91b31081-a6db-4a35-b532-2559f51c72d4','Wisozk','Hillary Welch','Robin','declan08@yahoo.com','AB-',2,'+1-267-764-9197','2023-11-08','Ipsa itaque consequuntur voluptatem numquam doloremque et molestiae. Nemo fugit libero quae ducimus tempore minima eligendi rerum. Et voluptatibus maiores earum.','99541 King Mountains Suite 600\nRebaside, ME 92296-6047','$2y$10$92IXUNpkjO0rOQ5byMi.Ye4oKoEa3Ro9llC/.og/at2.uheWG/igi','e30e7ae4-0d7f-4794-91be-0f15227a4940','App\\Models\\Teacher','2024-01-30 08:10:36','2024-01-30 08:10:36'),('92c7fe61-f30f-42fb-be95-b4ef0b429bba','Rath','Prof. Imogene Moore MD','Dennis','liam.von@hotmail.com','AB-',2,'1-951-740-2909','2014-05-24','Rem veritatis voluptas voluptatibus repellendus consectetur qui corrupti. Placeat consequuntur nostrum dignissimos dignissimos velit.','693 Cassin Neck\nNew William, IA 13176-9363','$2y$10$92IXUNpkjO0rOQ5byMi.Ye4oKoEa3Ro9llC/.og/at2.uheWG/igi','3246d402-e73b-4b03-ba97-6072c8f46c96','App\\Models\\Student','2024-01-30 08:32:49','2024-01-30 08:32:49'),('94690eb3-3bc9-4b19-a95a-f06e80b82400','Kozey','Nikko Gerhold','Candace','samara13@hotmail.com','B+',1,'+1-769-454-5271','2023-08-14','Commodi tenetur et eligendi voluptate non dolore id. Dicta assumenda ullam quae ipsum error eligendi. Numquam minus dolor voluptatem nisi. Quas quis illo sequi iste fugiat quis quibusdam.','453 Upton Crossing Suite 267\nPort Careyside, NH 78857-3020','$2y$10$92IXUNpkjO0rOQ5byMi.Ye4oKoEa3Ro9llC/.og/at2.uheWG/igi','cb01290e-f82e-4bea-8b89-af801dd76441','App\\Models\\Student','2024-01-30 08:32:49','2024-01-30 08:32:49'),('9a0ea0e7-0c7f-41ff-a988-3af440bd70b6','Smitham','Dr. Jillian Jast MD','Jazmin','godfrey84@powlowski.net','B-',1,'341.686.6578','2014-10-23','Non placeat commodi enim quasi minus magni tempora. Odio quia sapiente distinctio eligendi facilis ut. Quia animi id quae aut possimus.','9299 Vincenza Row\nWest Rebeccahaven, ND 96356-2130','$2y$10$92IXUNpkjO0rOQ5byMi.Ye4oKoEa3Ro9llC/.og/at2.uheWG/igi','eeaa191b-8ff6-4a1f-8ffe-816c4fefd8d5','App\\Models\\Student','2024-01-30 08:32:50','2024-01-30 08:32:50'),('9bcaa083-c78e-47f3-a091-f112c1ab834e','Torphy','Damien Lubowitz','Fidel','abagail.kirlin@yahoo.com','AB-',1,'813.589.2389','2023-11-26','Qui est ea et aspernatur. Cum officia iure culpa fuga perferendis nobis. Ratione nulla et et voluptatem sit. Et iusto atque voluptas et aliquid.','52905 Chanelle Rapid Apt. 569\nEast Syble, VA 63478','$2y$10$92IXUNpkjO0rOQ5byMi.Ye4oKoEa3Ro9llC/.og/at2.uheWG/igi','e7a44d4d-ca5f-40de-88f0-1503223d3f40','App\\Models\\Student','2024-01-30 08:32:51','2024-01-30 08:32:51'),('9da4f079-b12c-4af3-afea-cb6391a41e96','Carter','Rosina Gaylord','Nova','haag.margarita@crona.com','O+',2,'979.290.6704','2017-10-15','Suscipit quia similique hic officia excepturi ut mollitia. Et doloribus impedit beatae expedita aut. Atque architecto exercitationem minus quod aspernatur quia velit.','297 Cremin Highway Apt. 307\nPort Ashtyn, VT 25021-1253','$2y$10$92IXUNpkjO0rOQ5byMi.Ye4oKoEa3Ro9llC/.og/at2.uheWG/igi','0bbba663-7ea8-4173-92ef-f7e37b288089','App\\Models\\Student','2024-01-30 08:32:49','2024-01-30 08:32:49'),('9f0d2cd6-35e6-4e84-82e7-51e49a63b3fd','Abshire','Dr. Berniece Nader','Hope','robel.rebekah@hotmail.com','AB+',2,'+1-304-376-3729','2015-07-31','Unde veritatis iste harum. Dignissimos occaecati omnis in sit sapiente. Quia deserunt dolorem sit quo est. Sit quo fuga dolore quasi nemo.','634 Eldon Flats Suite 667\nHelenaport, UT 23367-5879','$2y$10$92IXUNpkjO0rOQ5byMi.Ye4oKoEa3Ro9llC/.og/at2.uheWG/igi','a6e188de-f24f-4801-8cce-9bb1da912c99','App\\Models\\Guardian','2024-01-30 08:37:35','2024-01-30 08:37:35'),('a0d78a88-bd08-40c7-a971-3f87ab041e11','Ritchie','Mr. Kole Ebert','Yvette','otha12@sawayn.com','A+',2,'(940) 276-7468','2021-12-25','Nemo expedita at enim omnis cumque eveniet voluptas. Ullam dolorum ipsam quia. Molestias aut sequi et sit qui totam.','162 Zachary Fields\nMarksborough, RI 16238-5773','$2y$10$92IXUNpkjO0rOQ5byMi.Ye4oKoEa3Ro9llC/.og/at2.uheWG/igi','7437348b-832b-4c44-9380-0519d3b32997','App\\Models\\Guardian','2024-01-30 08:37:35','2024-01-30 08:37:35'),('a196e732-45e0-472a-8d7b-4aa2324717c0','Kunde','Mrs. Adrienne Lockman','Abdul','bryce76@skiles.biz','O+',2,'+1-360-277-6520','2023-09-24','Odio est perspiciatis voluptas id. Ut ipsam suscipit voluptates tempore. Maxime ipsum consectetur reiciendis magni aliquam. Et libero quis eligendi voluptas quibusdam id.','96094 Dee Springs\nNew Bud, HI 98666-0533','$2y$10$92IXUNpkjO0rOQ5byMi.Ye4oKoEa3Ro9llC/.og/at2.uheWG/igi','94824ce1-323d-4855-8681-0e016520cccb','App\\Models\\Student','2024-01-30 08:32:51','2024-01-30 08:32:51'),('a5840d02-21be-457a-afff-985d29bef95c','Jast','Dr. D\'angelo O\'Conner Sr.','Fermin','kertzmann.jefferey@botsford.com','O-',1,'463-849-7147','2014-03-27','Labore sit non magni et suscipit numquam. Dolor tempora rerum suscipit et. Exercitationem porro voluptatem et tempora sint modi. Eos rerum similique aspernatur.','4115 Juston Mountain\nSouth Wilfrid, VA 71408','$2y$10$92IXUNpkjO0rOQ5byMi.Ye4oKoEa3Ro9llC/.og/at2.uheWG/igi','eb20b5af-24c2-4763-a77e-d0e9b81e50ed','App\\Models\\Student','2024-01-30 08:32:49','2024-01-30 08:32:49'),('a63134dd-5cc1-49aa-bdfd-e3a18e981146','Haley','Laura Prosacco','Luciano','davis.kaci@yahoo.com','O+',1,'1-763-928-5938','2015-11-23','Quae incidunt id est repellat reiciendis temporibus. Optio dignissimos eum possimus corporis consequatur. Sit consequatur voluptas doloremque odit necessitatibus.','597 Reichert Orchard Apt. 008\nLaceytown, IN 74505-5709','$2y$10$92IXUNpkjO0rOQ5byMi.Ye4oKoEa3Ro9llC/.og/at2.uheWG/igi','f1dd6806-8fe0-44a5-87fb-cc08e1a60101','App\\Models\\Guardian','2024-01-30 08:37:35','2024-01-30 08:37:35'),('aa25e1c9-3788-49fd-83cb-0764d3ed5b8b','Haley','Prof. Assunta Bode Sr.','Lacey','vkuhic@daniel.com','O+',2,'+1.312.807.5732','2015-02-12','Et a voluptates exercitationem debitis est qui. Nihil maxime voluptas inventore aut dolores beatae. Qui molestiae qui corporis. Ut est asperiores quos.','41124 Freda Walk Apt. 572\nAbshiremouth, OK 87456-7699','$2y$10$92IXUNpkjO0rOQ5byMi.Ye4oKoEa3Ro9llC/.og/at2.uheWG/igi','6caa5deb-e647-49b1-9602-3766445f0409','App\\Models\\Student','2024-01-30 08:32:51','2024-01-30 08:32:51'),('ab778590-bccb-4479-abac-5ff377f8ee73','Lakin','Dylan Sawayn','Samir','naomie.simonis@gmail.com','AB-',2,'+1 (612) 273-0895','2022-09-12','Nam beatae voluptas fuga veritatis. Consequatur rerum quia accusamus rerum beatae mollitia consequuntur.','741 Fadel Freeway Suite 818\nEast Monteville, SD 23430','$2y$10$92IXUNpkjO0rOQ5byMi.Ye4oKoEa3Ro9llC/.og/at2.uheWG/igi','786d621f-a6a9-4492-939c-7bdded2eaa4b','App\\Models\\Student','2024-01-30 08:32:51','2024-01-30 08:32:51'),('ad60ae41-89bc-4842-a50c-503472185b81','Tremblay','Cicero Hilpert','Lemuel','ewilderman@koch.com','AB+',2,'303-263-3195','2015-12-03','Aliquid omnis fugit dolor unde aut. Dolor harum eligendi dolores est est aut. Velit et sunt qui natus et saepe.','848 Bradtke Common\nMicaelashire, DC 88895','$2y$10$92IXUNpkjO0rOQ5byMi.Ye4oKoEa3Ro9llC/.og/at2.uheWG/igi','01b451e3-e43f-4c2b-b0dc-d2218e4f7435','App\\Models\\Guardian','2024-01-30 08:37:35','2024-01-30 08:37:35'),('ae09d282-f1f8-48b9-a64f-e6d799928bfa','Spinka','Dr. Amanda Herman','Arvid','hegmann.roel@yahoo.com','B-',1,'+1 (802) 855-1325','2014-05-02','Omnis voluptatibus quas eaque et quia. Pariatur repudiandae est omnis ut est. Consequatur iure recusandae dolorem quasi accusamus ex nemo. Eaque inventore corrupti aut perferendis inventore dolorem.','2764 Swift Dam Suite 393\nWest Kendall, AR 87527','$2y$10$92IXUNpkjO0rOQ5byMi.Ye4oKoEa3Ro9llC/.og/at2.uheWG/igi','d64a82a7-5165-4932-bc89-69d3724801a3','App\\Models\\Teacher','2024-01-30 08:10:36','2024-01-30 08:10:36'),('ae0d6d30-79c6-4360-bc26-73b5311919e0','Lemke','Frank Schmidt','Bobbie','sjohns@cassin.com','A-',2,'+1.408.787.8170','2019-06-20','Magnam ut qui assumenda quia ea. Molestias id et commodi error iste facere. Rerum consequatur voluptatem dolor quo.','58675 Grady Center\nWest Sylviabury, PA 84515','$2y$10$92IXUNpkjO0rOQ5byMi.Ye4oKoEa3Ro9llC/.og/at2.uheWG/igi','cda61aa0-b921-4a53-bfbf-922654b32c92','App\\Models\\Guardian','2024-01-30 08:37:35','2024-01-30 08:37:35'),('b14575c6-7091-402f-a3d6-b3ea250d09b8','Dietrich','Lorena Ritchie','Anne','cooper16@raynor.biz','A-',1,'+1-551-887-7296','2017-11-16','Qui facilis quae natus ea eum officiis aliquam. Sint unde ad distinctio aut. Aut excepturi quia nihil sequi nihil aut ullam. Quisquam non magni ratione quas aliquid exercitationem dolores.','52540 Johnson Alley Suite 487\nEast Christopheport, OR 73843','$2y$10$92IXUNpkjO0rOQ5byMi.Ye4oKoEa3Ro9llC/.og/at2.uheWG/igi','cd45e38f-87db-4d19-a3e7-43fc2b51646d','App\\Models\\Guardian','2024-01-30 08:37:35','2024-01-30 08:37:35'),('b26ba7e7-5f08-45af-8364-73b31c49cfc1','Bode','Aracely Stiedemann','Estelle','nitzsche.natalia@gmail.com','A-',1,'1-559-284-2308','2020-11-21','Eos eum et maxime voluptates. Exercitationem nam nihil voluptatibus fugit debitis laborum.','458 Gorczany Shoals\nPourosfurt, DE 06947-2643','$2y$10$92IXUNpkjO0rOQ5byMi.Ye4oKoEa3Ro9llC/.og/at2.uheWG/igi','aba5cf9c-bc35-4822-8b6f-0738fdd92ce4','App\\Models\\Guardian','2024-01-30 08:37:35','2024-01-30 08:37:35'),('b44b8723-3cf7-46be-8b20-5260c48c1d7a','Ortiz','Mrs. Alia Ledner V','Lafayette','malachi.goldner@kihn.com','O+',1,'863-524-9860','2016-05-10','Veniam neque iste provident veritatis occaecati suscipit. Delectus quaerat unde voluptas fugiat quasi dolorum. Mollitia officia provident aliquam error ducimus doloribus mollitia.','212 Abbott Run Apt. 174\nMoriahtown, SD 54342','$2y$10$92IXUNpkjO0rOQ5byMi.Ye4oKoEa3Ro9llC/.og/at2.uheWG/igi','323e64f4-fad5-47ed-a948-aad19add539a','App\\Models\\Student','2024-01-30 08:32:49','2024-01-30 08:32:49'),('b52a85b5-7878-416d-bdc4-d7c2ffd4b28e','Romaguera','Destiney Hammes','Lawrence','nathanael05@mitchell.com','O+',2,'407-543-4079','2014-05-16','Repellendus voluptatem culpa consequatur nesciunt a sit ea placeat. Mollitia temporibus odit nisi sit libero. Iste ea non nihil modi ducimus voluptas sunt.','5117 Jefferey Union Apt. 273\nQuitzonhaven, AL 46641','$2y$10$92IXUNpkjO0rOQ5byMi.Ye4oKoEa3Ro9llC/.og/at2.uheWG/igi','fbfffcba-ff44-4769-87f0-26a3665f7b46','App\\Models\\Guardian','2024-01-30 08:37:35','2024-01-30 08:37:35'),('b676ab56-6b63-47de-a17e-6a643be3a665','Bauch','Miss Era Keeling','Chad','tanya46@gmail.com','A+',2,'+1-580-289-4813','2017-06-29','Deleniti et facere in praesentium commodi. Delectus beatae sint ut distinctio quis ab est. Aut fuga ipsam provident sunt voluptatem sit. Consectetur facere dolorem eos.','33754 Imani Forks Suite 958\nAlexieton, WI 95639-8542','$2y$10$92IXUNpkjO0rOQ5byMi.Ye4oKoEa3Ro9llC/.og/at2.uheWG/igi','1cbaca14-4837-4f0d-9e56-cf32526c68e5','App\\Models\\Student','2024-01-30 08:32:50','2024-01-30 08:32:50'),('b8637dec-d5a3-4848-9bc3-9866d381bd3c','Goyette','Zora Torphy','Zula','heber12@maggio.com','B+',1,'1-479-999-9608','2014-11-19','Est odio rerum vitae. Omnis non rerum reiciendis voluptatem. Est impedit sunt maiores vitae ut aperiam et. Maxime corporis voluptas illo quisquam optio veritatis.','962 Gusikowski Meadows Suite 327\nLake Reneeview, AR 18853-8594','$2y$10$92IXUNpkjO0rOQ5byMi.Ye4oKoEa3Ro9llC/.og/at2.uheWG/igi','336e2b16-a3ac-454d-a064-6718d91cec1a','App\\Models\\Student','2024-01-30 08:32:50','2024-01-30 08:32:50'),('ba066a6b-20d1-4043-ba8e-9e2252ac7e04','Breitenberg','Emie Zulauf IV','Shane','selmer.christiansen@jakubowski.info','AB-',2,'+1.325.597.7964','2022-05-16','Eum quibusdam veritatis voluptates. Ut dolor quis incidunt. Hic eos sed debitis et ut non et. Voluptates maiores nesciunt nostrum distinctio odio id error.','102 Jason Circle Suite 308\nBashirianport, NC 15562-3384','$2y$10$92IXUNpkjO0rOQ5byMi.Ye4oKoEa3Ro9llC/.og/at2.uheWG/igi','f8059a82-d952-4f55-bbdf-1e0a21993f21','App\\Models\\Teacher','2024-01-30 08:10:36','2024-01-30 08:10:36'),('ba0ac806-80cc-42dd-a55a-f56f8c53b76d','Kihn','Emely Sawayn','Rhiannon','telly.hoeger@gmail.com','B+',2,'+1.559.431.6201','2019-07-29','Totam ut labore quaerat et quisquam. Quos dolorem possimus temporibus quia et quia. Accusamus mollitia et exercitationem sint expedita optio. Fugit voluptas sed et totam et tenetur.','96404 Kuvalis Ranch\nNorth Taniaberg, CO 73877-0945','$2y$10$92IXUNpkjO0rOQ5byMi.Ye4oKoEa3Ro9llC/.og/at2.uheWG/igi','a3995fd1-8dad-43e2-9f42-31c427860b7e','App\\Models\\Student','2024-01-30 08:32:50','2024-01-30 08:32:50'),('ba98c5e0-154f-4c8c-9ff8-0548f69f5574','Mohr','Hosea Russel','Milo','emoore@hotmail.com','AB-',2,'+1-463-543-7652','2019-03-17','Sit dolorum eaque sint. Rerum officiis consequuntur consequuntur aliquam. Deserunt voluptas maxime aut eum consequatur facere id. Perferendis deserunt in blanditiis quam quia vero tenetur.','370 Eldridge Road\nGreenfelderfort, AR 38586-8538','$2y$10$92IXUNpkjO0rOQ5byMi.Ye4oKoEa3Ro9llC/.og/at2.uheWG/igi','dd19c559-474e-4cbc-9335-fee58177a961','App\\Models\\Guardian','2024-01-30 08:37:35','2024-01-30 08:37:35'),('bb00ca1f-e416-47c7-91fc-555cb5d73353','Zieme','Ms. Dariana Dickinson','Claudie','mueller.waldo@gmail.com','B+',2,'+1-806-812-1233','2019-08-29','In assumenda inventore vero enim repellendus at. Quia sapiente numquam libero ut porro sit minus.','93916 Dayana Circles\nBeverlybury, ID 97556-9130','$2y$10$92IXUNpkjO0rOQ5byMi.Ye4oKoEa3Ro9llC/.og/at2.uheWG/igi','a2116332-3486-4289-ac1d-6247db7a940b','App\\Models\\Student','2024-01-30 08:32:49','2024-01-30 08:32:49'),('bfe5b808-8f17-4abe-843a-a3a74e41a26c','Ryan','Miss Gracie Simonis','Michelle','awelch@parker.com','A+',1,'(878) 734-4071','2017-01-09','Velit nobis veritatis reiciendis id itaque. Doloribus rerum et magni adipisci fuga exercitationem. Rerum soluta quod cum laudantium.','88985 Harvey Extensions\nMarvinshire, OK 72406-2998','$2y$10$92IXUNpkjO0rOQ5byMi.Ye4oKoEa3Ro9llC/.og/at2.uheWG/igi','d39f09e4-8cee-4147-8e98-65343435b215','App\\Models\\Teacher','2024-01-30 08:10:36','2024-01-30 08:10:36'),('c0e00f99-1c7c-4224-93c2-eb62d30922ab','Sawayn','Mrs. Mattie Pacocha I','Bill','qbednar@ledner.com','AB-',1,'380.931.8117','2019-04-16','Distinctio voluptatum voluptatem placeat magni consequatur. Labore quam animi et vero eos. Quibusdam rerum rerum dolorem tenetur a nesciunt omnis accusantium. Consequuntur itaque omnis rerum.','12284 Jackie Rapids Suite 884\nEast Candelario, IA 94103','$2y$10$92IXUNpkjO0rOQ5byMi.Ye4oKoEa3Ro9llC/.og/at2.uheWG/igi','74cdb3c0-6799-4bc0-98f4-2b78e8fc8019','App\\Models\\Guardian','2024-01-30 08:37:36','2024-01-30 08:37:36'),('c1f634c1-f689-426c-bd31-e4443dbe4d24','Considine','Dominic Wunsch','Heaven','al94@gmail.com','AB+',2,'1-234-693-9804','2014-11-26','Aut numquam dicta cum voluptatem eius et. Iure veniam modi mollitia debitis ipsam vel. Quaerat unde rem temporibus impedit aut odio dolore architecto. Omnis illum magni culpa in.','2046 Yoshiko Club Suite 611\nRusselport, UT 73524-5741','$2y$10$92IXUNpkjO0rOQ5byMi.Ye4oKoEa3Ro9llC/.og/at2.uheWG/igi','a9c27484-3892-40c8-b191-22a20f490e12','App\\Models\\Student','2024-01-30 08:32:49','2024-01-30 08:32:49'),('c4a41875-2c04-40dd-b606-12ff0db90d6e','Hoeger','Pauline Schulist','Jayne','gulgowski.oceane@gmail.com','B-',2,'+17603962651','2019-03-15','Fugit rem enim molestiae reiciendis. Molestiae aut nihil dolor alias cupiditate. Nulla eum porro in fugiat est.','1235 Selena Islands\nSouth Oswald, IN 82366-6388','$2y$10$92IXUNpkjO0rOQ5byMi.Ye4oKoEa3Ro9llC/.og/at2.uheWG/igi','3f2c949e-2f26-41d5-b0d3-d0527f54761e','App\\Models\\Student','2024-01-30 08:32:49','2024-01-30 08:32:49'),('c4ea4c10-d99a-488d-9c29-a6e8bcacb7ac','Harvey','Trycia Rempel','Arturo','tbayer@muller.com','O+',2,'1-919-878-0862','2018-02-28','Laudantium et sunt at eum minus qui totam. Dolore sit vel nesciunt vel. Tempore ducimus facere dolores veritatis. Vero et ut non rerum iusto minus.','59142 Heaney Estates\nSouth Krystelburgh, SD 80081','$2y$10$92IXUNpkjO0rOQ5byMi.Ye4oKoEa3Ro9llC/.og/at2.uheWG/igi','d5c0d632-52db-4061-a932-39813acc9487','App\\Models\\Student','2024-01-30 08:32:50','2024-01-30 08:32:50'),('c525305e-d9cb-4e1b-b86e-e11f1494573f','Schultz','Valentina Sanford V','Ola','ursula19@treutel.com','AB+',1,'(470) 351-4330','2023-01-06','Dolores repellendus harum non laborum. Sint quia corrupti perspiciatis architecto eius aut.','239 Maritza Row Suite 847\nLeschmouth, WA 68226-0081','$2y$10$92IXUNpkjO0rOQ5byMi.Ye4oKoEa3Ro9llC/.og/at2.uheWG/igi','2174086c-0b5a-4e11-be82-982d03edfc15','App\\Models\\Teacher','2024-01-30 08:10:37','2024-01-30 08:10:37'),('c535d2df-f55e-49c7-a7c1-fd5cecfce8f4','Feeney','Ruth Koepp Jr.','Eduardo','ritchie.craig@yahoo.com','A+',1,'1-754-813-3257','2021-11-09','Odit unde repellat et porro ad nam. Ea ea blanditiis labore laudantium. Qui delectus quo magni. Voluptas officia cupiditate aperiam porro harum nihil nulla.','69308 Swaniawski Meadows Apt. 662\nMarielletown, LA 69015-4274','$2y$10$92IXUNpkjO0rOQ5byMi.Ye4oKoEa3Ro9llC/.og/at2.uheWG/igi','efd48b59-e6ad-4655-b5d0-eec03d1cfa5b','App\\Models\\Student','2024-01-30 08:32:51','2024-01-30 08:32:51'),('c62a9b7d-9a2a-4e83-bea4-3672895f458f','Larkin','Prof. Buster Hahn','Aletha','zelda.schultz@yahoo.com','O+',1,'+1-475-772-8196','2020-11-30','Soluta et facilis qui eum sed recusandae. Deleniti mollitia perferendis aperiam temporibus sunt iure. Quibusdam fugit et ipsam et quibusdam illo fuga.','241 Christop Prairie\nMableborough, CT 81261','$2y$10$92IXUNpkjO0rOQ5byMi.Ye4oKoEa3Ro9llC/.og/at2.uheWG/igi','e787ccf5-5780-43d4-8fb3-a7a36bfee815','App\\Models\\Student','2024-01-30 08:32:51','2024-01-30 08:32:51'),('c648d423-4263-4219-93b5-01c598fad306','Kuhn','Mariela Rath','Larue','idella01@marquardt.org','B+',2,'1-334-404-2253','2023-11-04','Delectus vero vero sit blanditiis deserunt ducimus perspiciatis quia. Nemo labore quas ipsa ut est nisi. Repudiandae est est inventore perspiciatis.','209 Estevan Orchard Suite 713\nGushaven, MS 52205-8071','$2y$10$92IXUNpkjO0rOQ5byMi.Ye4oKoEa3Ro9llC/.og/at2.uheWG/igi','759a9598-fdc3-4ffe-92bd-d4cf19d757ac','App\\Models\\Guardian','2024-01-30 08:37:36','2024-01-30 08:37:36'),('c68c574c-da72-4554-b92e-1d7108b32b55','Quitzon','Nedra Huel','Marjolaine','giovani.boehm@gmail.com','AB+',2,'1-763-360-6376','2020-07-14','Omnis officia accusamus animi officiis. Commodi veritatis placeat neque dolores ut ea dicta voluptate. Dolores commodi iusto possimus quisquam. Illo aut aliquid ut est alias.','4446 Farrell Lakes Suite 207\nSchmidtmouth, AR 10129','$2y$10$92IXUNpkjO0rOQ5byMi.Ye4oKoEa3Ro9llC/.og/at2.uheWG/igi','75d366f0-d809-4a9b-be79-4f3aeeb0639f','App\\Models\\Student','2024-01-30 08:32:49','2024-01-30 08:32:49'),('c73d6410-84d7-494e-8655-bd59fec0702f','Ledner','Daryl Dickens','Kamille','luther19@gmail.com','O-',1,'1-272-905-7182','2022-07-31','Rem repellat debitis excepturi temporibus exercitationem quae deleniti. Placeat doloribus sunt blanditiis aliquam voluptatem. Fugiat fugit nemo quasi autem repellat impedit tempora.','97909 Miller Ports\nLake Jamar, WY 79510','$2y$10$92IXUNpkjO0rOQ5byMi.Ye4oKoEa3Ro9llC/.og/at2.uheWG/igi','ee94cbcb-6f73-4abc-922f-5d8785ee2ac5','App\\Models\\Student','2024-01-30 08:32:50','2024-01-30 08:32:50'),('c7c42acd-b1aa-4512-aa86-42030d5eefc4','Langworth','Emilie Volkman','Verla','hilpert.howell@jast.com','B+',1,'386.291.0139','2020-02-04','Explicabo commodi corrupti libero accusamus. Consequatur autem hic rerum et. Quas iure aperiam fugiat ut et.','59123 Cristobal Vista Apt. 243\nCecilefurt, KY 16570','$2y$10$92IXUNpkjO0rOQ5byMi.Ye4oKoEa3Ro9llC/.og/at2.uheWG/igi','71652802-34fc-4421-9bc3-d0d5b6008525','App\\Models\\Guardian','2024-01-30 08:37:35','2024-01-30 08:37:35'),('c8dfb4ad-9233-49ca-b0f0-e4fe6e9ee277','Considine','Dr. Triston Cronin Sr.','Aileen','kaylah.weimann@fay.com','B-',1,'(361) 289-3002','2019-02-25','Laboriosam perspiciatis totam ut. Neque asperiores harum et quidem optio repellat. Nesciunt et nisi iste animi nesciunt qui expedita maxime. Dolor et et fugit aut rerum aliquid.','628 Vivian Square\nShanelshire, OK 29926-0145','$2y$10$92IXUNpkjO0rOQ5byMi.Ye4oKoEa3Ro9llC/.og/at2.uheWG/igi','fb64e660-9511-4ffa-ab5b-9f1e87df129a','App\\Models\\Student','2024-01-30 08:32:51','2024-01-30 08:32:51'),('c990f584-ae35-4884-a303-3fc2799f40f2','Conn','Shanie Aufderhar','Eda','debert@stoltenberg.com','O-',2,'1-931-950-1089','2015-12-10','Perferendis mollitia sit quibusdam veniam nesciunt quis doloribus. Omnis autem et asperiores.','2368 Laurie View\nAdamsmouth, VT 45001-6420','$2y$10$92IXUNpkjO0rOQ5byMi.Ye4oKoEa3Ro9llC/.og/at2.uheWG/igi','69ff712c-6ae0-4923-9e6b-81c22bf7b8f5','App\\Models\\Student','2024-01-30 08:32:52','2024-01-30 08:32:52'),('c9bca599-0d27-4a36-99d0-4cfe41fa0eea','Keeling','Kamille Thiel','Shirley','cassin.randi@hotmail.com','B-',2,'731.244.7300','2017-11-10','Atque est placeat voluptatem deserunt qui quo. Quia eaque numquam ut non pariatur. Delectus totam voluptas at et earum.','3969 Schinner Gateway\nLake Evelyn, AZ 94575-3595','$2y$10$92IXUNpkjO0rOQ5byMi.Ye4oKoEa3Ro9llC/.og/at2.uheWG/igi','4f9a4988-2082-427c-8acb-ac1e576562f4','App\\Models\\Student','2024-01-30 08:32:50','2024-01-30 08:32:50'),('cb991b6a-9c33-4d78-8c7e-91d9132a16b6','Muller','Mr. Hilario Tremblay','Serenity','jeremie.kuphal@hotmail.com','AB+',1,'1-562-792-3053','2014-04-17','Repellat et pariatur molestias ut libero beatae est. Laboriosam quia accusamus sed aut. Facilis excepturi quam doloribus recusandae nesciunt.','859 Jude Stream Suite 238\nJohnsfort, KS 19223-4037','$2y$10$92IXUNpkjO0rOQ5byMi.Ye4oKoEa3Ro9llC/.og/at2.uheWG/igi','03e58700-6c9e-4f3d-a77c-be9e8f6e787e','App\\Models\\Guardian','2024-01-30 08:37:35','2024-01-30 08:37:35'),('cd040099-016e-4e02-96f8-d396a8ba0fd8','Swift','Maurice Veum','Effie','pouros.jeanette@lowe.net','AB+',1,'+14346702627','2014-09-15','Ut consequatur recusandae rerum qui. Asperiores non quo numquam ut. Aperiam quibusdam voluptatum quis accusamus ut id reprehenderit. Eveniet eos at enim velit.','115 Luna Trail\nNorth Vincenzoburgh, CT 82175-1001','$2y$10$92IXUNpkjO0rOQ5byMi.Ye4oKoEa3Ro9llC/.og/at2.uheWG/igi','4086f642-6132-4a62-83d9-1f65a7f8bc5f','App\\Models\\Student','2024-01-30 08:32:49','2024-01-30 08:32:49'),('cef6645a-6d6a-4ba5-89d0-bd75104f24b9','Fritsch','Ciara Bechtelar','Edyth','schiller.alva@bogisich.net','AB-',1,'+17129946537','2016-04-30','Dolorum quo quos voluptatem necessitatibus. Qui ea est ut repellat. Voluptas harum dolores nihil id hic voluptates.','647 Botsford Pines\nPort Armandhaven, NV 45078-3535','$2y$10$92IXUNpkjO0rOQ5byMi.Ye4oKoEa3Ro9llC/.og/at2.uheWG/igi','b3310300-60fd-436f-9c9e-5a35d580ce13','App\\Models\\Guardian','2024-01-30 08:37:35','2024-01-30 08:37:35'),('d0af56d2-ebbf-4408-a1e8-e6a76ad51a8c','Bartoletti','Odell Stiedemann','Bridget','kristin33@lockman.biz','B-',2,'(272) 380-4335','2022-11-13','Numquam nobis aut nemo a eaque. Sunt illum minus nihil mollitia non eum veniam. Voluptatem expedita tenetur nemo.','1176 Elaina Meadow Apt. 186\nChristellebury, VA 87844','$2y$10$92IXUNpkjO0rOQ5byMi.Ye4oKoEa3Ro9llC/.og/at2.uheWG/igi','f03dcd48-5608-4123-b133-cc406cc448cb','App\\Models\\Student','2024-01-30 08:32:49','2024-01-30 08:32:49'),('d0d9bffc-2d0d-48b2-8c28-1bafa32a7fd4','Stracke','Mrs. Aisha Hahn V','Selina','kilback.elouise@kiehn.com','AB+',2,'(406) 465-6334','2023-06-27','Magni magnam nihil aspernatur asperiores. Tenetur totam a expedita commodi. Animi culpa voluptas expedita.','25212 Weber Isle Suite 796\nMurrayshire, WY 40453','$2y$10$92IXUNpkjO0rOQ5byMi.Ye4oKoEa3Ro9llC/.og/at2.uheWG/igi','6c5ba193-8270-4af7-8644-d25dda879adf','App\\Models\\Guardian','2024-01-30 08:37:36','2024-01-30 08:37:36'),('d54321a0-19aa-42c0-a83c-42842988d5cb','Skiles','Vincenzo Bauch I','Dusty','gorczany.elisha@yahoo.com','AB+',2,'678-908-5062','2021-03-30','Voluptate molestiae nesciunt totam eaque voluptatem. Minima et consectetur molestias voluptas nihil. Dignissimos tempora nisi deserunt repellat dolor ea.','13771 Fisher Viaduct Suite 885\nNew Eldridge, MA 65600-6885','$2y$10$92IXUNpkjO0rOQ5byMi.Ye4oKoEa3Ro9llC/.og/at2.uheWG/igi','b03d29c3-cd80-4161-84f6-023048cb6a3a','App\\Models\\Guardian','2024-01-30 08:37:36','2024-01-30 08:37:36'),('d777e098-c5a1-40dd-aa4e-8b414cfd218f','Erdman','Johan Roob','Itzel','winnifred09@hotmail.com','O-',2,'+1 (520) 352-0700','2014-12-08','Itaque et voluptatem est ipsum reprehenderit debitis. Animi dolorem modi deleniti. Non dolorum porro et eum voluptate maiores enim. Et beatae voluptatem rem temporibus.','5620 Heaney Bypass\nStiedemannberg, RI 71476-8990','$2y$10$92IXUNpkjO0rOQ5byMi.Ye4oKoEa3Ro9llC/.og/at2.uheWG/igi','041d4a9b-e1b5-424f-974b-b4d9e2b252bc','App\\Models\\Student','2024-01-30 08:32:49','2024-01-30 08:32:49'),('d794877a-9b04-451b-ba49-85f5d1b52408','Abbott','Demario Dare','Trent','newell86@considine.com','O+',2,'(716) 538-3181','2016-09-29','Consequuntur iusto praesentium voluptatibus omnis. Aperiam qui ab dolores voluptas voluptas. Aliquam ut itaque eveniet sunt ea et alias iusto.','570 Haylee Branch\nRolfsonland, AK 68155','$2y$10$92IXUNpkjO0rOQ5byMi.Ye4oKoEa3Ro9llC/.og/at2.uheWG/igi','d45a7056-5fe3-4d30-9b4d-b2ac075675cd','App\\Models\\Guardian','2024-01-30 08:37:36','2024-01-30 08:37:36'),('d808ea27-4721-40d1-ad5e-dfe37e18a7e7','Bogisich','Prof. Vilma Veum','Edna','kuhic.ozella@yahoo.com','B+',2,'+1 (719) 835-4639','2016-01-19','Temporibus enim officiis similique est veritatis. Non ut laboriosam explicabo molestiae voluptatem ducimus ut.','499 Elwin Forge\nNorth Meda, MA 41220','$2y$10$92IXUNpkjO0rOQ5byMi.Ye4oKoEa3Ro9llC/.og/at2.uheWG/igi','dcb9bc73-bd28-4414-aca7-ffebabb6e3cb','App\\Models\\Student','2024-01-30 08:32:50','2024-01-30 08:32:50'),('da0b39a2-1908-4216-abdf-a88934e19a85','Morar','Deshaun Simonis','Nella','selmer.eichmann@bergnaum.org','B+',2,'385.846.8807','2015-12-01','Iste minus quia enim molestiae quibusdam et. Culpa facilis quos suscipit commodi. Quidem expedita molestias dolor aperiam. Optio et quia magnam enim rerum ab odit.','1619 Hammes Haven Apt. 851\nNew Arnaldoport, SC 18586-8610','$2y$10$92IXUNpkjO0rOQ5byMi.Ye4oKoEa3Ro9llC/.og/at2.uheWG/igi','5346faa7-1793-47c0-9f05-d518a73b9d3a','App\\Models\\Student','2024-01-30 08:32:52','2024-01-30 08:32:52'),('dc404741-69ce-4eb5-ab08-22ee84bc620c','Braun','Branson Deckow','Jorge','ruben58@hotmail.com','B-',1,'607.898.9288','2021-01-15','Velit nemo vel facilis non. Hic sunt sed quis impedit quam animi aut. Excepturi quae autem nulla nisi fuga.','578 Sandy Fords\nJanelleport, VA 36899','$2y$10$92IXUNpkjO0rOQ5byMi.Ye4oKoEa3Ro9llC/.og/at2.uheWG/igi','3390aac3-247e-4e20-af1f-eca04fb03f69','App\\Models\\Student','2024-01-30 08:32:51','2024-01-30 08:32:51'),('dced4101-7f1f-4736-ae4a-7ce1e7782605','Jones','Tod Hayes','Tre','kmarks@gmail.com','A-',2,'929-605-1803','2021-02-25','Earum dolor illum qui vel. Magni quam cupiditate omnis unde eligendi hic. Iste quidem vitae sint error occaecati. Debitis laudantium inventore culpa excepturi rerum.','83404 Mosciski Station Suite 823\nNorth Sigridfort, OK 57339','$2y$10$92IXUNpkjO0rOQ5byMi.Ye4oKoEa3Ro9llC/.og/at2.uheWG/igi','fcca25c8-3503-4f16-af23-a5ad5b5be10b','App\\Models\\Guardian','2024-01-30 08:37:36','2024-01-30 08:37:36'),('dd866e70-65ed-466c-8613-136ba8ce2e67','Okuneva','Maximillian Beier','Zane','sfeil@gmail.com','O+',1,'(636) 474-2261','2017-09-12','Magnam adipisci molestias animi corporis. Ut deleniti ipsam itaque nostrum quos totam sint. Voluptatem non magni ut voluptas alias rerum non. Praesentium maiores aperiam excepturi.','222 Lazaro Orchard Suite 832\nO\'Keefeborough, MD 43020-1071','$2y$10$92IXUNpkjO0rOQ5byMi.Ye4oKoEa3Ro9llC/.og/at2.uheWG/igi','0063e84b-d9d3-40a9-8add-2d9df0c14760','App\\Models\\Student','2024-01-30 08:32:50','2024-01-30 08:32:50'),('df94ae36-c207-45c0-ac1c-a83a277fb4b8','Reichel','Ernestina Jast','Michel','fadel.ryley@mann.biz','AB-',2,'(321) 298-6182','2017-05-21','Sit est omnis et deserunt consequatur. Facere ut enim aliquid quod. Eum numquam quo voluptatibus deleniti.','32729 Walter Place Suite 948\nNorth Mervinstad, MD 22792-2201','$2y$10$92IXUNpkjO0rOQ5byMi.Ye4oKoEa3Ro9llC/.og/at2.uheWG/igi','bfdc8c74-93e6-4b00-a818-dd43fbfa8c08','App\\Models\\Teacher','2024-01-30 08:10:37','2024-01-30 08:10:37'),('df94d742-83ff-4792-b573-7457aa4fc97c','Zboncak','Muriel Gleason II','Miller','liam81@marquardt.info','O-',1,'+12607940286','2022-04-24','Qui consequuntur ut aut dolor aut. Ut voluptas vel et. Beatae et aut quia ipsa soluta. Minus distinctio eligendi ea harum.','18035 Kihn Hollow Suite 664\nBradtketown, AL 86617-9734','$2y$10$92IXUNpkjO0rOQ5byMi.Ye4oKoEa3Ro9llC/.og/at2.uheWG/igi','e3cf7ee5-e29c-43f3-95cb-d32db33b5b7e','App\\Models\\Student','2024-01-30 08:32:49','2024-01-30 08:32:49'),('e0632143-75b4-4a96-b3cd-c66fbadc8d9a','Hilpert','Ethelyn Kunde V','Alta','mertie.lemke@yahoo.com','AB-',2,'1-678-968-4312','2018-08-04','Provident reiciendis consequatur omnis facere minima. A consectetur recusandae officiis voluptatibus et recusandae voluptate eius. Totam sunt nostrum tenetur.','11211 Toney Pike Apt. 392\nMorarton, IL 56230-4600','$2y$10$92IXUNpkjO0rOQ5byMi.Ye4oKoEa3Ro9llC/.og/at2.uheWG/igi','779bee78-7c8c-411d-a4db-097dfd03f9bb','App\\Models\\Student','2024-01-30 08:32:50','2024-01-30 08:32:50'),('e58e0e5b-1411-4a8a-9870-ab218eeaf489','Abbott','Mr. Hoyt Gerhold DDS','Billy','wilkinson.dortha@yahoo.com','B-',1,'+1 (908) 256-9060','2022-10-01','Et eius dolorem necessitatibus a ad laborum aut dolores. Vero et velit cum atque et. Ut error aut aliquid tenetur dolorem cumque.','2692 Gerlach Curve Suite 845\nLindaton, KS 78053','$2y$10$92IXUNpkjO0rOQ5byMi.Ye4oKoEa3Ro9llC/.og/at2.uheWG/igi','a057baa3-ae4b-4678-8db8-591e9df503f4','App\\Models\\Guardian','2024-01-30 08:37:35','2024-01-30 08:37:35'),('e5cf52d2-2611-4311-ae74-4f404d157c7e','McDermott','Miss Zoe Rempel','Giovanni','hartmann.jamar@yahoo.com','AB+',2,'+1 (332) 371-0490','2017-09-23','Est libero aut repellat sint perferendis laboriosam. Sint reiciendis dolor quibusdam voluptatem. Quidem qui est mollitia eveniet. Repellendus provident a laudantium quae odit odit.','5939 Satterfield Point Apt. 412\nPort Hyman, MA 93219','$2y$10$92IXUNpkjO0rOQ5byMi.Ye4oKoEa3Ro9llC/.og/at2.uheWG/igi','43b8d1b5-aed3-43e0-b9d2-9feee55411b2','App\\Models\\Student','2024-01-30 08:32:51','2024-01-30 08:32:51'),('e80e16d3-68c8-437d-95d6-aa36ad56cb01','Beier','Frankie Zieme','Maritza','koch.ryleigh@yahoo.com','O-',1,'+1 (346) 216-7393','2018-09-12','Tempore expedita in in et cumque. Eos dolorum rerum nulla impedit cum numquam praesentium.','800 Toy Divide Apt. 178\nNew Marcberg, ID 22253-7825','$2y$10$92IXUNpkjO0rOQ5byMi.Ye4oKoEa3Ro9llC/.og/at2.uheWG/igi','42f4172c-546b-4760-80a6-3291926ed54f','App\\Models\\Guardian','2024-01-30 08:37:35','2024-01-30 08:37:35'),('e928c596-5e15-4654-8c69-c11c194c96e0','Spencer','Kellie Langworth','Alva','christelle.willms@hotmail.com','AB+',1,'319-567-5119','2019-03-18','Est nobis deleniti possimus quis voluptas molestiae sunt. Sunt eaque tempora nesciunt praesentium ut. Quo ut quas fuga omnis itaque mollitia iusto quod.','76703 Florence Islands\nWest Malvinashire, DE 54996','$2y$10$92IXUNpkjO0rOQ5byMi.Ye4oKoEa3Ro9llC/.og/at2.uheWG/igi','90454dbd-6176-41d7-a50e-bfb7f5a23597','App\\Models\\Student','2024-01-30 08:32:51','2024-01-30 08:32:51'),('ed0d4e98-7495-4a42-95db-1447c2d1514b','Kozey','Florian Hettinger PhD','Arjun','janiya.mosciski@kuvalis.com','AB+',1,'+1-779-992-1951','2024-01-13','Dolores tempore omnis vel. Et aliquam nihil repellat qui voluptatem aut enim. Non itaque nulla et vero quidem fugit autem non. Asperiores tenetur consequuntur dolorum omnis porro sit consequatur.','2398 Mraz Land\nGutmannbury, DE 30691','$2y$10$92IXUNpkjO0rOQ5byMi.Ye4oKoEa3Ro9llC/.og/at2.uheWG/igi','926ed111-3edb-453c-9d76-6145be2d8ea7','App\\Models\\Guardian','2024-01-30 08:37:35','2024-01-30 08:37:35'),('ee85865c-2af6-496c-bf63-18b91807a7bb','Jakubowski','Prof. Gennaro O\'Keefe','Karen','kolby94@hotmail.com','A-',2,'919-842-3728','2022-03-19','Unde dolores non et cum temporibus at voluptas. Dolor facere similique ducimus. In mollitia sed id est.','353 Ondricka Fork\nKeyshawnbury, WA 86393','$2y$10$92IXUNpkjO0rOQ5byMi.Ye4oKoEa3Ro9llC/.og/at2.uheWG/igi','0c0314e9-6c11-431f-8308-0045e3139bee','App\\Models\\Guardian','2024-01-30 08:37:34','2024-01-30 08:37:34'),('f1645c0d-1d3f-49e9-ae3d-2191da2f0ce4','Daugherty','Hector Murazik','Prince','icremin@keebler.net','B-',2,'1-614-297-5782','2016-10-28','Et aliquid ratione odio veniam. Eum aliquam aut enim. Aspernatur debitis doloribus et quo accusamus.','6001 Buckridge Shore Apt. 124\nNew Magalistad, MI 35949-2564','$2y$10$92IXUNpkjO0rOQ5byMi.Ye4oKoEa3Ro9llC/.og/at2.uheWG/igi','e16f637f-63ae-4e2d-add8-ced460211b27','App\\Models\\Guardian','2024-01-30 08:37:36','2024-01-30 08:37:36'),('f1911d97-5e16-4f12-a6c8-920bacb9107a','Weimann','Ms. Edna Leannon','Alek','koch.rylee@yahoo.com','AB+',2,'+16626677625','2018-08-23','Ducimus quibusdam officia quidem magnam aut quis mollitia. Vitae repellat porro quas ad. Aut est aut quis recusandae velit sequi molestias. Nihil itaque vitae voluptatem ut sint libero.','57675 Dane Courts Suite 683\nWest Arnoldville, CA 49037','$2y$10$92IXUNpkjO0rOQ5byMi.Ye4oKoEa3Ro9llC/.og/at2.uheWG/igi','ca9bc114-c475-4510-87dd-5de16abe5764','App\\Models\\Guardian','2024-01-30 08:37:36','2024-01-30 08:37:36'),('f191f428-8056-4990-95fa-36dc5ba67401','Baumbach','Rogelio Cremin','Avis','deckow.ignatius@gmail.com','O-',1,'1-520-951-6392','2019-04-12','Voluptatibus eum ut ut eaque reiciendis dicta. Nobis nesciunt dolorem pariatur voluptas aut aut voluptatem numquam. Expedita ipsa distinctio non accusantium rerum et.','25426 Taylor Cliffs\nSouth Jedidiah, AZ 07319-8425','$2y$10$92IXUNpkjO0rOQ5byMi.Ye4oKoEa3Ro9llC/.og/at2.uheWG/igi','de54af2f-cad3-4e98-8698-9f78d57648fd','App\\Models\\Teacher','2024-01-30 08:10:37','2024-01-30 08:10:37'),('f24989f3-d1f1-4d24-a943-df19d1197bab','Conn','Madaline Crist','Milan','tjacobs@yahoo.com','O-',2,'+12483628977','2019-10-17','Distinctio ipsum velit laudantium magnam. In a voluptate sit eum nemo id quidem non. Est explicabo est sint esse dolores. Impedit repellendus cupiditate enim aliquam sapiente.','758 Schamberger Route Apt. 546\nWest Aidahaven, NY 87622-0405','$2y$10$92IXUNpkjO0rOQ5byMi.Ye4oKoEa3Ro9llC/.og/at2.uheWG/igi','bc50c6b3-e617-4481-8f38-fe78eb766daf','App\\Models\\Student','2024-01-30 08:32:49','2024-01-30 08:32:49'),('f28f00ad-0433-4069-a9b2-ee87790bd18f','Friesen','Maurice Welch','Lillian','reva.jacobi@price.com','O+',1,'1-731-362-2637','2023-01-28','Voluptates mollitia expedita quasi aliquid voluptate itaque in quos. Ea in eum rerum atque.','74464 Alexandria Lights Suite 404\nSouth Clint, WI 57085','$2y$10$92IXUNpkjO0rOQ5byMi.Ye4oKoEa3Ro9llC/.og/at2.uheWG/igi','4f35522c-4aae-4ff7-a3f2-c555250be062','App\\Models\\Student','2024-01-30 08:32:51','2024-01-30 08:32:51'),('f2cf4e5e-9a8f-4c16-8230-6b00dbd61347','Mills','Kacie O\'Keefe','Herminio','vito75@wisoky.com','AB+',1,'+1 (520) 861-4131','2017-08-24','Id accusamus sed et deleniti deleniti accusamus expedita. Eos rerum minima rem magni minima.','2200 Nick Walks Suite 076\nSchmidtfort, OH 23317-2951','$2y$10$92IXUNpkjO0rOQ5byMi.Ye4oKoEa3Ro9llC/.og/at2.uheWG/igi','836b1b43-36f5-4933-a1ce-b17ae9e5278f','App\\Models\\Guardian','2024-01-30 08:37:35','2024-01-30 08:37:35'),('f7116377-cf3d-46aa-a547-da5eb38f9a5a','Stoltenberg','Prof. Philip Schmidt III','Rosalee','beier.isabell@gmail.com','B+',1,'1-203-610-2067','2023-09-02','Et est tenetur animi maxime dolor consectetur eveniet. Porro dolores laboriosam eveniet vel. Autem reiciendis magni sequi et quae quod sunt.','251 Jakubowski Extensions Apt. 921\nNorth Rafael, IA 85866-3961','$2y$10$92IXUNpkjO0rOQ5byMi.Ye4oKoEa3Ro9llC/.og/at2.uheWG/igi','77638ce3-1e78-43ac-abf6-5e4a80e3a8e7','App\\Models\\Student','2024-01-30 08:32:49','2024-01-30 08:32:49'),('f7bf5652-5fc6-482e-8936-828393341d2d','Blick','Reagan Boyer','Lempi','veum.candice@wilkinson.org','B+',2,'(959) 386-4730','2019-01-31','Accusamus vel id rerum velit. Omnis tempora consectetur saepe incidunt. Suscipit cum doloremque sunt id dolores nesciunt velit.','8686 Marlene Brook Suite 310\nMckenzieshire, OK 64518','$2y$10$92IXUNpkjO0rOQ5byMi.Ye4oKoEa3Ro9llC/.og/at2.uheWG/igi','9a66a6a6-e6f1-4168-bb2f-f96b02a56efd','App\\Models\\Teacher','2024-01-30 08:10:37','2024-01-30 08:10:37'),('f8543be5-9ea8-471f-8ccd-07225fd6b487','Rippin','Mr. Jevon Doyle','Ellsworth','tromp.keyshawn@yahoo.com','B-',2,'+1 (970) 726-7706','2021-06-20','Vel aut repellendus perferendis omnis quidem quisquam. Aut sequi deleniti hic quam voluptatibus eius. Ipsam vero est vitae eos temporibus doloremque. Nesciunt sint sit sed autem reiciendis.','228 Beaulah Branch Suite 455\nLourdesfort, LA 01804-2075','$2y$10$92IXUNpkjO0rOQ5byMi.Ye4oKoEa3Ro9llC/.og/at2.uheWG/igi','80085efc-798a-4afd-b445-5454e6aca0c7','App\\Models\\Student','2024-01-30 08:32:50','2024-01-30 08:32:50'),('f8750964-d05e-47e9-9ff0-9dbcd2b67c52','Kertzmann','Dr. Sabryna Kulas','Brenna','moore.joanie@harvey.com','AB-',1,'(239) 434-2568','2019-10-03','Est omnis laborum nemo vitae. Similique molestias adipisci nobis quibusdam. Quae unde odio temporibus officiis corrupti et.','63291 Kihn Orchard Suite 055\nWest Augustine, NY 31846-5635','$2y$10$92IXUNpkjO0rOQ5byMi.Ye4oKoEa3Ro9llC/.og/at2.uheWG/igi','83e88525-e684-46f2-98e3-de1ec0a35773','App\\Models\\Student','2024-01-30 08:32:52','2024-01-30 08:32:52'),('f96a5e99-4843-4e52-90f9-7809e06403c7','Macejkovic','Pamela Pouros IV','Iva','devon.effertz@gmail.com','AB-',1,'+1.216.461.8893','2014-02-04','Quia a voluptatibus rerum molestiae consequatur mollitia mollitia. Non reprehenderit illo et cupiditate itaque nam culpa. Est amet qui enim aut consequatur.','1616 Toy Mountain\nNew Juliochester, CA 08875','$2y$10$92IXUNpkjO0rOQ5byMi.Ye4oKoEa3Ro9llC/.og/at2.uheWG/igi','b325acbc-affe-4c6b-8bb3-9d3d5c63cc03','App\\Models\\Guardian','2024-01-30 08:37:34','2024-01-30 08:37:34'),('fa4eab8b-a6d7-4704-8377-90b76d1df21c','Nikolaus','Clarabelle Braun','Stephany','deja30@ferry.com','O-',2,'267-356-9345','2021-08-28','Repellendus omnis neque et qui quam. Et ut incidunt eligendi. Dolorem voluptatem commodi quidem unde occaecati autem beatae. Non sed eligendi ullam earum tempore.','80824 Stephon Cape Apt. 770\nNedraview, MN 18284-9361','$2y$10$92IXUNpkjO0rOQ5byMi.Ye4oKoEa3Ro9llC/.og/at2.uheWG/igi','8db2f071-0de4-43b2-a595-d24288904a9d','App\\Models\\Student','2024-01-30 08:32:49','2024-01-30 08:32:49'),('fb7bccd2-31fc-41fb-b62e-658e1440a60c','Steuber','Mrs. Jermaine Stamm','Hollis','keeling.donato@robel.com','B-',2,'(214) 384-8016','2015-03-29','Sint est cum voluptatum voluptatum. Ut qui autem quisquam ratione quia. Porro unde deserunt non quia ullam voluptatem. Cupiditate saepe ullam impedit velit natus modi aut qui.','733 Gorczany Stravenue\nKohlerfort, AR 75696','$2y$10$92IXUNpkjO0rOQ5byMi.Ye4oKoEa3Ro9llC/.og/at2.uheWG/igi','b6e88f45-096b-43f2-9bf3-1332903f0c50','App\\Models\\Student','2024-01-30 08:32:49','2024-01-30 08:32:49');
/*!40000 ALTER TABLE `users` ENABLE KEYS */;
UNLOCK TABLES;
/*!40103 SET TIME_ZONE=@OLD_TIME_ZONE */;

/*!40101 SET SQL_MODE=@OLD_SQL_MODE */;
/*!40014 SET FOREIGN_KEY_CHECKS=@OLD_FOREIGN_KEY_CHECKS */;
/*!40014 SET UNIQUE_CHECKS=@OLD_UNIQUE_CHECKS */;
/*!40101 SET CHARACTER_SET_CLIENT=@OLD_CHARACTER_SET_CLIENT */;
/*!40101 SET CHARACTER_SET_RESULTS=@OLD_CHARACTER_SET_RESULTS */;
/*!40101 SET COLLATION_CONNECTION=@OLD_COLLATION_CONNECTION */;
/*!40111 SET SQL_NOTES=@OLD_SQL_NOTES */;

-- Dump completed on 2024-01-30 10:47:49
