-- MySQL dump 10.13  Distrib 8.0.34, for Win64 (x86_64)
--
-- Host: localhost    Database: kelasi
-- ------------------------------------------------------
-- Server version	8.0.35

/*!40101 SET @OLD_CHARACTER_SET_CLIENT=@@CHARACTER_SET_CLIENT */;
/*!40101 SET @OLD_CHARACTER_SET_RESULTS=@@CHARACTER_SET_RESULTS */;
/*!40101 SET @OLD_COLLATION_CONNECTION=@@COLLATION_CONNECTION */;
/*!50503 SET NAMES utf8 */;
/*!40103 SET @OLD_TIME_ZONE=@@TIME_ZONE */;
/*!40103 SET TIME_ZONE='+00:00' */;
/*!40014 SET @OLD_UNIQUE_CHECKS=@@UNIQUE_CHECKS, UNIQUE_CHECKS=0 */;
/*!40014 SET @OLD_FOREIGN_KEY_CHECKS=@@FOREIGN_KEY_CHECKS, FOREIGN_KEY_CHECKS=0 */;
/*!40101 SET @OLD_SQL_MODE=@@SQL_MODE, SQL_MODE='NO_AUTO_VALUE_ON_ZERO' */;
/*!40111 SET @OLD_SQL_NOTES=@@SQL_NOTES, SQL_NOTES=0 */;

--
-- Table structure for table `administrators`
--

DROP TABLE IF EXISTS `administrators`;
/*!40101 SET @saved_cs_client     = @@character_set_client */;
/*!50503 SET character_set_client = utf8mb4 */;
CREATE TABLE `administrators` (
  `id` char(36) COLLATE utf8mb4_unicode_ci NOT NULL,
  `created_at` timestamp NULL DEFAULT NULL,
  `updated_at` timestamp NULL DEFAULT NULL,
  PRIMARY KEY (`id`)
) ENGINE=InnoDB DEFAULT CHARSET=utf8mb4 COLLATE=utf8mb4_unicode_ci;
/*!40101 SET character_set_client = @saved_cs_client */;

--
-- Dumping data for table `administrators`
--

LOCK TABLES `administrators` WRITE;
/*!40000 ALTER TABLE `administrators` DISABLE KEYS */;
INSERT INTO `administrators` VALUES ('457524d4-022b-4121-a497-05641f51d13c','2024-01-30 14:21:04','2024-01-30 14:21:04'),('5ebba1a1-45e1-4850-8835-cae4c3f2f9d2','2024-01-30 14:21:04','2024-01-30 14:21:04'),('7900a0d1-05c1-4c9e-8713-1f65a71ea68e','2024-01-30 14:21:04','2024-01-30 14:21:04'),('df9a63ae-701b-491c-87db-a8bc09586395','2024-01-30 14:21:04','2024-01-30 14:21:04');
/*!40000 ALTER TABLE `administrators` ENABLE KEYS */;
UNLOCK TABLES;

--
-- Table structure for table `cities`
--

DROP TABLE IF EXISTS `cities`;
/*!40101 SET @saved_cs_client     = @@character_set_client */;
/*!50503 SET character_set_client = utf8mb4 */;
CREATE TABLE `cities` (
  `id` varchar(255) COLLATE utf8mb4_unicode_ci NOT NULL,
  `name` varchar(255) COLLATE utf8mb4_unicode_ci NOT NULL,
  `province_id` varchar(255) COLLATE utf8mb4_unicode_ci NOT NULL,
  `created_at` timestamp NULL DEFAULT NULL,
  `updated_at` timestamp NULL DEFAULT NULL,
  PRIMARY KEY (`id`),
  KEY `cities_province_id_foreign` (`province_id`),
  CONSTRAINT `cities_province_id_foreign` FOREIGN KEY (`province_id`) REFERENCES `provinces` (`id`) ON UPDATE CASCADE
) ENGINE=InnoDB DEFAULT CHARSET=utf8mb4 COLLATE=utf8mb4_unicode_ci;
/*!40101 SET character_set_client = @saved_cs_client */;

--
-- Dumping data for table `cities`
--

LOCK TABLES `cities` WRITE;
/*!40000 ALTER TABLE `cities` DISABLE KEYS */;
INSERT INTO `cities` VALUES ('0568eb01-476d-491e-876a-771024dc194c','Basoko','c954f9a2-b75b-4d09-801c-6469bdac2447','2024-01-25 09:25:14','2024-01-25 09:25:14'),('0858378e-3477-47de-ac67-fc6cd8c463d0','Kabare','364b7026-7b44-4534-adf2-957016b71779','2024-01-25 09:25:14','2024-01-25 09:25:14'),('0903742e-172f-4e0a-9314-ea3343056ed5','Aketi','0bc9244e-9ec6-4bca-a575-c6c27c59a201','2024-01-25 09:25:13','2024-01-25 09:25:13'),('0a458ccc-ce27-4866-9776-538f7669c6e0','Lisala','a1dda58c-8a55-4130-8764-2cf78755db59','2024-01-25 09:25:13','2024-01-25 09:25:13'),('0aad414f-3535-4cf9-99c5-af67ab159031','Tshela','274a23cb-a720-408b-9237-900b48540776','2024-01-25 09:25:14','2024-01-25 09:25:14'),('0c356f8d-06d1-4c1e-bed3-1f47f2d3d646','Buta','0bc9244e-9ec6-4bca-a575-c6c27c59a201','2024-01-25 09:25:13','2024-01-25 09:25:13'),('1229f920-c533-4362-8391-add3840466a0','Kamina','f630a635-77d1-4232-8395-6aae8ccd4235','2024-01-25 09:25:13','2024-01-25 09:25:13'),('15e7f7ff-25e1-4232-a34d-1d06f79d5f1d','Gandajika','86255d14-5cac-468e-a33e-e6a915507505','2024-01-25 09:25:13','2024-01-25 09:25:13'),('1b78dd71-bf83-4581-acf9-ecd4df1d057b','Wamba','723ad81a-efe3-4b12-8d1a-0b92801e7841','2024-01-25 09:25:13','2024-01-25 09:25:13'),('20a51d6b-bb0a-498f-bb9a-81ab6427551b','Kasangulu','274a23cb-a720-408b-9237-900b48540776','2024-01-25 09:25:14','2024-01-25 09:25:14'),('289c7d95-b6c6-4107-8d42-cfca091a72d6','Watsa','723ad81a-efe3-4b12-8d1a-0b92801e7841','2024-01-25 09:25:13','2024-01-25 09:25:13'),('33a47a40-6aa1-4254-878a-907b365e186f','Kinshasa','6ab2b671-15dc-4dc2-952b-e32a924629d7','2024-01-25 09:25:13','2024-01-25 09:25:13'),('36032734-05c1-4f9d-b7bd-4a7c2023bd4d','Lubao','75ab4b46-a348-43e1-b41a-ccb9114686bc','2024-01-25 09:25:14','2024-01-25 09:25:14'),('4932ef3b-70b9-4fb8-89d0-09d2f59eb4c1','Bukavu','364b7026-7b44-4534-adf2-957016b71779','2024-01-25 09:25:14','2024-01-25 09:25:14'),('4c86b46b-06e7-4c90-ac6b-cd5e61f9b128','Mbandaka','a1dda58c-8a55-4130-8764-2cf78755db59','2024-01-25 09:25:13','2024-01-25 09:25:13'),('4ca531fb-92a2-41ad-830a-d5ca3c9b7ad1','Bosobolo','d0e91a66-65f4-44a0-93f9-3ba73c27ee26','2024-01-25 09:25:14','2024-01-25 09:25:14'),('4cd4e179-84f6-4af8-826e-a8e6c3747c4a','Kasongo','6493e17a-034c-4a0b-9cd8-2448378d28d1','2024-01-25 09:25:14','2024-01-25 09:25:14'),('50797e8f-60c0-4b15-96df-4147642fa44a','Isiro','723ad81a-efe3-4b12-8d1a-0b92801e7841','2024-01-25 09:25:13','2024-01-25 09:25:13'),('534f791e-8f4f-46fa-80f0-c3337edddde8','Gbadolite','d0e91a66-65f4-44a0-93f9-3ba73c27ee26','2024-01-25 09:25:14','2024-01-25 09:25:14'),('53ce937f-bf1b-4200-b2ff-734a1672b93e','Bulungu','03ca9bf1-39b7-4d5c-8881-c0eb58b8fcc8','2024-01-25 09:25:14','2024-01-25 09:25:14'),('57153fee-f2bc-48a2-a6f7-bc5ff33b02f9','Moanda','274a23cb-a720-408b-9237-900b48540776','2024-01-25 09:25:14','2024-01-25 09:25:14'),('57dc43a6-2252-4281-8ad7-e1b772dcca3c','Beni','de2d1599-badd-42d9-894a-8063ce1dc779','2024-01-25 09:25:14','2024-01-25 09:25:14'),('5936e501-e790-4fc9-8402-7e336b960338','Kipushi','06a1b824-19ee-4e7c-9d39-076cadb3c6b5','2024-01-25 09:25:13','2024-01-25 09:25:13'),('5c3f521e-3162-4f3a-9686-c04ad5f5ebd9','Likasi','06a1b824-19ee-4e7c-9d39-076cadb3c6b5','2024-01-25 09:25:13','2024-01-25 09:25:13'),('5fe1e099-cc26-45da-bb1e-637a4ae17d46','Bandundu','03ca9bf1-39b7-4d5c-8881-c0eb58b8fcc8','2024-01-25 09:25:14','2024-01-25 09:25:14'),('63395a71-885d-40ac-8b0d-58469fd88707','Kisangani','c954f9a2-b75b-4d09-801c-6469bdac2447','2024-01-25 09:25:14','2024-01-25 09:25:14'),('63db508a-524d-415c-b67e-906cb2ab412d','Mweka','f5202319-ccbd-4703-8a31-c1c93b28f4cb','2024-01-25 09:25:13','2024-01-25 09:25:13'),('6b520302-aac8-4859-8351-41729c942878','Bumba','4c6af4e8-fe77-459f-a635-49827dfbe86a','2024-01-25 09:25:14','2024-01-25 09:25:14'),('6b759b8e-4b28-4f27-a483-cb4f61c371ba','Kambove','06a1b824-19ee-4e7c-9d39-076cadb3c6b5','2024-01-25 09:25:13','2024-01-25 09:25:13'),('6ccdc8e1-393e-4859-98f1-6d48e04f4ef2','Inongo','dde9a53f-e02a-484f-b82f-39a77df22c4e','2024-01-25 09:25:14','2024-01-25 09:25:14'),('6e4cc313-c2ce-4f5b-b393-a4d04fdd67e0','Kongolo','d6ecb019-e8c3-4058-b9b3-7fe9b3f9e1d3','2024-01-25 09:25:14','2024-01-25 09:25:14'),('726646ac-a167-4fd9-bdb5-03c7e26715f3','Kasongo-Lunda','3235809a-607a-41cf-aedb-807cbf3444b8','2024-01-25 09:25:14','2024-01-25 09:25:14'),('74a5f524-6533-4c61-b880-14508ae3dcbd','Kabalo','d6ecb019-e8c3-4058-b9b3-7fe9b3f9e1d3','2024-01-25 09:25:14','2024-01-25 09:25:14'),('8a933a80-a3ef-4408-a7f1-d8c35fc11306','Lusambo','a3cb60cc-61d1-4ada-b39c-aebd383413ca','2024-01-25 09:25:14','2024-01-25 09:25:14'),('8cee68c6-7a5e-4910-bb59-a37398c3dc25','Masina','6ab2b671-15dc-4dc2-952b-e32a924629d7','2024-01-25 09:25:13','2024-01-25 09:25:13'),('983698d1-643e-49ae-81a0-bdddc278903a','Libenge','fa900d38-0dd9-472c-a619-37608ec01080','2024-01-25 09:25:14','2024-01-25 09:25:14'),('98b4f707-5c8a-454d-958c-8de2e5cb39f5','Mwene-Ditu','75ab4b46-a348-43e1-b41a-ccb9114686bc','2024-01-25 09:25:14','2024-01-25 09:25:14'),('990a7543-c2f5-4d0f-866c-0df1fd0f5670','Butembo','de2d1599-badd-42d9-894a-8063ce1dc779','2024-01-25 09:25:14','2024-01-25 09:25:14'),('9ba8bb4c-ffb5-4415-8e12-97e3216e5619','Mbanza-Ngungu','274a23cb-a720-408b-9237-900b48540776','2024-01-25 09:25:14','2024-01-25 09:25:14'),('9d408077-18d5-4f2e-b357-6047dcb583e1','Boende','c8b16744-7aeb-4684-8695-30824e1b7922','2024-01-25 09:25:14','2024-01-25 09:25:14'),('9d49d452-b4c0-40b3-acb8-1eb091b20d7a','Bunia','3c9b263b-bf18-4cb7-bc41-6aa51a24f82b','2024-01-25 09:25:13','2024-01-25 09:25:13'),('9e74a486-cb6d-4afd-965a-aa1496745a93','Haut Katanga','06a1b824-19ee-4e7c-9d39-076cadb3c6b5','2024-01-25 09:25:13','2024-01-25 09:25:13'),('9f781fcc-f030-4856-93bd-b9e411082398','Mushie','dde9a53f-e02a-484f-b82f-39a77df22c4e','2024-01-25 09:25:14','2024-01-25 09:25:14'),('a0f769da-5c8f-4fca-aed1-e195839ff275','Luebo','f5202319-ccbd-4703-8a31-c1c93b28f4cb','2024-01-25 09:25:13','2024-01-25 09:25:13'),('a6242e6d-d3e2-4ec5-bf9b-0df32d6b1539','Sake','de2d1599-badd-42d9-894a-8063ce1dc779','2024-01-25 09:25:14','2024-01-25 09:25:14'),('b1de1b66-4765-4286-b8e3-0e6b344cce52','Matadi','274a23cb-a720-408b-9237-900b48540776','2024-01-25 09:25:14','2024-01-25 09:25:14'),('b980a75f-18eb-45ff-bf5b-a9c949a75569','Boma','274a23cb-a720-408b-9237-900b48540776','2024-01-25 09:25:13','2024-01-25 09:25:13'),('ba3a43da-a5f3-4080-abde-b65feada7010','Bongandanga','fa900d38-0dd9-472c-a619-37608ec01080','2024-01-25 09:25:14','2024-01-25 09:25:14'),('bda62c24-269d-404c-a324-81053aee3935','Bondo','0bc9244e-9ec6-4bca-a575-c6c27c59a201','2024-01-25 09:25:13','2024-01-25 09:25:13'),('be464f9a-be47-434f-b017-791ef06294d1','Kikwit','03ca9bf1-39b7-4d5c-8881-c0eb58b8fcc8','2024-01-25 09:25:14','2024-01-25 09:25:14'),('bf998158-aeba-473f-8414-865d41f633d3','Nioki','dde9a53f-e02a-484f-b82f-39a77df22c4e','2024-01-25 09:25:14','2024-01-25 09:25:14'),('c8a4e216-4301-4f9e-9a3b-c5660468a596','Kindu','6493e17a-034c-4a0b-9cd8-2448378d28d1','2024-01-25 09:25:14','2024-01-25 09:25:14'),('cd97fa43-4a62-4aa1-911f-54768c475376','Kalemie','d6ecb019-e8c3-4058-b9b3-7fe9b3f9e1d3','2024-01-25 09:25:14','2024-01-25 09:25:14'),('cefe7691-95ac-4722-8616-64f0e7ce398e','Goma','de2d1599-badd-42d9-894a-8063ce1dc779','2024-01-25 09:25:14','2024-01-25 09:25:14'),('d06db5ab-e21e-4fae-b717-c09638c5eb48','Ilebo','f5202319-ccbd-4703-8a31-c1c93b28f4cb','2024-01-25 09:25:13','2024-01-25 09:25:13'),('d09262d1-49cb-41da-9e6b-0cca745949eb','Uvira','364b7026-7b44-4534-adf2-957016b71779','2024-01-25 09:25:14','2024-01-25 09:25:14'),('d47c36b8-e7b4-4f85-8b34-676c1cacbdeb','Lukolela','a1dda58c-8a55-4130-8764-2cf78755db59','2024-01-25 09:25:13','2024-01-25 09:25:13'),('d8c05c23-624d-4465-a16a-911876808272','Mbuji-Mayi','86255d14-5cac-468e-a33e-e6a915507505','2024-01-25 09:25:13','2024-01-25 09:25:13'),('d984c2b1-fada-4c63-b1a6-1d77e198f873','Bolobo','dde9a53f-e02a-484f-b82f-39a77df22c4e','2024-01-25 09:25:14','2024-01-25 09:25:14'),('e00ef7a9-4008-4229-b8de-a0b137e76b6d','Yangambi','c954f9a2-b75b-4d09-801c-6469bdac2447','2024-01-25 09:25:14','2024-01-25 09:25:14'),('e32b23be-de3f-4d7a-a5df-c6eef71e1c70','Tshikapa','f5202319-ccbd-4703-8a31-c1c93b28f4cb','2024-01-25 09:25:13','2024-01-25 09:25:13'),('e583f2ce-df92-4151-99cd-097dbfc34bd2','Kampene','6493e17a-034c-4a0b-9cd8-2448378d28d1','2024-01-25 09:25:14','2024-01-25 09:25:14'),('e6a856cc-91e8-4baa-b442-24afe45bd8f4','Lubumbashi','06a1b824-19ee-4e7c-9d39-076cadb3c6b5','2024-01-25 09:25:13','2024-01-25 09:25:13'),('e7ceabee-74a8-4912-b7ba-3b860444444b','Gemena','a1dda58c-8a55-4130-8764-2cf78755db59','2024-01-25 09:25:13','2024-01-25 09:25:13'),('e96ede3c-016a-42cf-88a3-efbc3606a9d6','Mangai','03ca9bf1-39b7-4d5c-8881-c0eb58b8fcc8','2024-01-25 09:25:14','2024-01-25 09:25:14'),('ec4f7e1e-8eea-405e-af07-1b2f3cee8fee','Lodja','a3cb60cc-61d1-4ada-b39c-aebd383413ca','2024-01-25 09:25:14','2024-01-25 09:25:14'),('eeca7c8c-292e-43ea-a547-975a8eb764f9','Businga','d0e91a66-65f4-44a0-93f9-3ba73c27ee26','2024-01-25 09:25:14','2024-01-25 09:25:14'),('f46907ce-2b78-46e3-8208-d4128800d0f0','Kabinda','86255d14-5cac-468e-a33e-e6a915507505','2024-01-25 09:25:13','2024-01-25 09:25:13'),('f834b8ee-63f1-4596-a0a8-39fc94b63c5e','Bukama','f630a635-77d1-4232-8395-6aae8ccd4235','2024-01-25 09:25:13','2024-01-25 09:25:13');
/*!40000 ALTER TABLE `cities` ENABLE KEYS */;
UNLOCK TABLES;

--
-- Table structure for table `classes`
--

DROP TABLE IF EXISTS `classes`;
/*!40101 SET @saved_cs_client     = @@character_set_client */;
/*!50503 SET character_set_client = utf8mb4 */;
CREATE TABLE `classes` (
  `id` char(36) COLLATE utf8mb4_unicode_ci NOT NULL,
  `level_id` bigint unsigned NOT NULL,
  `section_id` bigint unsigned NOT NULL,
  `school_id` char(36) COLLATE utf8mb4_unicode_ci NOT NULL,
  `description` text COLLATE utf8mb4_unicode_ci NOT NULL,
  `created_at` timestamp NULL DEFAULT NULL,
  `updated_at` timestamp NULL DEFAULT NULL,
  PRIMARY KEY (`id`),
  KEY `classes_level_id_foreign` (`level_id`),
  KEY `classes_section_id_foreign` (`section_id`),
  KEY `classes_school_id_foreign` (`school_id`),
  CONSTRAINT `classes_level_id_foreign` FOREIGN KEY (`level_id`) REFERENCES `levels` (`id`) ON UPDATE CASCADE,
  CONSTRAINT `classes_school_id_foreign` FOREIGN KEY (`school_id`) REFERENCES `schools` (`id`) ON UPDATE CASCADE,
  CONSTRAINT `classes_section_id_foreign` FOREIGN KEY (`section_id`) REFERENCES `sections` (`id`) ON UPDATE CASCADE
) ENGINE=InnoDB DEFAULT CHARSET=utf8mb4 COLLATE=utf8mb4_unicode_ci;
/*!40101 SET character_set_client = @saved_cs_client */;

--
-- Dumping data for table `classes`
--

LOCK TABLES `classes` WRITE;
/*!40000 ALTER TABLE `classes` DISABLE KEYS */;
INSERT INTO `classes` VALUES ('0063191a-9baa-4e53-a19b-0720ba9cc9a9',6,1,'d607ab2f-8e00-4037-bc04-277689de1cfa','Aut ut facere non tempora voluptatum. Commodi velit quo sunt cum consequatur id. Inventore qui dignissimos eum sint porro tempora.','2024-01-30 14:21:04','2024-01-30 14:21:04'),('07b0ab31-0991-435d-8759-e6ea5b0a1b14',5,1,'418eb3aa-e7ab-4824-9abf-2abd85448d9e','Aut iure voluptatibus a. Similique velit ipsa quas officiis eum est vero. Culpa minus corporis ullam adipisci libero natus. Optio vero minima amet fugiat. Aspernatur quo cupiditate qui ex dolor.','2024-01-30 14:21:04','2024-01-30 14:21:04'),('0cf11b34-2939-4f7d-a72d-e1a356fa4334',3,2,'e81bc486-f59d-4eda-b4ab-5f55a3e25034','Necessitatibus et eos optio quos. Et quae iste at aut est unde. Modi hic ullam ipsam quia voluptas deserunt.','2024-01-30 14:21:04','2024-01-30 14:21:04'),('0d828353-2ae7-4255-8c95-76994b77f0bf',4,3,'0699ae8f-ed3b-4fe0-b0e5-bd4c8cb9c968','Fuga dolorum rem dignissimos itaque suscipit odio quaerat pariatur. Voluptatibus architecto voluptatibus cupiditate aperiam.','2024-01-30 14:21:04','2024-01-30 14:21:04'),('1067412b-4d37-4b19-8993-3872facd90b1',4,2,'0514b7dd-a203-4433-b1cf-c57463b50e0f','Porro minus recusandae officia vero ducimus laborum deserunt quisquam. Et quo modi nulla officia molestias quo. Ut exercitationem dolores odit neque voluptatem magnam.','2024-01-30 14:21:04','2024-01-30 14:21:04'),('1130045e-3318-4526-9f8f-4e9784cc5139',5,3,'5b03b1be-ff6a-43b5-b64a-75635f54f4ac','Incidunt modi deserunt excepturi. Dolore quae qui voluptatem laudantium sunt consequatur iusto. Aperiam enim aliquam ea alias nesciunt iure at. Eum quis adipisci eos et sit omnis.','2024-01-30 14:21:04','2024-01-30 14:21:04'),('1947362e-39a6-4a15-bfdd-92bbcc8d08c7',2,2,'cbb36fd5-730b-4ab8-93d4-50959db6db37','Repudiandae eaque in minima ut dolore est. Sint architecto cumque veritatis vero magnam. Voluptatum nisi qui mollitia nostrum et. Ab dolores dolore sunt non voluptas.','2024-01-30 14:21:04','2024-01-30 14:21:04'),('1a45c30f-a5af-4062-911d-85706b60afe1',2,1,'d607ab2f-8e00-4037-bc04-277689de1cfa','Eos sit vel et. Similique quo quam ut minus. Dolorem a mollitia omnis ducimus sed placeat a. Voluptatem qui accusantium quas vel non a. Id tempora enim temporibus necessitatibus.','2024-01-30 14:21:04','2024-01-30 14:21:04'),('267c0b9e-29d1-47f0-b21f-4f36f246a221',6,3,'2f839e9c-fc64-4222-bf63-57c25bc6823d','Consequatur recusandae libero eum. Voluptas tenetur doloremque laborum. Sint qui id voluptatum illum. Omnis aut dolor quidem placeat cum.','2024-01-30 14:21:04','2024-01-30 14:21:04'),('2ac0dea0-d3f9-47d2-bfbf-e62b94b4b928',6,2,'c3419ecf-33f6-4e26-8f28-814c70105815','Sint ipsa reprehenderit asperiores temporibus excepturi incidunt. Soluta labore porro vero temporibus unde.','2024-01-30 14:21:04','2024-01-30 14:21:04'),('3c34b9bc-684b-48cf-8d91-c4c8e1e9fa46',6,2,'0514b7dd-a203-4433-b1cf-c57463b50e0f','Ut deserunt quod incidunt voluptas nihil reprehenderit. Aut dolor quos omnis voluptas autem quos reprehenderit. Ipsa et eum quo in. Et dolorem odio numquam id dolores velit accusamus quos.','2024-01-30 14:21:04','2024-01-30 14:21:04'),('51ba0bd7-696b-4b06-a2d2-29f520a6f2ba',5,1,'e81bc486-f59d-4eda-b4ab-5f55a3e25034','Soluta qui deleniti at dolorem ratione qui nihil. Modi dicta et animi inventore ut maxime provident. Esse sint aperiam et autem iusto. Non optio ut ducimus ut possimus.','2024-01-30 14:21:04','2024-01-30 14:21:04'),('530bd748-e083-4959-9b53-3b9fc553e4d5',3,1,'9eab47e7-591c-4402-aa16-37e7535dd634','Ipsum fugiat consequatur commodi inventore et reiciendis. Numquam adipisci ut enim recusandae. Perspiciatis vel deserunt laboriosam dolores rerum.','2024-01-30 14:21:04','2024-01-30 14:21:04'),('5912095c-6f05-4775-9f8b-860d98fb296f',3,2,'ba7a0e19-99ec-4619-9701-e72085735749','Asperiores esse nihil reiciendis nam illo labore voluptatem. Maiores modi nemo ut quisquam debitis sunt numquam. Qui velit maiores accusantium cum sint error sint.','2024-01-30 14:21:04','2024-01-30 14:21:04'),('5a955175-3c38-4dd7-97da-007e8a980f16',3,3,'0514b7dd-a203-4433-b1cf-c57463b50e0f','Rem incidunt ab vel aut temporibus aliquid molestias. Sint eos minus minus amet et. Ut incidunt voluptas ut dolore. Officia similique ducimus quos nesciunt mollitia illum laborum.','2024-01-30 14:21:04','2024-01-30 14:21:04'),('5d41d2dc-be5a-414e-b906-b5e2138a4feb',2,1,'cbb36fd5-730b-4ab8-93d4-50959db6db37','Iste qui rerum atque qui et dolorum impedit. Natus similique ipsam nulla est dolor tenetur et aperiam. Sint quos quos architecto blanditiis ut eligendi. Facilis quia qui qui voluptatum occaecati.','2024-01-30 14:21:04','2024-01-30 14:21:04'),('6755d9ea-465f-43e4-9331-2435ab91119b',3,2,'c3419ecf-33f6-4e26-8f28-814c70105815','In officia qui molestiae ullam. Qui sunt ratione porro vero sapiente cupiditate. Aut voluptatem quae non totam. Qui voluptatem et aperiam ipsum et soluta.','2024-01-30 14:21:04','2024-01-30 14:21:04'),('6a11ae87-b852-47b6-a700-8382191de8f5',2,1,'8c5e99df-1b38-4ad3-951b-11a121e6473b','Atque dicta minus dolorum est. Sed est reprehenderit id voluptatem ex quo cum sit. Maxime quaerat eos consequatur soluta commodi.','2024-01-30 14:21:04','2024-01-30 14:21:04'),('7a61a2a3-a1b4-4df9-b9de-b9b95e9b7f29',3,1,'0514b7dd-a203-4433-b1cf-c57463b50e0f','Dolore laudantium tempore porro quo et autem non consectetur. Rerum est qui est. Maiores illo ut sint iure nesciunt sit porro. Aut ut praesentium ab quod laborum.','2024-01-30 14:21:04','2024-01-30 14:21:04'),('7f3efb86-6b97-4daa-8657-de313f4a0418',1,1,'5b03b1be-ff6a-43b5-b64a-75635f54f4ac','In beatae omnis unde dolores quia et. Quas cupiditate consequatur molestiae enim voluptatem. Doloribus aperiam occaecati ut dolor.','2024-01-30 14:21:04','2024-01-30 14:21:04'),('88fb0e68-704a-443b-a5bc-147dad6c744e',4,2,'418eb3aa-e7ab-4824-9abf-2abd85448d9e','Architecto eos tenetur cum et nihil nobis. Consequatur vero dolorum rerum. Facilis voluptas aliquam fugit sed possimus saepe sit. Ipsam praesentium tenetur aut harum odit excepturi.','2024-01-30 14:21:04','2024-01-30 14:21:04'),('8aeaba81-aa0c-43ed-bba3-451a2e631d26',1,3,'b604b773-1a11-4331-b85a-31c54f801b95','Eos aut odio accusamus voluptas praesentium non aut. Quod accusamus saepe est nam velit nemo maxime totam. Ratione quidem similique consequatur id voluptatum facere.','2024-01-30 14:21:04','2024-01-30 14:21:04'),('8b66b67a-ab60-4982-9a74-25c449c75b96',6,1,'418eb3aa-e7ab-4824-9abf-2abd85448d9e','Aliquid illo dolores quo eveniet dolores minima consequatur. Omnis natus aut dolorem qui ipsum. Animi saepe eveniet mollitia suscipit fugiat nulla consequatur.','2024-01-30 14:21:04','2024-01-30 14:21:04'),('8eedd038-af54-41e5-b5bb-1b88665bcd07',4,1,'f75d4b92-4c34-4c3e-b6fa-bf6d2f5b9ade','Sit nisi ea voluptatibus qui perspiciatis qui quibusdam eligendi. Qui natus nobis qui. Temporibus est quis fugit sint est vel velit. Beatae repellat impedit ea et deleniti.','2024-01-30 14:21:04','2024-01-30 14:21:04'),('9d6f9db2-d293-43b0-b7cb-fe97e4f32cf8',6,2,'2f839e9c-fc64-4222-bf63-57c25bc6823d','Quia qui sed nisi accusantium veniam possimus quae labore. Nostrum consequuntur odit corporis tempore ut. Placeat saepe amet fugiat est et quisquam.','2024-01-30 14:21:04','2024-01-30 14:21:04'),('9f98a1c5-db88-4805-8933-9499d952e5de',2,1,'418eb3aa-e7ab-4824-9abf-2abd85448d9e','Nihil quo eius totam itaque voluptatum cum aspernatur. Et qui non ut impedit ut vero dolorem. Eius cupiditate nulla enim sunt nostrum eum tempore. Necessitatibus ut expedita odio dicta.','2024-01-30 14:21:04','2024-01-30 14:21:04'),('a0fd58a2-0b6b-43ec-8d08-42f95c9413e9',5,3,'2f839e9c-fc64-4222-bf63-57c25bc6823d','Et consequuntur facilis dolorum molestiae rerum voluptas maxime. Fugiat rerum laboriosam nemo et. Temporibus quo commodi quo sapiente exercitationem.','2024-01-30 14:21:04','2024-01-30 14:21:04'),('a126c5e6-2290-4c41-b432-a7db1576462f',4,1,'ba7a0e19-99ec-4619-9701-e72085735749','Explicabo consequatur in quam quia voluptatum. Recusandae omnis rerum veniam autem eos iste. Itaque eius mollitia possimus qui.','2024-01-30 14:21:04','2024-01-30 14:21:04'),('a68a599f-1f1a-4bd3-b44e-256b6ac40038',6,2,'9eab47e7-591c-4402-aa16-37e7535dd634','Doloremque quibusdam eligendi nihil deleniti amet rem. Quis non alias ut aliquid assumenda corporis. Impedit aut libero et eos soluta eligendi. Distinctio non eum vel.','2024-01-30 14:21:04','2024-01-30 14:21:04'),('b2e38c02-ed89-41e3-84f8-4f1c620e9b48',5,1,'8c5e99df-1b38-4ad3-951b-11a121e6473b','Aliquam enim et aut mollitia ad iusto. Sit labore sit molestiae non. Voluptatem exercitationem tempora fugiat natus.','2024-01-30 14:21:04','2024-01-30 14:21:04'),('b399d88d-2b1d-4cbc-a106-e4f3ad023139',1,3,'95bc2ee4-513d-4b51-b470-4939bbc24a10','Velit vitae autem rerum at. Et odio saepe autem et aut quia. Et voluptatem nesciunt quaerat sit sed. Adipisci assumenda dolor alias quas doloremque dignissimos.','2024-01-30 14:21:04','2024-01-30 14:21:04'),('b4504737-2003-4d5f-b30d-81ac410c6ffa',6,2,'2f839e9c-fc64-4222-bf63-57c25bc6823d','Fugiat eligendi ducimus ut eos ea accusamus. Voluptatem accusantium delectus rerum exercitationem. Et harum provident occaecati vel magnam sunt aut. Fuga est qui voluptatum voluptas.','2024-01-30 14:21:04','2024-01-30 14:21:04'),('b6fa0018-8d93-4676-86de-d37fe3bacdc7',6,3,'9eab47e7-591c-4402-aa16-37e7535dd634','Dolor tempora sed ad eligendi delectus. Numquam vero debitis animi et soluta tenetur. Ratione accusamus sint ipsa saepe minima dolorem.','2024-01-30 14:21:04','2024-01-30 14:21:04'),('be445e2a-4faf-45ad-8f61-94a558c3127e',6,2,'e81bc486-f59d-4eda-b4ab-5f55a3e25034','Quibusdam nisi omnis placeat omnis. Natus amet fuga fugiat. Voluptas voluptas libero nam. Tenetur nemo iusto tempora cupiditate.','2024-01-30 14:21:04','2024-01-30 14:21:04'),('c56bdfa5-c579-4a50-a15c-ba1a8b676aa7',3,2,'0514b7dd-a203-4433-b1cf-c57463b50e0f','Culpa vel culpa officia. Est ut blanditiis natus inventore repudiandae sed. Praesentium sapiente culpa molestiae eaque nihil.','2024-01-30 14:21:04','2024-01-30 14:21:04'),('cc7c1bfb-cf9c-41f5-839d-daec46b57e6c',6,2,'6d5e1448-d64e-4b76-957e-c7dff30c9193','Sit est in qui suscipit quia. Eveniet similique nihil repellendus et ipsa omnis aliquid. Id laborum ipsam ut. Aut error nobis quae est omnis fugiat laborum excepturi.','2024-01-30 14:21:04','2024-01-30 14:21:04'),('cda4f536-8646-4df1-89db-0bb869626a12',4,2,'ceae2ff5-6d6a-43ef-9c91-d189208c52b2','Et labore commodi quibusdam nihil. Et nihil dolorum eos consequuntur nulla. Voluptates inventore et mollitia odit asperiores sint. A perferendis eveniet recusandae aliquid.','2024-01-30 14:21:04','2024-01-30 14:21:04'),('d21c5aef-593e-41ba-96d6-e9aa1bee339a',1,3,'cbb36fd5-730b-4ab8-93d4-50959db6db37','Quasi quo et tenetur nostrum eum. Minima error explicabo tenetur voluptates cumque est. Quia velit expedita quia earum doloremque officiis aliquid aperiam.','2024-01-30 14:21:04','2024-01-30 14:21:04'),('d33f80b5-ac92-4a2f-ac50-f0bd678c092c',5,1,'5b03b1be-ff6a-43b5-b64a-75635f54f4ac','Cupiditate minima aut fugiat minima dolorem occaecati at. Amet ut molestiae ut tempora. Minima eligendi id corrupti.','2024-01-30 14:21:04','2024-01-30 14:21:04'),('d3637259-2f87-4e1f-849c-046c863d3d2a',4,1,'8c5e99df-1b38-4ad3-951b-11a121e6473b','Quia est possimus omnis iusto autem. Soluta sit fugiat accusamus in dignissimos ex sit culpa. Eius qui sint aut quia totam culpa.','2024-01-30 14:21:04','2024-01-30 14:21:04'),('d97e15c0-acff-418b-b4f4-2c5d2f6ce25a',6,2,'0699ae8f-ed3b-4fe0-b0e5-bd4c8cb9c968','Repudiandae aut in necessitatibus sed ratione. Ipsum sunt sed sunt. In veniam eos porro necessitatibus pariatur aliquid.','2024-01-30 14:21:04','2024-01-30 14:21:04'),('da4c5b2e-27da-4054-95fd-e176e2cf153c',3,3,'f75d4b92-4c34-4c3e-b6fa-bf6d2f5b9ade','Aliquid in et aut molestiae dolor. Esse fuga veritatis eligendi. Pariatur consequatur nam ducimus.','2024-01-30 14:21:04','2024-01-30 14:21:04'),('dfa6f211-bb21-4540-ad86-38591a0d44cb',1,1,'74b88cd9-31d4-4330-a77f-dcae3e6c11cd','Dolores autem fugit aliquid omnis rerum harum. Atque atque rerum id veritatis labore veniam. Ea odio in officiis provident quae officiis nisi odit.','2024-01-30 14:21:04','2024-01-30 14:21:04'),('e48f76b7-59f0-426f-ae48-10aba251590f',5,1,'c3419ecf-33f6-4e26-8f28-814c70105815','Adipisci dicta possimus et. Officiis amet et qui eligendi. Atque voluptas autem quam sunt perspiciatis aperiam. Dolor minus ut ipsa aut cum ea.','2024-01-30 14:21:04','2024-01-30 14:21:04'),('e65bc2a5-7ece-493c-a388-595b05178b1c',4,2,'d607ab2f-8e00-4037-bc04-277689de1cfa','Nemo culpa ut voluptatem repellat quis voluptate voluptatum alias. Ea laboriosam animi voluptatibus ut rerum sunt. Ea et labore saepe accusantium quisquam.','2024-01-30 14:21:04','2024-01-30 14:21:04'),('e65fe0f4-6fb9-44cf-bd09-60f85fbd4563',2,1,'b536c2b6-5643-4ba0-953e-5b07f6842701','Dolorum qui adipisci optio dolore id. Aliquid consequatur nam aut sint laudantium modi excepturi provident. Quod aut consequatur qui velit. Quo eius numquam magnam ut sint omnis mollitia.','2024-01-30 14:21:04','2024-01-30 14:21:04'),('e6f4fbeb-f636-4be4-8990-0e6b8da55183',3,1,'2f839e9c-fc64-4222-bf63-57c25bc6823d','Debitis aperiam qui aspernatur eius laudantium. Harum corrupti qui magni excepturi aut ea in. Sed ipsa ullam sed.','2024-01-30 14:21:04','2024-01-30 14:21:04'),('eb056c8b-b504-4b58-b78c-d57774a9a689',5,3,'b604b773-1a11-4331-b85a-31c54f801b95','Dignissimos quam corrupti illo enim necessitatibus consequatur. Veritatis omnis et corporis consequatur sed. Distinctio voluptatibus optio officia dolore blanditiis voluptatem non at.','2024-01-30 14:21:04','2024-01-30 14:21:04'),('f2302947-bd66-4ed1-9f40-854cb8efb814',5,2,'6d5e1448-d64e-4b76-957e-c7dff30c9193','Amet vel eum omnis esse. Ut aliquid eius voluptatem et iusto quae non. At repellendus aliquam quisquam laboriosam officiis fuga. Non ut deleniti tenetur asperiores in voluptatibus.','2024-01-30 14:21:04','2024-01-30 14:21:04'),('ffe92263-752f-40c1-8aeb-69b849c4eae1',2,3,'0514b7dd-a203-4433-b1cf-c57463b50e0f','Amet doloribus libero magnam reprehenderit fuga voluptas necessitatibus. Quia aperiam voluptatum enim id. Ipsam tenetur officia totam recusandae officiis.','2024-01-30 14:21:04','2024-01-30 14:21:04');
/*!40000 ALTER TABLE `classes` ENABLE KEYS */;
UNLOCK TABLES;

--
-- Table structure for table `courses`
--

DROP TABLE IF EXISTS `courses`;
/*!40101 SET @saved_cs_client     = @@character_set_client */;
/*!50503 SET character_set_client = utf8mb4 */;
CREATE TABLE `courses` (
  `id` char(36) COLLATE utf8mb4_unicode_ci NOT NULL,
  `name` varchar(255) COLLATE utf8mb4_unicode_ci NOT NULL,
  `coefficient` int NOT NULL,
  `teacher_id` char(36) COLLATE utf8mb4_unicode_ci NOT NULL,
  `classe_id` char(36) COLLATE utf8mb4_unicode_ci NOT NULL,
  `created_at` timestamp NULL DEFAULT NULL,
  `updated_at` timestamp NULL DEFAULT NULL,
  PRIMARY KEY (`id`),
  KEY `courses_teacher_id_foreign` (`teacher_id`),
  KEY `courses_classe_id_foreign` (`classe_id`),
  CONSTRAINT `courses_classe_id_foreign` FOREIGN KEY (`classe_id`) REFERENCES `classes` (`id`) ON DELETE CASCADE ON UPDATE CASCADE,
  CONSTRAINT `courses_teacher_id_foreign` FOREIGN KEY (`teacher_id`) REFERENCES `teachers` (`id`) ON UPDATE CASCADE
) ENGINE=InnoDB DEFAULT CHARSET=utf8mb4 COLLATE=utf8mb4_unicode_ci;
/*!40101 SET character_set_client = @saved_cs_client */;

--
-- Dumping data for table `courses`
--

LOCK TABLES `courses` WRITE;
/*!40000 ALTER TABLE `courses` DISABLE KEYS */;
INSERT INTO `courses` VALUES ('0072bc75-0e9c-4294-8d40-402abd9261a0','Id quisquam.',95,'0fd8efae-74fb-44ec-8d5d-8e431a7e3764','da4c5b2e-27da-4054-95fd-e176e2cf153c','2024-01-30 14:21:05','2024-01-30 14:21:05'),('0c22f297-93ba-40e8-bc22-28d4416f8af1','Magnam inventore ipsam.',55,'6a3f8b70-16ac-4e2e-aba4-2477b4e26458','e65fe0f4-6fb9-44cf-bd09-60f85fbd4563','2024-01-30 14:21:05','2024-01-30 14:21:05'),('12650147-112b-4fe6-81fd-b5e27e4c7ad1','Alias sed molestias.',65,'229fc549-d421-4033-a264-cb1d5669b784','8aeaba81-aa0c-43ed-bba3-451a2e631d26','2024-01-30 14:21:05','2024-01-30 14:21:05'),('14f30992-265f-45d1-afb4-269f56051a36','Officia iste consequuntur ipsum.',45,'6a0568e3-068e-406c-af22-105c926ea5fc','267c0b9e-29d1-47f0-b21f-4f36f246a221','2024-01-30 14:21:05','2024-01-30 14:21:05'),('1765dd0e-9767-4da4-9204-093ccb821d7f','Unde laudantium doloremque id.',15,'26642613-9c59-4637-b7fe-0508d2528756','8aeaba81-aa0c-43ed-bba3-451a2e631d26','2024-01-30 14:21:05','2024-01-30 14:21:05'),('17ebd1c9-7d72-472f-9b23-a4e131a15197','Minima nemo occaecati.',75,'d0647d81-a18d-46b5-9e99-0693194fb34f','f2302947-bd66-4ed1-9f40-854cb8efb814','2024-01-30 14:21:05','2024-01-30 14:21:05'),('1bc0cbb4-7607-4bc2-8616-5f8cb6c061e9','Et consequuntur consectetur.',35,'3216986a-3a89-40f9-8146-55d5aa1912ef','cc7c1bfb-cf9c-41f5-839d-daec46b57e6c','2024-01-30 14:21:05','2024-01-30 14:21:05'),('1fe05d71-b16e-4940-967f-4551645ce145','Aut molestias reprehenderit ut asperiores.',95,'0fd8efae-74fb-44ec-8d5d-8e431a7e3764','1947362e-39a6-4a15-bfdd-92bbcc8d08c7','2024-01-30 14:21:05','2024-01-30 14:21:05'),('29ad7e08-890c-410b-be78-76810619fe47','Exercitationem voluptas quae quod.',95,'1f49c5e6-daf9-4d09-a80c-0d48eb75d327','1a45c30f-a5af-4062-911d-85706b60afe1','2024-01-30 14:21:05','2024-01-30 14:21:05'),('2ca75df0-908b-431c-b612-300deec89edc','Rerum quis qui fugit.',25,'6c201624-526a-490b-a251-6f0e469c9205','3c34b9bc-684b-48cf-8d91-c4c8e1e9fa46','2024-01-30 14:21:05','2024-01-30 14:21:05'),('2df6e06b-ca85-4fee-a1db-e8a21caacdd4','Optio voluptas est dolorum aut.',35,'755b8845-ff6d-4609-b13b-600a79617ae9','b6fa0018-8d93-4676-86de-d37fe3bacdc7','2024-01-30 14:21:05','2024-01-30 14:21:05'),('31a7b355-50f7-4771-8c2a-fd906f32688e','Dolor facilis et illo.',65,'97894e61-bc47-4114-bc09-4fa288390541','1130045e-3318-4526-9f8f-4e9784cc5139','2024-01-30 14:21:05','2024-01-30 14:21:05'),('338ab4f1-c4eb-45e8-8bac-3d683bcc2207','Ipsum qui vel corporis quos.',35,'97894e61-bc47-4114-bc09-4fa288390541','e6f4fbeb-f636-4be4-8990-0e6b8da55183','2024-01-30 14:21:05','2024-01-30 14:21:05'),('3a526da1-32f0-4a8e-a6f9-5cbbe31a706d','Quo repudiandae velit id.',85,'c54eb499-ad62-4442-9115-f6bb59a15e0a','a0fd58a2-0b6b-43ec-8d08-42f95c9413e9','2024-01-30 14:21:05','2024-01-30 14:21:05'),('3c8d52ae-2e9b-4fc1-b00e-663af234a3b1','Magni dolorum optio dolor.',25,'c54eb499-ad62-4442-9115-f6bb59a15e0a','b6fa0018-8d93-4676-86de-d37fe3bacdc7','2024-01-30 14:21:05','2024-01-30 14:21:05'),('3f7a242e-b9cc-4e5b-ab7a-561979cd878d','Eos ad eveniet consequuntur.',85,'172ba848-a2fa-461b-94bb-bad43aea376d','1067412b-4d37-4b19-8993-3872facd90b1','2024-01-30 14:21:05','2024-01-30 14:21:05'),('40036af2-c271-4c12-9bc9-96d97a34e1c0','Ab quia facere in.',5,'742dcd69-f9cd-4f5c-aa04-4f2d9934fc41','1947362e-39a6-4a15-bfdd-92bbcc8d08c7','2024-01-30 14:21:05','2024-01-30 14:21:05'),('4821a071-71a2-43ed-9c55-f61bd75c75c3','Similique est ut inventore.',5,'3b5f3118-6abe-4a8d-8f6c-a647a4c60eef','dfa6f211-bb21-4540-ad86-38591a0d44cb','2024-01-30 14:21:05','2024-01-30 14:21:05'),('52c41bb1-085b-4b8a-a361-387c5996a8d7','Aut facere aperiam.',85,'26642613-9c59-4637-b7fe-0508d2528756','0d828353-2ae7-4255-8c95-76994b77f0bf','2024-01-30 14:21:05','2024-01-30 14:21:05'),('5a60b2cd-1c6e-4fdd-99b8-bfdb8e73d182','Corrupti quis debitis non.',25,'3b5f3118-6abe-4a8d-8f6c-a647a4c60eef','a126c5e6-2290-4c41-b432-a7db1576462f','2024-01-30 14:21:05','2024-01-30 14:21:05'),('5db481b2-73e8-42df-8491-a795f19511de','Dolorem est fuga.',55,'f8677509-471d-4142-a1fb-47b8e28f1c05','d33f80b5-ac92-4a2f-ac50-f0bd678c092c','2024-01-30 14:21:05','2024-01-30 14:21:05'),('636dae18-ecbc-477a-a754-2c74a4295847','Dolores laboriosam quia iste.',95,'3b5f3118-6abe-4a8d-8f6c-a647a4c60eef','1067412b-4d37-4b19-8993-3872facd90b1','2024-01-30 14:21:05','2024-01-30 14:21:05'),('639a5ed9-1e00-493d-94b8-fdb9613da2ae','Culpa vero neque.',15,'3b5f3118-6abe-4a8d-8f6c-a647a4c60eef','cda4f536-8646-4df1-89db-0bb869626a12','2024-01-30 14:21:05','2024-01-30 14:21:05'),('6f324ce8-bba8-4da7-8b01-efa106ec62b7','Quis ut aut voluptas.',85,'229fc549-d421-4033-a264-cb1d5669b784','6755d9ea-465f-43e4-9331-2435ab91119b','2024-01-30 14:21:05','2024-01-30 14:21:05'),('6f5f253a-7905-410f-94ef-ac42e4173143','Officiis aliquid ipsa.',85,'3a201100-f535-4f25-8487-9f9c082502ef','a68a599f-1f1a-4bd3-b44e-256b6ac40038','2024-01-30 14:21:05','2024-01-30 14:21:05'),('6fefcc53-9730-4e9b-917c-4205c03c9e5f','Qui ut velit.',25,'c54eb499-ad62-4442-9115-f6bb59a15e0a','a0fd58a2-0b6b-43ec-8d08-42f95c9413e9','2024-01-30 14:21:05','2024-01-30 14:21:05'),('70608146-01d1-4df9-be29-e0f9822e3af2','Numquam repellendus aut.',15,'d0647d81-a18d-46b5-9e99-0693194fb34f','6a11ae87-b852-47b6-a700-8382191de8f5','2024-01-30 14:21:05','2024-01-30 14:21:05'),('70a49233-b59f-44a1-8ca7-5b9b8b311677','Magnam perspiciatis consequatur.',45,'742dcd69-f9cd-4f5c-aa04-4f2d9934fc41','e48f76b7-59f0-426f-ae48-10aba251590f','2024-01-30 14:21:05','2024-01-30 14:21:05'),('74201cf2-1de7-4b08-b7ac-9d5b62481055','Nobis quia sed.',15,'6a3f8b70-16ac-4e2e-aba4-2477b4e26458','b4504737-2003-4d5f-b30d-81ac410c6ffa','2024-01-30 14:21:05','2024-01-30 14:21:05'),('74b3ee8d-f55d-424e-86c4-56b658ff68a7','Recusandae non temporibus.',5,'ded000e5-9296-466d-8635-c5f65c02fbaa','1a45c30f-a5af-4062-911d-85706b60afe1','2024-01-30 14:21:05','2024-01-30 14:21:05'),('74e4231b-941e-4eea-8a15-c993e77c8341','Voluptas voluptatem deserunt.',85,'26642613-9c59-4637-b7fe-0508d2528756','d3637259-2f87-4e1f-849c-046c863d3d2a','2024-01-30 14:21:05','2024-01-30 14:21:05'),('78947f09-7143-4f06-8dd1-1fa25f496d9a','Ad commodi officiis eligendi.',85,'d0647d81-a18d-46b5-9e99-0693194fb34f','8eedd038-af54-41e5-b5bb-1b88665bcd07','2024-01-30 14:21:05','2024-01-30 14:21:05'),('7ad23043-4e5d-4e54-a91d-d30314a1c8b7','Corporis sit unde.',5,'6a0568e3-068e-406c-af22-105c926ea5fc','1947362e-39a6-4a15-bfdd-92bbcc8d08c7','2024-01-30 14:21:05','2024-01-30 14:21:05'),('7cd3da48-d594-42c0-9ed8-3536e9abb2d8','Et quas et.',95,'1f49c5e6-daf9-4d09-a80c-0d48eb75d327','0063191a-9baa-4e53-a19b-0720ba9cc9a9','2024-01-30 14:21:05','2024-01-30 14:21:05'),('846bbb25-3763-426a-adf3-4b801adbf01f','Sed mollitia omnis.',5,'742dcd69-f9cd-4f5c-aa04-4f2d9934fc41','8aeaba81-aa0c-43ed-bba3-451a2e631d26','2024-01-30 14:21:05','2024-01-30 14:21:05'),('87614619-405d-44cd-b7a1-5c30464e166b','Amet officia sed quas.',55,'5dfd6442-76ab-4070-8031-030de8cdaa26','5d41d2dc-be5a-414e-b906-b5e2138a4feb','2024-01-30 14:21:05','2024-01-30 14:21:05'),('96d22a59-afe4-418b-9c06-57241a541fc6','Quam harum eveniet.',55,'3a201100-f535-4f25-8487-9f9c082502ef','5912095c-6f05-4775-9f8b-860d98fb296f','2024-01-30 14:21:05','2024-01-30 14:21:05'),('a3489374-7753-4be8-80f7-3b9cfede976d','Ut autem expedita.',75,'26642613-9c59-4637-b7fe-0508d2528756','88fb0e68-704a-443b-a5bc-147dad6c744e','2024-01-30 14:21:05','2024-01-30 14:21:05'),('ad0e9eb8-3922-496d-ae53-af49690199b5','Laboriosam saepe possimus sint.',5,'0fd8efae-74fb-44ec-8d5d-8e431a7e3764','be445e2a-4faf-45ad-8f61-94a558c3127e','2024-01-30 14:21:05','2024-01-30 14:21:05'),('b79662f8-fce9-44b6-ac46-91c1fd11a55d','Sunt at et.',95,'3b5f3118-6abe-4a8d-8f6c-a647a4c60eef','88fb0e68-704a-443b-a5bc-147dad6c744e','2024-01-30 14:21:05','2024-01-30 14:21:05'),('b7fd702d-11c8-42a2-ab9c-317442cf7bba','A non voluptatem.',25,'c54eb499-ad62-4442-9115-f6bb59a15e0a','6a11ae87-b852-47b6-a700-8382191de8f5','2024-01-30 14:21:05','2024-01-30 14:21:05'),('c5eec628-5eed-4eff-ad70-db78f28092ff','Suscipit sint officia.',35,'0fd8efae-74fb-44ec-8d5d-8e431a7e3764','5d41d2dc-be5a-414e-b906-b5e2138a4feb','2024-01-30 14:21:05','2024-01-30 14:21:05'),('c8aa7cd9-8f32-4823-944a-bddc9be2c543','Aliquid accusamus et.',95,'6c201624-526a-490b-a251-6f0e469c9205','f2302947-bd66-4ed1-9f40-854cb8efb814','2024-01-30 14:21:05','2024-01-30 14:21:05'),('e5d946e7-412e-445d-b294-f8b9e45a159f','Dolorum assumenda aliquam.',5,'1f49c5e6-daf9-4d09-a80c-0d48eb75d327','6a11ae87-b852-47b6-a700-8382191de8f5','2024-01-30 14:21:05','2024-01-30 14:21:05'),('f242dd15-0b6c-422d-8aa0-297531ed08d3','Qui maiores dolores ut.',15,'0fd8efae-74fb-44ec-8d5d-8e431a7e3764','d3637259-2f87-4e1f-849c-046c863d3d2a','2024-01-30 14:21:05','2024-01-30 14:21:05'),('f4fb6f32-2871-4ab4-a0d2-ad28edb356b8','Quisquam sunt dolores.',15,'1f49c5e6-daf9-4d09-a80c-0d48eb75d327','6755d9ea-465f-43e4-9331-2435ab91119b','2024-01-30 14:21:05','2024-01-30 14:21:05'),('f785b10b-b699-45ab-8cf7-1ff6f2eb7429','Tempora delectus nostrum nobis aut.',5,'1f49c5e6-daf9-4d09-a80c-0d48eb75d327','8aeaba81-aa0c-43ed-bba3-451a2e631d26','2024-01-30 14:21:05','2024-01-30 14:21:05'),('f8a18596-3a97-4925-8f63-cb62ef647da9','Quo ducimus eos.',15,'97894e61-bc47-4114-bc09-4fa288390541','267c0b9e-29d1-47f0-b21f-4f36f246a221','2024-01-30 14:21:05','2024-01-30 14:21:05'),('f9535ab3-6447-4f3e-942d-400cea226a39','Qui omnis rerum.',15,'97894e61-bc47-4114-bc09-4fa288390541','1130045e-3318-4526-9f8f-4e9784cc5139','2024-01-30 14:21:05','2024-01-30 14:21:05'),('fbdfaa7b-5ce2-4902-9774-5bc6a11ac4a0','Quidem corrupti aut.',95,'3216986a-3a89-40f9-8146-55d5aa1912ef','e6f4fbeb-f636-4be4-8990-0e6b8da55183','2024-01-30 14:21:05','2024-01-30 14:21:05');
/*!40000 ALTER TABLE `courses` ENABLE KEYS */;
UNLOCK TABLES;

--
-- Table structure for table `failed_jobs`
--

DROP TABLE IF EXISTS `failed_jobs`;
/*!40101 SET @saved_cs_client     = @@character_set_client */;
/*!50503 SET character_set_client = utf8mb4 */;
CREATE TABLE `failed_jobs` (
  `id` bigint unsigned NOT NULL AUTO_INCREMENT,
  `uuid` varchar(255) COLLATE utf8mb4_unicode_ci NOT NULL,
  `connection` text COLLATE utf8mb4_unicode_ci NOT NULL,
  `queue` text COLLATE utf8mb4_unicode_ci NOT NULL,
  `payload` longtext COLLATE utf8mb4_unicode_ci NOT NULL,
  `exception` longtext COLLATE utf8mb4_unicode_ci NOT NULL,
  `failed_at` timestamp NOT NULL DEFAULT CURRENT_TIMESTAMP,
  PRIMARY KEY (`id`),
  UNIQUE KEY `failed_jobs_uuid_unique` (`uuid`)
) ENGINE=InnoDB DEFAULT CHARSET=utf8mb4 COLLATE=utf8mb4_unicode_ci;
/*!40101 SET character_set_client = @saved_cs_client */;

--
-- Dumping data for table `failed_jobs`
--

LOCK TABLES `failed_jobs` WRITE;
/*!40000 ALTER TABLE `failed_jobs` DISABLE KEYS */;
/*!40000 ALTER TABLE `failed_jobs` ENABLE KEYS */;
UNLOCK TABLES;

--
-- Table structure for table `genders`
--

DROP TABLE IF EXISTS `genders`;
/*!40101 SET @saved_cs_client     = @@character_set_client */;
/*!50503 SET character_set_client = utf8mb4 */;
CREATE TABLE `genders` (
  `id` bigint unsigned NOT NULL AUTO_INCREMENT,
  `name` varchar(255) COLLATE utf8mb4_unicode_ci NOT NULL,
  `created_at` timestamp NULL DEFAULT NULL,
  `updated_at` timestamp NULL DEFAULT NULL,
  PRIMARY KEY (`id`)
) ENGINE=InnoDB AUTO_INCREMENT=3 DEFAULT CHARSET=utf8mb4 COLLATE=utf8mb4_unicode_ci;
/*!40101 SET character_set_client = @saved_cs_client */;

--
-- Dumping data for table `genders`
--

LOCK TABLES `genders` WRITE;
/*!40000 ALTER TABLE `genders` DISABLE KEYS */;
INSERT INTO `genders` VALUES (1,'homme',NULL,NULL),(2,'femme',NULL,NULL);
/*!40000 ALTER TABLE `genders` ENABLE KEYS */;
UNLOCK TABLES;

--
-- Table structure for table `guardian_student`
--

DROP TABLE IF EXISTS `guardian_student`;
/*!40101 SET @saved_cs_client     = @@character_set_client */;
/*!50503 SET character_set_client = utf8mb4 */;
CREATE TABLE `guardian_student` (
  `guardian_id` char(36) COLLATE utf8mb4_unicode_ci NOT NULL,
  `student_id` char(36) COLLATE utf8mb4_unicode_ci NOT NULL,
  `created_at` timestamp NULL DEFAULT NULL,
  `updated_at` timestamp NULL DEFAULT NULL,
  KEY `guardian_student_guardian_id_foreign` (`guardian_id`),
  KEY `guardian_student_student_id_foreign` (`student_id`),
  CONSTRAINT `guardian_student_guardian_id_foreign` FOREIGN KEY (`guardian_id`) REFERENCES `guardians` (`id`) ON UPDATE CASCADE,
  CONSTRAINT `guardian_student_student_id_foreign` FOREIGN KEY (`student_id`) REFERENCES `students` (`id`) ON UPDATE CASCADE
) ENGINE=InnoDB DEFAULT CHARSET=utf8mb4 COLLATE=utf8mb4_unicode_ci;
/*!40101 SET character_set_client = @saved_cs_client */;

--
-- Dumping data for table `guardian_student`
--

LOCK TABLES `guardian_student` WRITE;
/*!40000 ALTER TABLE `guardian_student` DISABLE KEYS */;
INSERT INTO `guardian_student` VALUES ('5c736db6-4e73-4391-a0f6-4cd624396b4c','e3117125-b7ef-43c3-80df-66a0cc57fe92',NULL,NULL),('efa0e3de-8fc2-4479-b199-c160802c1796','61f105a6-f384-469c-bcf6-130080a12f7c',NULL,NULL),('90919e62-0268-4f5f-ba24-b5d27c5bd3f2','61f105a6-f384-469c-bcf6-130080a12f7c',NULL,NULL),('d1283688-1555-4382-b956-6d5c7579e052','5c89b1db-d5fb-4a6f-9da7-a4fc6ff52d56',NULL,NULL),('98d5b4e6-d839-4ef9-bd10-dda97e3b35ec','5c89b1db-d5fb-4a6f-9da7-a4fc6ff52d56',NULL,NULL),('c648ddb0-094b-4b3f-bb38-0ed96639a5e1','944ef95f-1360-4b89-bfb7-236d2b575ad7',NULL,NULL),('53951628-5665-40de-ba2b-cb7418be83a1','009e5bb1-8c8a-4e63-830f-a36cd8c8244f',NULL,NULL),('44272519-131b-41d3-9d81-62c3a4c903ec','5ee22884-4592-43c2-9196-355a51e2bfda',NULL,NULL),('2e7d1ea5-00bc-4f29-aeb1-1461a873bea6','d5f24768-bacd-4b2c-b64b-2d21ed50e54d',NULL,NULL),('ee6df62c-2a43-4638-aba3-37207cb8fcd6','d5f24768-bacd-4b2c-b64b-2d21ed50e54d',NULL,NULL),('d9d10f04-c775-40e2-b000-0f4e58c8e481','77960f38-882b-4979-aedd-475a1f4d3f18',NULL,NULL),('72edf087-2177-4aec-b123-5a61d07706b2','bb76988e-d904-43fa-8ecb-61efd53f778a',NULL,NULL),('efa0e3de-8fc2-4479-b199-c160802c1796','bb76988e-d904-43fa-8ecb-61efd53f778a',NULL,NULL),('71ece9b2-638e-4998-a198-8d5ea37531a8','35bdce56-0d81-481f-849c-349964ca20f4',NULL,NULL),('26ebff96-a748-48b4-b1e8-ea7782f451be','35bdce56-0d81-481f-849c-349964ca20f4',NULL,NULL),('90919e62-0268-4f5f-ba24-b5d27c5bd3f2','58b1aa03-535a-4688-89e5-8d2ff90af3e4',NULL,NULL),('72edf087-2177-4aec-b123-5a61d07706b2','a9370c0b-e01f-4b93-8ce4-0f01fbcba058',NULL,NULL),('d1283688-1555-4382-b956-6d5c7579e052','a9370c0b-e01f-4b93-8ce4-0f01fbcba058',NULL,NULL),('52502b88-99a6-4ddf-9519-a8fc5d623d78','8b1a404d-6e9d-4c29-810d-9032a77fc9c9',NULL,NULL),('228636df-1f24-4faa-a56e-e1851fbbeb13','40760330-bec4-43f5-92a9-4a832393f831',NULL,NULL),('01b79b19-bf4a-4b4b-a005-9e9420c93bd2','40760330-bec4-43f5-92a9-4a832393f831',NULL,NULL),('06924a7c-b0d7-4c67-9198-8efe572307db','0cc84d82-4114-4845-8421-0e46258552f1',NULL,NULL),('d329975e-df9a-419e-a75d-abdbe2236579','69590b68-7291-4601-93e4-c91ee6682cbe',NULL,NULL),('5c736db6-4e73-4391-a0f6-4cd624396b4c','da10744b-b7a0-443a-ae3d-4c00cc203605',NULL,NULL),('d2dfd393-5bf3-4dd2-909a-c3b12c297f10','1d76c2a1-b9e6-4e3a-b819-bdf946c4cdb2',NULL,NULL),('da4a5973-349c-469f-a2ee-b46fe2b44c01','ae5920ec-2f79-4802-ac9c-7781fd8c68aa',NULL,NULL),('5c736db6-4e73-4391-a0f6-4cd624396b4c','59e3d9e2-ce15-4d71-8f3f-07330fb349aa',NULL,NULL),('9648eff5-f1e2-4dfc-83b4-dca58c26110b','f9b8f375-8a6a-47d6-b322-2c3446cec6d8',NULL,NULL),('99b96563-c26d-43e7-a5c6-a241d4578c7b','e759417f-2065-4dd5-873e-5e0c2e696846',NULL,NULL),('6aa754a5-d445-4bec-9db8-22671afba833','e759417f-2065-4dd5-873e-5e0c2e696846',NULL,NULL),('5964853c-61d0-4f6a-86c5-eae0224d80a6','61e9cd0f-4db8-4d89-a4da-24269a13264b',NULL,NULL),('9ead71be-60a4-410a-bc4e-45908ace34f8','3f11bbae-b2a5-4b39-bcb8-25d9f97f20db',NULL,NULL),('6975fe81-ec86-4746-a6b9-8595f81e3b93','630533e4-6791-46b1-aad4-54f0af0fcfa5',NULL,NULL),('c111ba8f-2310-46a8-b4ce-f81a2d6b2685','8cab8868-6d40-498b-bb87-b8957bfcbf37',NULL,NULL),('71ece9b2-638e-4998-a198-8d5ea37531a8','6c5e3e73-8123-422f-8305-388e49055330',NULL,NULL),('ff427bfc-16d8-4dee-a244-b1108b35a6a9','c0cbb9fe-9b25-4ec7-9e0b-2998a0e2aee6',NULL,NULL),('d2dfd393-5bf3-4dd2-909a-c3b12c297f10','c0cbb9fe-9b25-4ec7-9e0b-2998a0e2aee6',NULL,NULL),('98d5b4e6-d839-4ef9-bd10-dda97e3b35ec','87464a67-1eb9-43cc-b51c-75de921d05b4',NULL,NULL),('c7ccb05d-e2e4-48bc-ad80-2adc20e446e8','d6f289e9-e421-4177-8c7e-433a78aba754',NULL,NULL),('f19763d9-6695-4d52-b6b6-e80a717ad6e9','c27a6ba9-acbe-4dd7-a4ee-1ad59df003ef',NULL,NULL),('98d5b4e6-d839-4ef9-bd10-dda97e3b35ec','28d82158-1b2f-446d-bc78-d272017b9b2d',NULL,NULL),('01b79b19-bf4a-4b4b-a005-9e9420c93bd2','a846e6fe-252d-4664-ad64-ff6b2b7a50db',NULL,NULL),('71742c14-c7d1-4b47-9635-c342f6a86537','daf0f1ff-5f39-4105-8e16-56214a55d05c',NULL,NULL),('5c736db6-4e73-4391-a0f6-4cd624396b4c','e2f633ea-a604-44dc-8296-3f6531a746d6',NULL,NULL),('71742c14-c7d1-4b47-9635-c342f6a86537','e2f633ea-a604-44dc-8296-3f6531a746d6',NULL,NULL),('9d17e64d-a7b0-4263-bde2-224493d77d89','7dd429ee-4d3e-434c-8db2-d070aa972e1c',NULL,NULL),('5e6888f6-17b7-464a-ac2d-a839bfeec0a1','dfafe12f-6777-419a-b154-89685d72f2f3',NULL,NULL),('daaefba2-c1d8-4172-b9dd-14df68c529f8','dfafe12f-6777-419a-b154-89685d72f2f3',NULL,NULL),('06924a7c-b0d7-4c67-9198-8efe572307db','01ca42b1-367f-461b-9c4f-c05ceb0c6cd8',NULL,NULL),('77582d3e-a5af-4458-8e2a-1082a18058e0','3b9a1a18-2663-4678-8557-21e59b20c4be',NULL,NULL),('c648ddb0-094b-4b3f-bb38-0ed96639a5e1','015b0930-ed0c-4348-810e-07de8119b08c',NULL,NULL),('5e6888f6-17b7-464a-ac2d-a839bfeec0a1','931af2ab-3a1a-4883-960a-67089d222f11',NULL,NULL),('ed282240-5805-49ab-8b24-de13d0f6ca9e','b71178f5-33db-4840-ae96-b72cdf03f258',NULL,NULL),('d329975e-df9a-419e-a75d-abdbe2236579','368224fb-f5d8-4b2e-83de-593d71abe9b4',NULL,NULL),('daaefba2-c1d8-4172-b9dd-14df68c529f8','368224fb-f5d8-4b2e-83de-593d71abe9b4',NULL,NULL),('5580d207-43f1-4174-8e15-b97a3fa2b1bf','1f13466f-6a9b-489b-a49d-bc4329b06f3b',NULL,NULL),('72edf087-2177-4aec-b123-5a61d07706b2','855e8807-57be-4094-8184-1ae8112816c4',NULL,NULL),('163a3137-c559-47c9-a6b0-ce92d56fa5e7','a44b5b91-b47e-4d01-b727-9edd19b26303',NULL,NULL),('6aa754a5-d445-4bec-9db8-22671afba833','617a39fc-78bf-4351-81bc-0cc820882702',NULL,NULL),('99b96563-c26d-43e7-a5c6-a241d4578c7b','617a39fc-78bf-4351-81bc-0cc820882702',NULL,NULL),('ff427bfc-16d8-4dee-a244-b1108b35a6a9','390c0dcd-e036-4d57-8ea8-ad40968d0598',NULL,NULL),('98d5b4e6-d839-4ef9-bd10-dda97e3b35ec','3fdddd39-b0be-4adf-a6f4-6088c99dae92',NULL,NULL),('71742c14-c7d1-4b47-9635-c342f6a86537','d4197b66-a316-47a7-8329-b21feae3050e',NULL,NULL),('163a3137-c559-47c9-a6b0-ce92d56fa5e7','a8227b17-cd2a-4f05-a1fe-b498a2f3ae31',NULL,NULL),('99bcfe3b-fe85-40a8-912c-9f1928201510','365d52bf-0597-4f08-894b-890a1a48d8e6',NULL,NULL),('9f89a7f3-ef6b-43c5-b7c0-e8bdcff4ddfd','c71527c1-6415-4151-bfa5-1027b11a42e1',NULL,NULL),('b3177859-6ac3-4b51-91ac-b63406386a2e','c71527c1-6415-4151-bfa5-1027b11a42e1',NULL,NULL),('25a57789-a44a-42eb-bc74-ab6d4de2a42a','0db3eae5-4005-45c3-8521-0bef6836125a',NULL,NULL),('ff427bfc-16d8-4dee-a244-b1108b35a6a9','83020315-7814-4e9b-bc4f-ec4374ebecd1',NULL,NULL),('17a723ef-033d-4c08-99ef-196de59bcc1d','83020315-7814-4e9b-bc4f-ec4374ebecd1',NULL,NULL),('52502b88-99a6-4ddf-9519-a8fc5d623d78','61a6eab1-b9cf-456c-9a1c-9ee6025d2ede',NULL,NULL),('90919e62-0268-4f5f-ba24-b5d27c5bd3f2','61a6eab1-b9cf-456c-9a1c-9ee6025d2ede',NULL,NULL),('9d17e64d-a7b0-4263-bde2-224493d77d89','a257603b-a728-441e-a78e-a656a11c7905',NULL,NULL),('f19763d9-6695-4d52-b6b6-e80a717ad6e9','a257603b-a728-441e-a78e-a656a11c7905',NULL,NULL),('26ebff96-a748-48b4-b1e8-ea7782f451be','cebdc6ef-bc59-4bed-be48-760762c7dd04',NULL,NULL),('d6ae23a0-ecac-4de3-b955-30503d50ea7f','d3fcfcb7-7785-4979-99c5-c8d847600390',NULL,NULL),('71742c14-c7d1-4b47-9635-c342f6a86537','d96d829f-a316-4218-9eef-7a83ab4a21e6',NULL,NULL),('52502b88-99a6-4ddf-9519-a8fc5d623d78','e811def5-18c7-4917-b668-96512250ada6',NULL,NULL),('99b96563-c26d-43e7-a5c6-a241d4578c7b','e811def5-18c7-4917-b668-96512250ada6',NULL,NULL),('26ebff96-a748-48b4-b1e8-ea7782f451be','356c3422-9792-43da-8ae3-7e2b2eb6b3ce',NULL,NULL),('e80ddaf3-b4a3-4264-bf07-fbef5501f2a1','d709fe54-bf43-4390-b042-e20dfa55ec2a',NULL,NULL),('b5f3849a-752e-493f-b3cf-f975074c9868','b75eb3e9-a430-4c88-95b4-0ea6fdff5835',NULL,NULL),('952e36d3-fa32-4a60-a72b-cdeaa0c0322c','2a0f3edd-0bec-4dba-92d1-d5175bb9d211',NULL,NULL),('f5ef5a89-1359-4dfd-a499-ff9a2cfaf446','36b79414-73fc-49ba-a8df-01b3dc6a9cb6',NULL,NULL),('90919e62-0268-4f5f-ba24-b5d27c5bd3f2','9d1ca466-23d4-4fd0-bb87-bfefc4a18c0b',NULL,NULL),('7284e6ac-688b-4b35-86c9-e034c22f6988','92bfb97b-6942-45a6-9850-53e1eaf10811',NULL,NULL),('da4a5973-349c-469f-a2ee-b46fe2b44c01','92bfb97b-6942-45a6-9850-53e1eaf10811',NULL,NULL),('82177d0e-30d7-4da7-a100-d0f90dad43a1','85c4ea4b-a6fd-43d8-a4a3-08982a634fc0',NULL,NULL),('9648eff5-f1e2-4dfc-83b4-dca58c26110b','502e56f4-79fd-4129-ba47-184f3c974b5f',NULL,NULL),('26126b21-0273-4b25-a586-b6915d296f7b','d9f7ca11-047e-49ed-8f07-50b708e1f7e5',NULL,NULL),('ffc741ae-c985-4588-bc23-13f4a363b19f','bab90b84-a56d-479d-b336-818d6bde4c6f',NULL,NULL),('01b79b19-bf4a-4b4b-a005-9e9420c93bd2','bab90b84-a56d-479d-b336-818d6bde4c6f',NULL,NULL),('6aa754a5-d445-4bec-9db8-22671afba833','a6b9e490-d17e-45dc-abb5-17be0ee02a09',NULL,NULL),('228636df-1f24-4faa-a56e-e1851fbbeb13','a6b9e490-d17e-45dc-abb5-17be0ee02a09',NULL,NULL),('d9d10f04-c775-40e2-b000-0f4e58c8e481','2be1d9a4-0b57-41c4-9e95-e27d789079dc',NULL,NULL),('abf438e9-3eda-42d1-bd8c-cbb70f7f97e0','c74497d5-943b-452c-8503-a2f0e1675708',NULL,NULL),('71742c14-c7d1-4b47-9635-c342f6a86537','fd9d2d6d-a64a-4ded-8aa7-ebb2efdbd40d',NULL,NULL),('abf438e9-3eda-42d1-bd8c-cbb70f7f97e0','4cd7f61e-7ed5-4ff4-a20c-23441847f952',NULL,NULL),('90919e62-0268-4f5f-ba24-b5d27c5bd3f2','b8d6ef87-0c39-4a06-a8d7-c1989ea904de',NULL,NULL),('c648ddb0-094b-4b3f-bb38-0ed96639a5e1','7c2dd58f-d0a8-4195-849b-11df1f059797',NULL,NULL),('99b96563-c26d-43e7-a5c6-a241d4578c7b','e842fdaf-2201-4b09-baaa-4fc6585baad4',NULL,NULL),('5c736db6-4e73-4391-a0f6-4cd624396b4c','effa2c66-87e1-4437-9935-f816c6b248a5',NULL,NULL),('c648ddb0-094b-4b3f-bb38-0ed96639a5e1','f6be5930-24d9-4dd5-891e-4e81ad273254',NULL,NULL),('e4fb8caa-c0d4-432b-b73a-3fa24a611696','f6be5930-24d9-4dd5-891e-4e81ad273254',NULL,NULL),('228636df-1f24-4faa-a56e-e1851fbbeb13','1eaeca99-962f-40a0-b014-96f21ead7f3a',NULL,NULL),('5964853c-61d0-4f6a-86c5-eae0224d80a6','1eaeca99-962f-40a0-b014-96f21ead7f3a',NULL,NULL),('d1283688-1555-4382-b956-6d5c7579e052','8f2ae499-cba3-4187-a541-094828242015',NULL,NULL),('f5ef5a89-1359-4dfd-a499-ff9a2cfaf446','42676c79-3487-42b0-b827-d46a430e15b8',NULL,NULL),('8942a1e4-8049-4cb0-a454-7b723556f8fe','dd248070-045b-43c6-86f9-983e3436b32c',NULL,NULL),('5e6888f6-17b7-464a-ac2d-a839bfeec0a1','a5293b86-1d49-4132-8ae9-d80121464264',NULL,NULL),('5c736db6-4e73-4391-a0f6-4cd624396b4c','0fe94e6e-76e3-4c03-b73c-9e386a07384e',NULL,NULL),('3d3ad414-95ad-40d6-a0f7-b7685ae469fd','0fe94e6e-76e3-4c03-b73c-9e386a07384e',NULL,NULL),('90919e62-0268-4f5f-ba24-b5d27c5bd3f2','24d833d3-c71b-43c5-a50d-b7358cfbe4e2',NULL,NULL),('82177d0e-30d7-4da7-a100-d0f90dad43a1','79346667-07bb-4520-8f96-bb184cbdf3cc',NULL,NULL),('ee6df62c-2a43-4638-aba3-37207cb8fcd6','53228600-cd0e-48f1-9367-aa72196a2248',NULL,NULL),('9648eff5-f1e2-4dfc-83b4-dca58c26110b','cb5f9291-e575-4380-8931-492cd05c9142',NULL,NULL),('f5ef5a89-1359-4dfd-a499-ff9a2cfaf446','a1db374f-ac43-41c2-ad94-879073e2e137',NULL,NULL),('5580d207-43f1-4174-8e15-b97a3fa2b1bf','05a24870-f030-4631-a14e-3734a665dd0b',NULL,NULL),('ffc741ae-c985-4588-bc23-13f4a363b19f','cdf37ec8-44d9-405f-bba1-96c2c19acc86',NULL,NULL),('71ece9b2-638e-4998-a198-8d5ea37531a8','cdf37ec8-44d9-405f-bba1-96c2c19acc86',NULL,NULL),('77582d3e-a5af-4458-8e2a-1082a18058e0','132cdee6-8de2-4642-95f5-54ec4c577c0c',NULL,NULL),('d1283688-1555-4382-b956-6d5c7579e052','9cc91197-ae9f-4337-b2df-68ca7bf7914a',NULL,NULL),('d1283688-1555-4382-b956-6d5c7579e052','f2a2eb3f-b41c-49e3-99fd-55030d1c5243',NULL,NULL),('25a57789-a44a-42eb-bc74-ab6d4de2a42a','807e8f19-2289-4b96-9ac3-72f40457f07d',NULL,NULL),('c111ba8f-2310-46a8-b4ce-f81a2d6b2685','665d0984-fa87-4f3a-8e48-6bcdf802e1ba',NULL,NULL);
/*!40000 ALTER TABLE `guardian_student` ENABLE KEYS */;
UNLOCK TABLES;

--
-- Table structure for table `guardians`
--

DROP TABLE IF EXISTS `guardians`;
/*!40101 SET @saved_cs_client     = @@character_set_client */;
/*!50503 SET character_set_client = utf8mb4 */;
CREATE TABLE `guardians` (
  `id` char(36) COLLATE utf8mb4_unicode_ci NOT NULL,
  `profession_id` bigint unsigned NOT NULL,
  `created_at` timestamp NULL DEFAULT NULL,
  `updated_at` timestamp NULL DEFAULT NULL,
  PRIMARY KEY (`id`),
  KEY `guardians_profession_id_foreign` (`profession_id`),
  CONSTRAINT `guardians_profession_id_foreign` FOREIGN KEY (`profession_id`) REFERENCES `professions` (`id`) ON UPDATE CASCADE
) ENGINE=InnoDB DEFAULT CHARSET=utf8mb4 COLLATE=utf8mb4_unicode_ci;
/*!40101 SET character_set_client = @saved_cs_client */;

--
-- Dumping data for table `guardians`
--

LOCK TABLES `guardians` WRITE;
/*!40000 ALTER TABLE `guardians` DISABLE KEYS */;
INSERT INTO `guardians` VALUES ('01b79b19-bf4a-4b4b-a005-9e9420c93bd2',26,'2024-01-30 14:21:05','2024-01-30 14:21:05'),('06924a7c-b0d7-4c67-9198-8efe572307db',23,'2024-01-30 14:21:05','2024-01-30 14:21:05'),('0a1ba145-3138-470a-98d0-b167aecd01ae',48,'2024-01-30 14:21:05','2024-01-30 14:21:05'),('163a3137-c559-47c9-a6b0-ce92d56fa5e7',19,'2024-01-30 14:21:05','2024-01-30 14:21:05'),('17a723ef-033d-4c08-99ef-196de59bcc1d',4,'2024-01-30 14:21:05','2024-01-30 14:21:05'),('228636df-1f24-4faa-a56e-e1851fbbeb13',18,'2024-01-30 14:21:05','2024-01-30 14:21:05'),('25a57789-a44a-42eb-bc74-ab6d4de2a42a',26,'2024-01-30 14:21:05','2024-01-30 14:21:05'),('26126b21-0273-4b25-a586-b6915d296f7b',28,'2024-01-30 14:21:05','2024-01-30 14:21:05'),('26ebff96-a748-48b4-b1e8-ea7782f451be',5,'2024-01-30 14:21:05','2024-01-30 14:21:05'),('2e7d1ea5-00bc-4f29-aeb1-1461a873bea6',7,'2024-01-30 14:21:05','2024-01-30 14:21:05'),('3c6db5b5-a8f6-4887-95cc-0c02423d7fd1',19,'2024-01-30 14:21:05','2024-01-30 14:21:05'),('3d3ad414-95ad-40d6-a0f7-b7685ae469fd',36,'2024-01-30 14:21:05','2024-01-30 14:21:05'),('44272519-131b-41d3-9d81-62c3a4c903ec',15,'2024-01-30 14:21:05','2024-01-30 14:21:05'),('52502b88-99a6-4ddf-9519-a8fc5d623d78',29,'2024-01-30 14:21:05','2024-01-30 14:21:05'),('528f08c2-2f36-4875-90a2-ef724d295004',22,'2024-01-30 14:21:05','2024-01-30 14:21:05'),('53951628-5665-40de-ba2b-cb7418be83a1',47,'2024-01-30 14:21:05','2024-01-30 14:21:05'),('5580d207-43f1-4174-8e15-b97a3fa2b1bf',15,'2024-01-30 14:21:05','2024-01-30 14:21:05'),('5964853c-61d0-4f6a-86c5-eae0224d80a6',24,'2024-01-30 14:21:05','2024-01-30 14:21:05'),('5c736db6-4e73-4391-a0f6-4cd624396b4c',54,'2024-01-30 14:21:05','2024-01-30 14:21:05'),('5e6888f6-17b7-464a-ac2d-a839bfeec0a1',42,'2024-01-30 14:21:05','2024-01-30 14:21:05'),('6975fe81-ec86-4746-a6b9-8595f81e3b93',54,'2024-01-30 14:21:05','2024-01-30 14:21:05'),('6aa754a5-d445-4bec-9db8-22671afba833',7,'2024-01-30 14:21:05','2024-01-30 14:21:05'),('71742c14-c7d1-4b47-9635-c342f6a86537',6,'2024-01-30 14:21:05','2024-01-30 14:21:05'),('71ece9b2-638e-4998-a198-8d5ea37531a8',45,'2024-01-30 14:21:05','2024-01-30 14:21:05'),('7284e6ac-688b-4b35-86c9-e034c22f6988',50,'2024-01-30 14:21:05','2024-01-30 14:21:05'),('72edf087-2177-4aec-b123-5a61d07706b2',42,'2024-01-30 14:21:05','2024-01-30 14:21:05'),('77582d3e-a5af-4458-8e2a-1082a18058e0',4,'2024-01-30 14:21:05','2024-01-30 14:21:05'),('82177d0e-30d7-4da7-a100-d0f90dad43a1',24,'2024-01-30 14:21:05','2024-01-30 14:21:05'),('8942a1e4-8049-4cb0-a454-7b723556f8fe',16,'2024-01-30 14:21:05','2024-01-30 14:21:05'),('90919e62-0268-4f5f-ba24-b5d27c5bd3f2',36,'2024-01-30 14:21:05','2024-01-30 14:21:05'),('952e36d3-fa32-4a60-a72b-cdeaa0c0322c',52,'2024-01-30 14:21:05','2024-01-30 14:21:05'),('9648eff5-f1e2-4dfc-83b4-dca58c26110b',26,'2024-01-30 14:21:05','2024-01-30 14:21:05'),('98d5b4e6-d839-4ef9-bd10-dda97e3b35ec',8,'2024-01-30 14:21:05','2024-01-30 14:21:05'),('98ffdd14-8928-46fd-8cb6-e0a756a80ffd',21,'2024-01-30 14:21:05','2024-01-30 14:21:05'),('99b96563-c26d-43e7-a5c6-a241d4578c7b',3,'2024-01-30 14:21:05','2024-01-30 14:21:05'),('99bcfe3b-fe85-40a8-912c-9f1928201510',45,'2024-01-30 14:21:05','2024-01-30 14:21:05'),('9d17e64d-a7b0-4263-bde2-224493d77d89',18,'2024-01-30 14:21:05','2024-01-30 14:21:05'),('9ead71be-60a4-410a-bc4e-45908ace34f8',12,'2024-01-30 14:21:05','2024-01-30 14:21:05'),('9f89a7f3-ef6b-43c5-b7c0-e8bdcff4ddfd',40,'2024-01-30 14:21:05','2024-01-30 14:21:05'),('abf438e9-3eda-42d1-bd8c-cbb70f7f97e0',5,'2024-01-30 14:21:05','2024-01-30 14:21:05'),('b3177859-6ac3-4b51-91ac-b63406386a2e',32,'2024-01-30 14:21:05','2024-01-30 14:21:05'),('b46ccc69-dcbe-4239-9e02-7486f17d4108',43,'2024-01-30 14:21:05','2024-01-30 14:21:05'),('b5f3849a-752e-493f-b3cf-f975074c9868',3,'2024-01-30 14:21:05','2024-01-30 14:21:05'),('b985584b-4e20-4e34-98a1-ca5e0593fd0d',20,'2024-01-30 14:21:05','2024-01-30 14:21:05'),('c111ba8f-2310-46a8-b4ce-f81a2d6b2685',20,'2024-01-30 14:21:05','2024-01-30 14:21:05'),('c648ddb0-094b-4b3f-bb38-0ed96639a5e1',33,'2024-01-30 14:21:05','2024-01-30 14:21:05'),('c7ccb05d-e2e4-48bc-ad80-2adc20e446e8',6,'2024-01-30 14:21:05','2024-01-30 14:21:05'),('cc28d11a-fe2f-437d-8575-07a72a38244d',47,'2024-01-30 14:21:05','2024-01-30 14:21:05'),('d1283688-1555-4382-b956-6d5c7579e052',29,'2024-01-30 14:21:05','2024-01-30 14:21:05'),('d2dfd393-5bf3-4dd2-909a-c3b12c297f10',40,'2024-01-30 14:21:05','2024-01-30 14:21:05'),('d329975e-df9a-419e-a75d-abdbe2236579',19,'2024-01-30 14:21:05','2024-01-30 14:21:05'),('d6ae23a0-ecac-4de3-b955-30503d50ea7f',34,'2024-01-30 14:21:05','2024-01-30 14:21:05'),('d9d10f04-c775-40e2-b000-0f4e58c8e481',13,'2024-01-30 14:21:05','2024-01-30 14:21:05'),('da4a5973-349c-469f-a2ee-b46fe2b44c01',11,'2024-01-30 14:21:05','2024-01-30 14:21:05'),('daaefba2-c1d8-4172-b9dd-14df68c529f8',51,'2024-01-30 14:21:05','2024-01-30 14:21:05'),('e4fb8caa-c0d4-432b-b73a-3fa24a611696',35,'2024-01-30 14:21:05','2024-01-30 14:21:05'),('e80ddaf3-b4a3-4264-bf07-fbef5501f2a1',16,'2024-01-30 14:21:05','2024-01-30 14:21:05'),('ed282240-5805-49ab-8b24-de13d0f6ca9e',41,'2024-01-30 14:21:05','2024-01-30 14:21:05'),('ee6df62c-2a43-4638-aba3-37207cb8fcd6',30,'2024-01-30 14:21:05','2024-01-30 14:21:05'),('efa0e3de-8fc2-4479-b199-c160802c1796',31,'2024-01-30 14:21:05','2024-01-30 14:21:05'),('f19763d9-6695-4d52-b6b6-e80a717ad6e9',24,'2024-01-30 14:21:05','2024-01-30 14:21:05'),('f5ef5a89-1359-4dfd-a499-ff9a2cfaf446',41,'2024-01-30 14:21:05','2024-01-30 14:21:05'),('fef696e1-6b36-4ff8-b035-c0748a55beeb',19,'2024-01-30 14:21:05','2024-01-30 14:21:05'),('ff427bfc-16d8-4dee-a244-b1108b35a6a9',14,'2024-01-30 14:21:05','2024-01-30 14:21:05'),('ffc741ae-c985-4588-bc23-13f4a363b19f',49,'2024-01-30 14:21:05','2024-01-30 14:21:05');
/*!40000 ALTER TABLE `guardians` ENABLE KEYS */;
UNLOCK TABLES;

--
-- Table structure for table `levels`
--

DROP TABLE IF EXISTS `levels`;
/*!40101 SET @saved_cs_client     = @@character_set_client */;
/*!50503 SET character_set_client = utf8mb4 */;
CREATE TABLE `levels` (
  `id` bigint unsigned NOT NULL AUTO_INCREMENT,
  `name` varchar(255) COLLATE utf8mb4_unicode_ci NOT NULL,
  `code` varchar(255) COLLATE utf8mb4_unicode_ci NOT NULL,
  `created_at` timestamp NULL DEFAULT NULL,
  `updated_at` timestamp NULL DEFAULT NULL,
  PRIMARY KEY (`id`)
) ENGINE=InnoDB AUTO_INCREMENT=7 DEFAULT CHARSET=utf8mb4 COLLATE=utf8mb4_unicode_ci;
/*!40101 SET character_set_client = @saved_cs_client */;

--
-- Dumping data for table `levels`
--

LOCK TABLES `levels` WRITE;
/*!40000 ALTER TABLE `levels` DISABLE KEYS */;
INSERT INTO `levels` VALUES (1,'premier(e)','1',NULL,NULL),(2,'deuxime','2',NULL,NULL),(3,'troisime','3',NULL,NULL),(4,'quatrime','4',NULL,NULL),(5,'cinquime','5',NULL,NULL),(6,'sixime','6',NULL,NULL);
/*!40000 ALTER TABLE `levels` ENABLE KEYS */;
UNLOCK TABLES;

--
-- Table structure for table `migrations`
--

DROP TABLE IF EXISTS `migrations`;
/*!40101 SET @saved_cs_client     = @@character_set_client */;
/*!50503 SET character_set_client = utf8mb4 */;
CREATE TABLE `migrations` (
  `id` int unsigned NOT NULL AUTO_INCREMENT,
  `migration` varchar(255) COLLATE utf8mb4_unicode_ci NOT NULL,
  `batch` int NOT NULL,
  PRIMARY KEY (`id`)
) ENGINE=InnoDB AUTO_INCREMENT=96 DEFAULT CHARSET=utf8mb4 COLLATE=utf8mb4_unicode_ci;
/*!40101 SET character_set_client = @saved_cs_client */;

--
-- Dumping data for table `migrations`
--

LOCK TABLES `migrations` WRITE;
/*!40000 ALTER TABLE `migrations` DISABLE KEYS */;
INSERT INTO `migrations` VALUES (1,'2014_10_12_000000_create_users_table',1),(2,'2014_10_12_100000_create_password_resets_table',1),(3,'2019_08_19_000000_create_failed_jobs_table',1),(4,'2019_12_14_000001_create_personal_access_tokens_table',1),(9,'2024_01_25_095113_create_provinces_table',2),(10,'2024_01_25_095135_create_cities_table',2),(11,'2024_01_25_102718_create_schools_table',3),(12,'2024_01_25_104414_create_levels_table',3),(16,'2024_01_25_104506_create_sections_table',4),(17,'2024_01_25_104618_create_classes_table',4),(18,'2024_01_25_105547_create_genders_table',4),(19,'2024_01_25_105722_create_guardians_table',4),(20,'2024_01_25_105737_create_students_table',4),(21,'2024_01_25_112121_create_pivot_table_guardian_student',5),(22,'2024_01_25_112624_create_professions_table',6),(23,'2024_01_29_095620_remove_column_province_id_in_schools_table',7),(44,'2024_01_29_101810_remove_commun_columns_in_students_table',8),(70,'2024_01_30_082845_create_priorities_table',9),(71,'2024_01_30_083122_create_roles_table',9),(72,'2024_01_30_083452_update_columns_in_users_table',9),(73,'2024_01_30_083624_create_pivot_table_role_user',9),(74,'2024_01_30_083752_update_columns_in_guardianss_table',9),(75,'2024_01_30_083904_create_teachers_table',9),(77,'2024_01_30_083947_create_courses_table',10),(78,'2024_01_30_100233_create_participation_statuts_table',11),(79,'2024_01_30_100928_create_participations_table',11),(80,'2024_01_30_102320_create_note_statuts_table',12),(81,'2024_01_30_102722_create_notes_table',12),(82,'2024_01_30_105651_create_timetables_table',13),(85,'2024_01_30_112039_add_token_column_in_users_table',14),(94,'2024_01_30_142801_create_administrators_table',15),(95,'2024_01_30_151843_add_administrator_id_column_in_schools_table',15);
/*!40000 ALTER TABLE `migrations` ENABLE KEYS */;
UNLOCK TABLES;

--
-- Table structure for table `note_statuts`
--

DROP TABLE IF EXISTS `note_statuts`;
/*!40101 SET @saved_cs_client     = @@character_set_client */;
/*!50503 SET character_set_client = utf8mb4 */;
CREATE TABLE `note_statuts` (
  `id` bigint unsigned NOT NULL AUTO_INCREMENT,
  `name` varchar(255) COLLATE utf8mb4_unicode_ci NOT NULL,
  `created_at` timestamp NULL DEFAULT NULL,
  `updated_at` timestamp NULL DEFAULT NULL,
  PRIMARY KEY (`id`)
) ENGINE=InnoDB AUTO_INCREMENT=5 DEFAULT CHARSET=utf8mb4 COLLATE=utf8mb4_unicode_ci;
/*!40101 SET character_set_client = @saved_cs_client */;

--
-- Dumping data for table `note_statuts`
--

LOCK TABLES `note_statuts` WRITE;
/*!40000 ALTER TABLE `note_statuts` DISABLE KEYS */;
INSERT INTO `note_statuts` VALUES (1,'examen',NULL,NULL),(2,'devoir',NULL,NULL),(3,'participation',NULL,NULL),(4,'intrrogation',NULL,NULL);
/*!40000 ALTER TABLE `note_statuts` ENABLE KEYS */;
UNLOCK TABLES;

--
-- Table structure for table `notes`
--

DROP TABLE IF EXISTS `notes`;
/*!40101 SET @saved_cs_client     = @@character_set_client */;
/*!50503 SET character_set_client = utf8mb4 */;
CREATE TABLE `notes` (
  `id` char(36) COLLATE utf8mb4_unicode_ci NOT NULL,
  `student_id` char(36) COLLATE utf8mb4_unicode_ci NOT NULL,
  `course_id` char(36) COLLATE utf8mb4_unicode_ci NOT NULL,
  `note_statut_id` bigint unsigned NOT NULL,
  `comment` text COLLATE utf8mb4_unicode_ci NOT NULL,
  `coefficient` int NOT NULL,
  `created_at` timestamp NULL DEFAULT NULL,
  `updated_at` timestamp NULL DEFAULT NULL,
  PRIMARY KEY (`id`),
  KEY `notes_student_id_foreign` (`student_id`),
  KEY `notes_course_id_foreign` (`course_id`),
  KEY `notes_note_statut_id_foreign` (`note_statut_id`),
  CONSTRAINT `notes_course_id_foreign` FOREIGN KEY (`course_id`) REFERENCES `courses` (`id`) ON DELETE CASCADE ON UPDATE CASCADE,
  CONSTRAINT `notes_note_statut_id_foreign` FOREIGN KEY (`note_statut_id`) REFERENCES `note_statuts` (`id`) ON DELETE CASCADE ON UPDATE CASCADE,
  CONSTRAINT `notes_student_id_foreign` FOREIGN KEY (`student_id`) REFERENCES `students` (`id`) ON DELETE CASCADE ON UPDATE CASCADE
) ENGINE=InnoDB DEFAULT CHARSET=utf8mb4 COLLATE=utf8mb4_unicode_ci;
/*!40101 SET character_set_client = @saved_cs_client */;

--
-- Dumping data for table `notes`
--

LOCK TABLES `notes` WRITE;
/*!40000 ALTER TABLE `notes` DISABLE KEYS */;
INSERT INTO `notes` VALUES ('00811ca5-d21e-4c88-85dd-8dde65510ae2','61f105a6-f384-469c-bcf6-130080a12f7c','ad0e9eb8-3922-496d-ae53-af49690199b5',2,'Fuga eligendi sed id accusantium minus accusamus quos saepe. Rem placeat quia aut dignissimos cumque earum ut. Impedit voluptatem assumenda ipsum nihil porro dolores veniam non.',2,'2024-01-30 14:21:11','2024-01-30 14:21:11'),('00a4b1db-0aef-4ff3-9c49-6483abe5efce','7c2dd58f-d0a8-4195-849b-11df1f059797','2df6e06b-ca85-4fee-a1db-e8a21caacdd4',4,'Architecto rerum deserunt cupiditate quae non doloremque aut. Et cum debitis eius necessitatibus velit architecto. Molestiae voluptatem consequatur exercitationem rerum porro quaerat.',17,'2024-01-30 14:21:11','2024-01-30 14:21:11'),('0284dba1-e1cf-490e-9da1-29724f10590a','e2f633ea-a604-44dc-8296-3f6531a746d6','70608146-01d1-4df9-be29-e0f9822e3af2',3,'Nihil laudantium tenetur labore qui qui. Veniam rerum quod dolorum veritatis. Dolorum tenetur deleniti magni ratione vero odit cupiditate. Deleniti aliquam aliquid accusantium deleniti quia.',15,'2024-01-30 14:21:11','2024-01-30 14:21:11'),('03a8cf77-673b-44b1-949d-af1b85cda525','61f105a6-f384-469c-bcf6-130080a12f7c','87614619-405d-44cd-b7a1-5c30464e166b',1,'Debitis sint fugit iste eligendi dolores. Est qui aut asperiores ab. Dolor ab ratione fugit aut.',0,'2024-01-30 14:21:11','2024-01-30 14:21:11'),('049feed2-17ef-4a04-a2c5-44e3d8366bf3','01ca42b1-367f-461b-9c4f-c05ceb0c6cd8','31a7b355-50f7-4771-8c2a-fd906f32688e',4,'Voluptatibus hic accusantium dolores deleniti. Aut est consequatur soluta at harum.',28,'2024-01-30 14:21:11','2024-01-30 14:21:11'),('0591dc1a-84ab-4d66-94f0-b64adb0a9bda','61a6eab1-b9cf-456c-9a1c-9ee6025d2ede','c5eec628-5eed-4eff-ad70-db78f28092ff',4,'Reiciendis unde nihil tenetur reiciendis minima. Voluptas rerum sint assumenda placeat quis. Adipisci tempora qui doloremque totam dolor qui odit.',25,'2024-01-30 14:21:11','2024-01-30 14:21:11'),('07cf4a16-1734-4f06-b71b-a73e3b9a314e','365d52bf-0597-4f08-894b-890a1a48d8e6','6f5f253a-7905-410f-94ef-ac42e4173143',1,'A quisquam culpa consequatur rerum est numquam sunt. Quia expedita cumque assumenda hic rerum. Sed qui non et et odit et optio. Adipisci dolores est placeat omnis excepturi.',30,'2024-01-30 14:21:11','2024-01-30 14:21:11'),('08de1248-3f0c-4e1a-ab58-c8f783ad4762','35bdce56-0d81-481f-849c-349964ca20f4','c8aa7cd9-8f32-4823-944a-bddc9be2c543',2,'Neque sequi sequi et quidem veniam. Illum quia voluptatem voluptatum distinctio. Accusamus est dolorem nam et cum explicabo enim.',68,'2024-01-30 14:21:11','2024-01-30 14:21:11'),('096e8dbf-08ba-4f26-b807-91ee5319b6ac','e2f633ea-a604-44dc-8296-3f6531a746d6','f4fb6f32-2871-4ab4-a0d2-ad28edb356b8',2,'Non nulla quis mollitia repellat ipsum natus incidunt. Voluptatem laborum dicta et optio omnis perferendis quaerat. Voluptas neque id laudantium sapiente sunt atque reprehenderit molestiae.',11,'2024-01-30 14:21:11','2024-01-30 14:21:11'),('0a4f6026-ea81-4698-990b-2f3fff1c9350','1eaeca99-962f-40a0-b014-96f21ead7f3a','14f30992-265f-45d1-afb4-269f56051a36',1,'Magnam eos aut est. Repudiandae velit iure culpa nisi quia. Labore labore rem ipsam architecto nemo iusto.',25,'2024-01-30 14:21:11','2024-01-30 14:21:11'),('0a508be3-bcd9-4c47-b278-d3cbb304a0eb','944ef95f-1360-4b89-bfb7-236d2b575ad7','b7fd702d-11c8-42a2-ab9c-317442cf7bba',4,'Accusantium est cupiditate consectetur tempore atque. Aut quia accusamus aut voluptatem ex aspernatur vero. Quasi vero quas iusto est autem reiciendis repellendus sit. Animi nisi delectus quia aut.',17,'2024-01-30 14:21:11','2024-01-30 14:21:11'),('115113b9-37ed-4747-b36b-af0abe44e298','1d76c2a1-b9e6-4e3a-b819-bdf946c4cdb2','fbdfaa7b-5ce2-4902-9774-5bc6a11ac4a0',3,'Asperiores nesciunt saepe aut dolorum distinctio harum similique. Quod voluptatem debitis ut qui aut quidem. Sunt ut amet adipisci blanditiis ullam.',65,'2024-01-30 14:21:11','2024-01-30 14:21:11'),('11be01cf-e8e2-49e7-b490-2ae271a8a63e','ae5920ec-2f79-4802-ac9c-7781fd8c68aa','52c41bb1-085b-4b8a-a361-387c5996a8d7',1,'Quidem sit non magnam quis. Corrupti dolor debitis error quo explicabo aut.',59,'2024-01-30 14:21:11','2024-01-30 14:21:11'),('11e0a089-9d06-4e66-ac85-4c12c56109f3','617a39fc-78bf-4351-81bc-0cc820882702','e5d946e7-412e-445d-b294-f8b9e45a159f',3,'Veniam consequatur deserunt at est. Totam veniam aperiam ut vel asperiores dolorem. Et id velit vitae accusamus nam cupiditate. Illo dolores iure dignissimos sed expedita.',0,'2024-01-30 14:21:11','2024-01-30 14:21:11'),('126d4df4-da5f-4bcd-b0a3-c8a4373efd71','0cc84d82-4114-4845-8421-0e46258552f1','0072bc75-0e9c-4294-8d40-402abd9261a0',1,'Nulla nihil ipsam et aspernatur. Illum fuga odio doloremque sed et enim cumque. Sapiente voluptatum iure a placeat.',0,'2024-01-30 14:21:11','2024-01-30 14:21:11'),('1338d7bb-adfa-4a86-ab19-ac9478fd7128','665d0984-fa87-4f3a-8e48-6bcdf802e1ba','52c41bb1-085b-4b8a-a361-387c5996a8d7',2,'Quis corporis adipisci dolorem dolores saepe. Distinctio sunt qui quaerat omnis nisi aut vel. Nihil sit quo veritatis tempora. Molestiae porro et adipisci et quo non.',34,'2024-01-30 14:21:10','2024-01-30 14:21:10'),('138b005d-268f-4a92-9717-b176cbf47daa','368224fb-f5d8-4b2e-83de-593d71abe9b4','0c22f297-93ba-40e8-bc22-28d4416f8af1',1,'Veniam ut quas occaecati fugit nesciunt laudantium quia. Nam soluta in fugiat impedit et. Eligendi qui voluptate reprehenderit maiores sequi.',27,'2024-01-30 14:21:11','2024-01-30 14:21:11'),('16e2f77f-3417-4608-9ffc-1d00048cf36d','d4197b66-a316-47a7-8329-b21feae3050e','b79662f8-fce9-44b6-ac46-91c1fd11a55d',2,'At ipsum ea est quibusdam molestias praesentium laborum expedita. Exercitationem necessitatibus ipsum accusamus. Quibusdam consequatur alias veritatis voluptatibus.',77,'2024-01-30 14:21:11','2024-01-30 14:21:11'),('189b6e33-f6cf-45d8-a247-0bbde629d9d6','8cab8868-6d40-498b-bb87-b8957bfcbf37','78947f09-7143-4f06-8dd1-1fa25f496d9a',2,'Veritatis consequatur voluptatem delectus quo. Dolor et eum quibusdam incidunt. Enim adipisci occaecati non aperiam ut. Ipsam laborum sed rem vero ut. Labore earum aut ipsum voluptas maxime ex.',50,'2024-01-30 14:21:11','2024-01-30 14:21:11'),('1a1b0182-cfc1-4967-b3bc-e96cb419c001','ae5920ec-2f79-4802-ac9c-7781fd8c68aa','5db481b2-73e8-42df-8491-a795f19511de',2,'Odio et ut deserunt similique. Sed omnis explicabo quidem vel vel. Odit possimus sequi maiores expedita.',51,'2024-01-30 14:21:11','2024-01-30 14:21:11'),('1a4b0d34-72df-4138-be9f-55f180df1709','665d0984-fa87-4f3a-8e48-6bcdf802e1ba','5db481b2-73e8-42df-8491-a795f19511de',4,'Et debitis odio dolorem eveniet. Assumenda commodi quis placeat laboriosam vel libero ut. Nemo enim vel beatae nihil officiis ab. Hic aliquam sit temporibus recusandae culpa dolorem nihil quo.',43,'2024-01-30 14:21:11','2024-01-30 14:21:11'),('1be49830-b95d-4f06-84f6-d131b69b142d','c0cbb9fe-9b25-4ec7-9e0b-2998a0e2aee6','1765dd0e-9767-4da4-9204-093ccb821d7f',2,'Ut doloribus iure eos libero quia officiis. Occaecati sequi eveniet repellendus distinctio velit aut. Nihil consequatur aut et totam. Ad nam iusto quam rem quo.',0,'2024-01-30 14:21:11','2024-01-30 14:21:11'),('1cd1582c-9040-4a14-811d-e526798e527c','87464a67-1eb9-43cc-b51c-75de921d05b4','52c41bb1-085b-4b8a-a361-387c5996a8d7',1,'Non atque cupiditate dolore blanditiis quo. Porro quis consectetur sint minima expedita omnis quibusdam pariatur.',12,'2024-01-30 14:21:11','2024-01-30 14:21:11'),('1fd2605e-1f65-4ed4-9961-f82af884963a','bab90b84-a56d-479d-b336-818d6bde4c6f','78947f09-7143-4f06-8dd1-1fa25f496d9a',1,'Qui aliquam quam quaerat velit enim. Illo quia recusandae a velit dolor rerum. Nihil nulla molestias et eos dolores.',35,'2024-01-30 14:21:11','2024-01-30 14:21:11'),('206cfda0-bfac-4839-9b21-39412088655b','a6b9e490-d17e-45dc-abb5-17be0ee02a09','b7fd702d-11c8-42a2-ab9c-317442cf7bba',2,'Libero neque autem vel et porro ea. Soluta ut quia quia voluptatum qui. Nemo esse eveniet provident rerum esse.',11,'2024-01-30 14:21:11','2024-01-30 14:21:11'),('20a3e067-93af-448e-8a96-cd128696317b','69590b68-7291-4601-93e4-c91ee6682cbe','7ad23043-4e5d-4e54-a91d-d30314a1c8b7',3,'Iste repellat ea cum autem ea eveniet voluptatum. Nemo nesciunt fugit repellendus illum illo modi sed deserunt. Voluptatum repellendus aut voluptatem eos doloremque molestiae.',4,'2024-01-30 14:21:11','2024-01-30 14:21:11'),('24472e34-ecf8-473e-bae7-cf85ffb071c1','cb5f9291-e575-4380-8931-492cd05c9142','c8aa7cd9-8f32-4823-944a-bddc9be2c543',4,'Beatae dolore odit nesciunt. Nemo omnis blanditiis recusandae odio omnis sint.',66,'2024-01-30 14:21:11','2024-01-30 14:21:11'),('253a3357-b9e0-4d86-b1a7-42de984aaa31','630533e4-6791-46b1-aad4-54f0af0fcfa5','70608146-01d1-4df9-be29-e0f9822e3af2',2,'Reiciendis inventore dignissimos totam sapiente porro nam et. Blanditiis mollitia in voluptate enim alias.',6,'2024-01-30 14:21:11','2024-01-30 14:21:11'),('269744e6-633e-4a09-b728-d1539a64fd2f','015b0930-ed0c-4348-810e-07de8119b08c','c5eec628-5eed-4eff-ad70-db78f28092ff',1,'Sit et qui totam reiciendis iste qui. Cumque commodi laudantium impedit sunt. Laboriosam provident sunt iure amet est dolores velit molestiae. Quos veritatis suscipit perspiciatis minima ut eaque.',16,'2024-01-30 14:21:11','2024-01-30 14:21:11'),('26e2347c-db56-4f80-960c-1481c735128c','3f11bbae-b2a5-4b39-bcb8-25d9f97f20db','6f324ce8-bba8-4da7-8b01-efa106ec62b7',3,'Sunt quod culpa quia earum dolorum corrupti. Quidem alias atque doloremque numquam veritatis fugiat veritatis. Sint et autem fugiat dolorem.',23,'2024-01-30 14:21:11','2024-01-30 14:21:11'),('26f967c4-f976-40d4-8a84-b765487c3006','a5293b86-1d49-4132-8ae9-d80121464264','a3489374-7753-4be8-80f7-3b9cfede976d',4,'Voluptas dignissimos deserunt qui. Maiores sed quis facere qui maxime beatae et. Quos fugiat praesentium aliquid quis beatae. Et quo modi exercitationem dolorem ratione.',32,'2024-01-30 14:21:11','2024-01-30 14:21:11'),('2826282f-8b9c-407e-add7-c05e5dba7175','d3fcfcb7-7785-4979-99c5-c8d847600390','f4fb6f32-2871-4ab4-a0d2-ad28edb356b8',1,'Repellendus et voluptatem corrupti autem sequi labore dolorem. Nulla earum tempora vel eum veritatis voluptas ut. Magni sit aut velit perferendis qui est praesentium.',12,'2024-01-30 14:21:11','2024-01-30 14:21:11'),('290d8f67-4513-42a1-a8e3-19a5fff58fa3','35bdce56-0d81-481f-849c-349964ca20f4','b7fd702d-11c8-42a2-ab9c-317442cf7bba',3,'Non minima asperiores voluptatem sit. Ea eum hic autem ducimus eum. Fugiat nemo ea aut similique laborum.',6,'2024-01-30 14:21:10','2024-01-30 14:21:10'),('29839cc3-4b5d-4548-a4da-5fa46caf125f','390c0dcd-e036-4d57-8ea8-ad40968d0598','70a49233-b59f-44a1-8ca7-5b9b8b311677',1,'Officiis reprehenderit possimus quam hic rem vero quia. Sequi accusantium iste magni neque sint inventore dignissimos consequatur. Libero enim et est aut pariatur eius aperiam.',13,'2024-01-30 14:21:10','2024-01-30 14:21:10'),('2c42bcd9-b755-4f17-9885-cc7c8698ffdc','a5293b86-1d49-4132-8ae9-d80121464264','6f5f253a-7905-410f-94ef-ac42e4173143',2,'Officiis ut vel eaque reiciendis quos. Asperiores aut sunt rerum optio quisquam. Enim neque iste explicabo minima sed.',30,'2024-01-30 14:21:11','2024-01-30 14:21:11'),('2de922b4-4c81-4327-8952-d68821340ac7','42676c79-3487-42b0-b827-d46a430e15b8','b7fd702d-11c8-42a2-ab9c-317442cf7bba',1,'Cupiditate nisi id qui at rerum. Dolor distinctio numquam magnam saepe et et suscipit ratione. Et labore distinctio incidunt vero quos numquam. Ratione et ex perspiciatis.',25,'2024-01-30 14:21:11','2024-01-30 14:21:11'),('2e1ff252-f326-4dcd-b9f4-424c69596a5e','630533e4-6791-46b1-aad4-54f0af0fcfa5','70608146-01d1-4df9-be29-e0f9822e3af2',3,'Dicta ratione modi voluptas et. Asperiores fugit consequuntur rem. Autem porro consequatur itaque sit repellendus rerum.',3,'2024-01-30 14:21:11','2024-01-30 14:21:11'),('2f1445ca-6798-4c6a-aeef-7e9117976f43','daf0f1ff-5f39-4105-8e16-56214a55d05c','6f5f253a-7905-410f-94ef-ac42e4173143',3,'Dolor adipisci sint ut fuga nihil. Temporibus tempore iure est sunt est atque. Veniam omnis eos consequuntur corrupti. Laboriosam nam molestiae consectetur id qui in in pariatur.',43,'2024-01-30 14:21:11','2024-01-30 14:21:11'),('310f4e1b-dd3a-4eb4-9632-c273e4e3351a','8f2ae499-cba3-4187-a541-094828242015','6fefcc53-9730-4e9b-917c-4205c03c9e5f',3,'Velit deserunt illum alias illo minima nihil esse natus. Id reiciendis atque minus qui nulla. Totam fugiat omnis magni distinctio. Voluptatum amet et qui.',16,'2024-01-30 14:21:11','2024-01-30 14:21:11'),('3287ce24-3990-455e-8f52-bc79fa5a9a48','c74497d5-943b-452c-8503-a2f0e1675708','3f7a242e-b9cc-4e5b-ab7a-561979cd878d',4,'Non in autem sint repudiandae. Id cupiditate illo dolor quae.',14,'2024-01-30 14:21:11','2024-01-30 14:21:11'),('329d4fad-f98e-49c3-822e-002041fe1f5a','132cdee6-8de2-4642-95f5-54ec4c577c0c','2df6e06b-ca85-4fee-a1db-e8a21caacdd4',2,'Voluptatem quo animi enim laudantium quis quidem eius. Voluptatum nulla voluptatem aspernatur et libero. Officia ab enim maiores alias voluptates. Hic ut non qui sapiente alias.',28,'2024-01-30 14:21:11','2024-01-30 14:21:11'),('330d963a-13f8-4b64-a75d-fd4929d8dae9','05a24870-f030-4631-a14e-3734a665dd0b','12650147-112b-4fe6-81fd-b5e27e4c7ad1',1,'Minima quam vero in omnis. Harum asperiores similique fugiat numquam et ullam. Est adipisci ut dolorum quas in ex. Possimus beatae ratione similique voluptas nulla provident magnam voluptas.',41,'2024-01-30 14:21:11','2024-01-30 14:21:11'),('336a3e21-8e19-4f4a-a873-6dddadbe6058','368224fb-f5d8-4b2e-83de-593d71abe9b4','96d22a59-afe4-418b-9c06-57241a541fc6',4,'Dicta veritatis earum quia reprehenderit eius iusto ipsam. Et quasi voluptatibus accusantium maxime. Provident deleniti officiis ut quia.',19,'2024-01-30 14:21:11','2024-01-30 14:21:11'),('3887db9e-b5ce-4b5a-9ba6-669a5f0b2fa8','d4197b66-a316-47a7-8329-b21feae3050e','c8aa7cd9-8f32-4823-944a-bddc9be2c543',3,'Quis est omnis dolores soluta suscipit dolores quasi. Id culpa eveniet eos odio perspiciatis. Modi accusamus qui sit fugit.',24,'2024-01-30 14:21:11','2024-01-30 14:21:11'),('39c23fb9-d267-45ee-aaed-dbf0d9abc9a0','931af2ab-3a1a-4883-960a-67089d222f11','a3489374-7753-4be8-80f7-3b9cfede976d',1,'Vitae eius inventore qui dolore. Iste voluptatem nostrum consequatur labore. Quaerat nostrum est recusandae voluptas deleniti quaerat earum. Aliquam magnam iure nam non sit.',47,'2024-01-30 14:21:11','2024-01-30 14:21:11'),('39d9aff7-c677-466f-bd54-9fa04cc78ae6','e759417f-2065-4dd5-873e-5e0c2e696846','1fe05d71-b16e-4940-967f-4551645ce145',3,'Fugit ea veritatis ullam ut reiciendis consequatur sed error. Autem numquam officia sit omnis perferendis molestiae. Aut sunt dolorem ad quod et. Quae molestias quos et qui non sapiente aut.',67,'2024-01-30 14:21:11','2024-01-30 14:21:11'),('3b6de067-06ff-4f84-b909-0f6c39cd4d25','8cab8868-6d40-498b-bb87-b8957bfcbf37','846bbb25-3763-426a-adf3-4b801adbf01f',2,'Adipisci ut sint illo eaque. Aut repellendus libero ullam similique nulla necessitatibus voluptatum. Temporibus non eos ex odit.',4,'2024-01-30 14:21:11','2024-01-30 14:21:11'),('3c0093ec-1ef0-47a5-ac8e-a6a818f03832','42676c79-3487-42b0-b827-d46a430e15b8','0c22f297-93ba-40e8-bc22-28d4416f8af1',3,'Est magni quo aut aspernatur. Nihil laudantium cupiditate ut ratione rerum. Et laborum sunt quidem.',34,'2024-01-30 14:21:11','2024-01-30 14:21:11'),('3c2b9f7e-3fb3-42d5-8f7b-d9b976e1abb6','ae5920ec-2f79-4802-ac9c-7781fd8c68aa','636dae18-ecbc-477a-a754-2c74a4295847',2,'Quo asperiores qui rerum nihil officia natus. Aut quae facere quam provident omnis animi voluptatem. Sapiente et in maiores tempore ipsam eveniet.',55,'2024-01-30 14:21:11','2024-01-30 14:21:11'),('43b4fde6-a0e2-425d-8008-fe02ce25907c','015b0930-ed0c-4348-810e-07de8119b08c','2df6e06b-ca85-4fee-a1db-e8a21caacdd4',4,'Aut libero illo explicabo aspernatur praesentium adipisci sit. Non ut et delectus nam repellendus delectus tenetur. Consequatur nulla sint blanditiis voluptatem perferendis blanditiis iste et.',15,'2024-01-30 14:21:11','2024-01-30 14:21:11'),('441b0375-987e-4259-8a8a-8bfb38287218','356c3422-9792-43da-8ae3-7e2b2eb6b3ce','70608146-01d1-4df9-be29-e0f9822e3af2',1,'Et ipsa maxime quam libero illo ipsam. Sed quia totam earum temporibus cum architecto. Assumenda ut aut reiciendis nisi distinctio tempora sint.',13,'2024-01-30 14:21:11','2024-01-30 14:21:11'),('442995b4-6b2c-465d-9b65-12b0cf6c524a','24d833d3-c71b-43c5-a50d-b7358cfbe4e2','3c8d52ae-2e9b-4fc1-b00e-663af234a3b1',3,'Commodi earum aut qui tempore aut ex. Maxime id adipisci libero optio aut. Saepe veritatis aperiam non labore tempore.',12,'2024-01-30 14:21:11','2024-01-30 14:21:11'),('4567b73d-6e1d-484d-a87d-8effdd4da070','502e56f4-79fd-4129-ba47-184f3c974b5f','31a7b355-50f7-4771-8c2a-fd906f32688e',4,'Ut qui exercitationem qui officia id facilis error et. Natus accusantium quis reiciendis. Sed laboriosam nesciunt optio recusandae et velit. Nostrum non sint itaque cum quia expedita consequatur aut.',37,'2024-01-30 14:21:11','2024-01-30 14:21:11'),('45bc7d47-7b64-4590-8a8c-0127f2cbdc4d','807e8f19-2289-4b96-9ac3-72f40457f07d','78947f09-7143-4f06-8dd1-1fa25f496d9a',3,'Necessitatibus et velit hic omnis vitae repellat deleniti. Sequi quaerat hic maiores. Odio sed aliquid aliquid pariatur cum dicta. Impedit mollitia ex ab adipisci.',21,'2024-01-30 14:21:11','2024-01-30 14:21:11'),('475f93bb-2f37-4ebc-b99e-328326f57159','cebdc6ef-bc59-4bed-be48-760762c7dd04','74e4231b-941e-4eea-8a15-c993e77c8341',2,'Quidem temporibus sit magnam exercitationem ipsa occaecati. Dicta eaque rem nisi numquam aut earum sint ut. Libero laudantium ea dolor provident. Enim vel ut autem et.',85,'2024-01-30 14:21:11','2024-01-30 14:21:11'),('4bb9df20-b12d-4cda-92ab-af6943ec97f3','a44b5b91-b47e-4d01-b727-9edd19b26303','e5d946e7-412e-445d-b294-f8b9e45a159f',2,'Optio repudiandae officia consequatur magnam omnis fugit et mollitia. Rerum consectetur praesentium nesciunt voluptas quis voluptas veritatis. Beatae odit vel reprehenderit molestias mollitia dolor.',4,'2024-01-30 14:21:11','2024-01-30 14:21:11'),('4ce44ba2-713a-41b4-b168-4edcd684daeb','61a6eab1-b9cf-456c-9a1c-9ee6025d2ede','338ab4f1-c4eb-45e8-8bac-3d683bcc2207',1,'A molestiae qui quas nisi repellat. Nulla illum quibusdam iusto sit in. Illum voluptas quam et. Itaque itaque aut quam alias quo. Omnis corrupti impedit et quos id.',28,'2024-01-30 14:21:11','2024-01-30 14:21:11'),('506f4d8b-aa49-4d40-afef-12c9ec53d9da','7dd429ee-4d3e-434c-8db2-d070aa972e1c','12650147-112b-4fe6-81fd-b5e27e4c7ad1',1,'Unde ea mollitia libero maiores et autem facilis. Ratione et voluptates quia velit est architecto esse tenetur. Nobis debitis veniam nesciunt ea omnis tempore.',36,'2024-01-30 14:21:11','2024-01-30 14:21:11'),('50aed923-822a-45a0-8b29-ab164206fedf','e3117125-b7ef-43c3-80df-66a0cc57fe92','1bc0cbb4-7607-4bc2-8616-5f8cb6c061e9',2,'Nihil architecto atque sint dolores consectetur maiores. Voluptas autem architecto magni eos.',18,'2024-01-30 14:21:11','2024-01-30 14:21:11'),('51953bb7-8318-4be9-8dd7-3e63395f2e73','05a24870-f030-4631-a14e-3734a665dd0b','74e4231b-941e-4eea-8a15-c993e77c8341',4,'Totam repellat perferendis et sed omnis. Quo in aut architecto.',13,'2024-01-30 14:21:11','2024-01-30 14:21:11'),('53cdc904-dd19-4a01-91ce-454138d081cd','bb76988e-d904-43fa-8ecb-61efd53f778a','2ca75df0-908b-431c-b612-300deec89edc',4,'Itaque consequatur omnis hic illo. Numquam aut libero ipsum quia et ipsum in. Sit ut non ullam magni et. Vel qui voluptates maiores repellendus magnam rerum.',19,'2024-01-30 14:21:11','2024-01-30 14:21:11'),('563cd038-3b88-457c-8f0b-99e1a7c5840e','d4197b66-a316-47a7-8329-b21feae3050e','87614619-405d-44cd-b7a1-5c30464e166b',1,'Omnis voluptatem quis voluptate non aliquid qui laborum. Asperiores nisi amet corporis eos.',42,'2024-01-30 14:21:11','2024-01-30 14:21:11'),('56faed79-6961-4c03-9429-85145284e9a3','da10744b-b7a0-443a-ae3d-4c00cc203605','74201cf2-1de7-4b08-b7ac-9d5b62481055',4,'Qui dolor molestiae facere. Sed quia ut aliquam facilis tempore. Odit autem nisi dolores fugit reprehenderit repellat magni voluptas.',11,'2024-01-30 14:21:11','2024-01-30 14:21:11'),('57e395b2-61e4-407b-b2d9-c149ade5b7c1','effa2c66-87e1-4437-9935-f816c6b248a5','338ab4f1-c4eb-45e8-8bac-3d683bcc2207',3,'Ut ut tempora consectetur molestiae. Perspiciatis iure eaque eligendi quia facilis optio nesciunt. Aperiam accusamus est enim temporibus qui facere. Aut odio sit eos dignissimos ipsa.',14,'2024-01-30 14:21:11','2024-01-30 14:21:11'),('59016b1f-308a-41df-b1e5-478577bdb87b','d9f7ca11-047e-49ed-8f07-50b708e1f7e5','70608146-01d1-4df9-be29-e0f9822e3af2',3,'Aut enim inventore omnis omnis ut neque. Rerum qui eum sed assumenda ut omnis. Adipisci laboriosam repellat suscipit harum beatae. Quidem aut cum est eius corporis tempore ut neque.',0,'2024-01-30 14:21:11','2024-01-30 14:21:11'),('5909e6ac-de77-4b9f-98ed-38f628ffec5a','01ca42b1-367f-461b-9c4f-c05ceb0c6cd8','3a526da1-32f0-4a8e-a6f9-5cbbe31a706d',2,'Qui velit adipisci et assumenda et cum autem. Illum quod reiciendis sit nulla voluptas vel. Magnam rerum ad voluptatem est quo rem. Iusto totam iste et ea.',52,'2024-01-30 14:21:11','2024-01-30 14:21:11'),('59746ab6-5b56-4b79-bd1a-caf9adba3015','05a24870-f030-4631-a14e-3734a665dd0b','6fefcc53-9730-4e9b-917c-4205c03c9e5f',1,'Tempora et et perferendis magnam natus et sapiente. Doloremque rem quo iure. At nihil a dignissimos ut perferendis. Non dolorem beatae est rerum debitis enim iusto quis.',5,'2024-01-30 14:21:11','2024-01-30 14:21:11'),('5ae7d997-7987-4b68-9236-c5f57d44f0cd','8cab8868-6d40-498b-bb87-b8957bfcbf37','b7fd702d-11c8-42a2-ab9c-317442cf7bba',2,'Sed quis est occaecati nemo nihil quis molestiae. Qui minima nihil ea qui quasi. Quisquam placeat autem culpa quam quidem.',0,'2024-01-30 14:21:10','2024-01-30 14:21:10'),('5b22831a-82bc-4859-9c08-75fdddedcafa','4cd7f61e-7ed5-4ff4-a20c-23441847f952','ad0e9eb8-3922-496d-ae53-af49690199b5',3,'Enim aliquam sit earum et. Aut voluptatibus quia quis quo. Eum alias explicabo eum.',3,'2024-01-30 14:21:11','2024-01-30 14:21:11'),('5b796dbb-a30b-4860-890b-465350bae16a','59e3d9e2-ce15-4d71-8f3f-07330fb349aa','636dae18-ecbc-477a-a754-2c74a4295847',3,'Optio voluptatem sint est laudantium. Perspiciatis consequatur impedit aut dolorum. Inventore sunt sit nisi impedit. In omnis dolor aut deserunt aliquid.',22,'2024-01-30 14:21:11','2024-01-30 14:21:11'),('5d5cf5ad-1dc0-432b-9ede-5e4b73d68615','bb76988e-d904-43fa-8ecb-61efd53f778a','f4fb6f32-2871-4ab4-a0d2-ad28edb356b8',4,'Quas ut corporis perferendis possimus dolorem aut. Fuga unde nam facilis officia. Laudantium laudantium ut quam blanditiis dolorem architecto. Eligendi enim assumenda iure voluptates occaecati.',8,'2024-01-30 14:21:11','2024-01-30 14:21:11'),('5f86cd97-c962-40eb-9201-13c8afcf06cc','cdf37ec8-44d9-405f-bba1-96c2c19acc86','5a60b2cd-1c6e-4fdd-99b8-bfdb8e73d182',4,'Provident qui unde dolor veniam. Qui qui quasi rerum in saepe dolorem veritatis. Nihil et corporis voluptates iste sit odit sint. Quidem debitis aperiam et quia.',8,'2024-01-30 14:21:11','2024-01-30 14:21:11'),('5f8faa36-fff8-4884-95fe-c8bb558dda71','0cc84d82-4114-4845-8421-0e46258552f1','7ad23043-4e5d-4e54-a91d-d30314a1c8b7',4,'Totam est eos doloremque labore ad. Voluptatem nemo excepturi architecto aspernatur ullam odio voluptas.',3,'2024-01-30 14:21:11','2024-01-30 14:21:11'),('652ae4aa-fd37-4990-99ad-14d40da949f3','36b79414-73fc-49ba-a8df-01b3dc6a9cb6','2ca75df0-908b-431c-b612-300deec89edc',2,'Ut quisquam enim enim. Ut exercitationem expedita vitae et pariatur veritatis aut. Numquam vel similique rerum porro iusto velit.',19,'2024-01-30 14:21:11','2024-01-30 14:21:11'),('66319e4c-87b3-4a86-9ea1-5ba8c7ef47ac','e842fdaf-2201-4b09-baaa-4fc6585baad4','40036af2-c271-4c12-9bc9-96d97a34e1c0',2,'Corporis exercitationem autem aliquid. Non a voluptatum soluta velit ea doloremque eaque. Temporibus est quis ducimus sapiente iste est nostrum.',2,'2024-01-30 14:21:11','2024-01-30 14:21:11'),('66a04574-08cd-452c-a7d1-288c85673aa3','a44b5b91-b47e-4d01-b727-9edd19b26303','6fefcc53-9730-4e9b-917c-4205c03c9e5f',2,'Culpa et est et dolores. Perferendis illum quibusdam molestias sit exercitationem. Quidem reprehenderit ipsum voluptas velit dolorum. Ipsa at ipsam vero at aspernatur animi ut.',7,'2024-01-30 14:21:11','2024-01-30 14:21:11'),('67f2efd6-675e-4e06-9ab8-eef6fb142ae2','630533e4-6791-46b1-aad4-54f0af0fcfa5','12650147-112b-4fe6-81fd-b5e27e4c7ad1',4,'Velit et ut voluptatum cumque voluptatibus. Nihil velit debitis beatae exercitationem. Aut ut soluta nostrum esse. Fugiat aspernatur atque unde.',3,'2024-01-30 14:21:10','2024-01-30 14:21:10'),('6a7fbb6d-024d-4159-be5d-85f0279dd4ba','7c2dd58f-d0a8-4195-849b-11df1f059797','a3489374-7753-4be8-80f7-3b9cfede976d',3,'Qui atque dolorem non impedit qui est quis. Quidem ducimus amet repellat repellendus. Pariatur eum dolor natus reiciendis nulla voluptatibus.',61,'2024-01-30 14:21:10','2024-01-30 14:21:10'),('6aafe1e8-554e-4414-a070-77c54d2189d5','b8d6ef87-0c39-4a06-a8d7-c1989ea904de','6f5f253a-7905-410f-94ef-ac42e4173143',1,'Sapiente officiis voluptate sit. Sunt ut dolores minus illo. Quidem ut quae repellendus consectetur quaerat et voluptatem. Maxime quis non quo aliquid.',42,'2024-01-30 14:21:11','2024-01-30 14:21:11'),('6b09eecd-5d60-4842-94a5-bf23bc781cda','132cdee6-8de2-4642-95f5-54ec4c577c0c','c5eec628-5eed-4eff-ad70-db78f28092ff',2,'At iure et reprehenderit facere ducimus. Dolorum eveniet ea iure quas consectetur. Quam et autem facilis.',20,'2024-01-30 14:21:11','2024-01-30 14:21:11'),('6b980d4a-382f-46d6-bfc3-a851bd66d700','d5f24768-bacd-4b2c-b64b-2d21ed50e54d','40036af2-c271-4c12-9bc9-96d97a34e1c0',4,'Ut laboriosam sit tempora sunt doloribus. Eum quas ullam enim officiis. Minus delectus totam minus sit et culpa.',2,'2024-01-30 14:21:11','2024-01-30 14:21:11'),('6bf63242-ee47-495a-8d83-b12cc4f37630','da10744b-b7a0-443a-ae3d-4c00cc203605','3c8d52ae-2e9b-4fc1-b00e-663af234a3b1',2,'Itaque dolore numquam praesentium modi aliquid et. Praesentium voluptatem earum temporibus ad blanditiis eligendi. Sit quibusdam odio iusto autem sunt.',6,'2024-01-30 14:21:11','2024-01-30 14:21:11'),('6cd3c977-c207-44c0-9a91-9dc495ba4e5f','5ee22884-4592-43c2-9196-355a51e2bfda','f9535ab3-6447-4f3e-942d-400cea226a39',2,'Nostrum quibusdam eveniet rerum vero. Commodi iste quaerat ea omnis. Quia aut maxime vero numquam.',10,'2024-01-30 14:21:11','2024-01-30 14:21:11'),('6d0bc022-a7c3-41f6-b235-edca70d0129d','53228600-cd0e-48f1-9367-aa72196a2248','f8a18596-3a97-4925-8f63-cb62ef647da9',1,'Ea dolores accusantium similique facilis. Quaerat dicta ipsa ullam magnam. Est quidem voluptatem iure magnam ducimus.',10,'2024-01-30 14:21:11','2024-01-30 14:21:11'),('7000dbf7-7dec-455b-8778-8acb6feea234','a44b5b91-b47e-4d01-b727-9edd19b26303','b7fd702d-11c8-42a2-ab9c-317442cf7bba',1,'Ut similique enim cum harum. Qui illo quo consequatur accusamus. Nihil quos eligendi suscipit ratione suscipit dolorem deserunt et.',2,'2024-01-30 14:21:11','2024-01-30 14:21:11'),('70234de2-c35f-4f0b-8e30-406e3a6138ce','015b0930-ed0c-4348-810e-07de8119b08c','7ad23043-4e5d-4e54-a91d-d30314a1c8b7',2,'Enim odio officiis quis sed deleniti iusto. Praesentium molestias asperiores pariatur. Voluptatibus est exercitationem velit repudiandae et soluta.',5,'2024-01-30 14:21:11','2024-01-30 14:21:11'),('74468168-eb3a-4ad7-b8e6-af80fec44b1a','8b1a404d-6e9d-4c29-810d-9032a77fc9c9','74b3ee8d-f55d-424e-86c4-56b658ff68a7',4,'Tempore eius quia fuga vitae molestias illum sequi consectetur. Quisquam officia repellendus odit tempora delectus ab. Id ullam voluptates accusamus laborum. Ipsam eveniet vitae debitis.',2,'2024-01-30 14:21:11','2024-01-30 14:21:11'),('74ef410d-a77d-4022-b489-3a30ac8caee1','009e5bb1-8c8a-4e63-830f-a36cd8c8244f','70a49233-b59f-44a1-8ca7-5b9b8b311677',1,'Minus autem autem minus soluta. Qui aut dolorem accusamus veritatis. Dignissimos non et consequuntur.',7,'2024-01-30 14:21:11','2024-01-30 14:21:11'),('7bad6082-b26b-466a-b9d4-b30e7ecc8911','f2a2eb3f-b41c-49e3-99fd-55030d1c5243','846bbb25-3763-426a-adf3-4b801adbf01f',1,'Laborum perferendis similique labore ratione. Vero voluptatem voluptatem voluptate aut. Reiciendis laudantium tenetur ratione dolor.',4,'2024-01-30 14:21:11','2024-01-30 14:21:11'),('7c8ac1f9-cbd3-4900-aed9-8511c02e10d8','3b9a1a18-2663-4678-8557-21e59b20c4be','0c22f297-93ba-40e8-bc22-28d4416f8af1',4,'Ea tempora cumque rerum voluptates repellendus voluptas. Sit nobis iusto necessitatibus dolor odio nemo ipsam. Rerum sunt sunt sed est provident et et. Ducimus quia vero libero.',11,'2024-01-30 14:21:11','2024-01-30 14:21:11'),('7ec3db70-2904-4a1e-9f8e-1289e3bbc7ac','2be1d9a4-0b57-41c4-9e95-e27d789079dc','2df6e06b-ca85-4fee-a1db-e8a21caacdd4',3,'Quia ab porro asperiores maiores. Assumenda harum quos consequatur molestiae. Velit ex sequi vitae totam omnis in.',6,'2024-01-30 14:21:11','2024-01-30 14:21:11'),('7f20e60c-3f7a-4b98-abae-923a8e8dedd4','7c2dd58f-d0a8-4195-849b-11df1f059797','5a60b2cd-1c6e-4fdd-99b8-bfdb8e73d182',2,'Tempore molestias recusandae excepturi. Dolorem deleniti assumenda explicabo nulla aut voluptate consectetur voluptas. Nam excepturi tempore consequatur qui a corrupti sunt.',2,'2024-01-30 14:21:11','2024-01-30 14:21:11'),('804bea7a-ccfd-42a5-a9e2-aebf14e080cd','1d76c2a1-b9e6-4e3a-b819-bdf946c4cdb2','4821a071-71a2-43ed-9c55-f61bd75c75c3',3,'Natus ad omnis aspernatur ad voluptatem amet. Quae magnam adipisci recusandae et asperiores deleniti. Soluta rerum nisi expedita quibusdam architecto sunt totam.',3,'2024-01-30 14:21:11','2024-01-30 14:21:11'),('80812e04-d126-4c41-938e-02909036c68a','dfafe12f-6777-419a-b154-89685d72f2f3','fbdfaa7b-5ce2-4902-9774-5bc6a11ac4a0',1,'Accusantium veniam dolorem optio. Quos ad et et minima. Expedita quis animi omnis ipsa praesentium laudantium dicta. Velit laudantium necessitatibus eum ut.',88,'2024-01-30 14:21:11','2024-01-30 14:21:11'),('81108ddb-38dc-44b8-ba12-8effd64ae403','807e8f19-2289-4b96-9ac3-72f40457f07d','3f7a242e-b9cc-4e5b-ab7a-561979cd878d',4,'Est sapiente sed recusandae voluptatem molestiae. Dolorem a aperiam quam aut.',33,'2024-01-30 14:21:11','2024-01-30 14:21:11'),('813296cd-cf01-476f-b382-30b116aa55db','28d82158-1b2f-446d-bc78-d272017b9b2d','6f5f253a-7905-410f-94ef-ac42e4173143',3,'Quis eius autem dolor nesciunt pariatur. Iusto quasi distinctio id est tempore. Nam deleniti voluptatem quasi. Officiis ea rem ex perferendis illo pariatur.',78,'2024-01-30 14:21:11','2024-01-30 14:21:11'),('8384b54c-9de1-4c50-8a54-d2c8e7611a20','cebdc6ef-bc59-4bed-be48-760762c7dd04','5db481b2-73e8-42df-8491-a795f19511de',2,'Sint quis perspiciatis rem tempora voluptatem beatae est sint. Enim molestias voluptates tenetur fuga. Non quia id beatae animi nihil itaque eaque. Consequatur provident quis eligendi sint.',23,'2024-01-30 14:21:11','2024-01-30 14:21:11'),('845d5181-b7c2-410d-bd88-7fb54c0eca26','e759417f-2065-4dd5-873e-5e0c2e696846','3a526da1-32f0-4a8e-a6f9-5cbbe31a706d',1,'Sed omnis odio tenetur tempora quod voluptate neque. Veniam sunt quisquam voluptatem blanditiis ut. At nostrum earum praesentium ut. Sit qui error voluptas voluptas eum.',16,'2024-01-30 14:21:11','2024-01-30 14:21:11'),('85e4687c-6188-4649-8375-62ff2503e550','61e9cd0f-4db8-4d89-a4da-24269a13264b','70608146-01d1-4df9-be29-e0f9822e3af2',2,'Dolorem quo optio ab necessitatibus. Quisquam laudantium sint dolores doloremque voluptas.',11,'2024-01-30 14:21:11','2024-01-30 14:21:11'),('867e7f90-287b-4d0a-a37b-a5d6a8052f63','c27a6ba9-acbe-4dd7-a4ee-1ad59df003ef','52c41bb1-085b-4b8a-a361-387c5996a8d7',2,'Omnis facilis rerum est quia incidunt quos voluptas. Similique ab molestiae est explicabo. Quia tempore officia ipsa in mollitia velit et.',65,'2024-01-30 14:21:11','2024-01-30 14:21:11'),('886a67a8-e630-4fba-989d-90de53783f64','132cdee6-8de2-4642-95f5-54ec4c577c0c','3f7a242e-b9cc-4e5b-ab7a-561979cd878d',4,'Vero officiis doloribus architecto ducimus commodi. Veniam eum nihil ut dolorem error laborum similique. Beatae assumenda corrupti consequatur qui. A ut et rerum ea iure vitae.',33,'2024-01-30 14:21:11','2024-01-30 14:21:11'),('89ae75a4-6d1d-46d3-9c76-14979f8bfc72','b8d6ef87-0c39-4a06-a8d7-c1989ea904de','12650147-112b-4fe6-81fd-b5e27e4c7ad1',1,'Omnis accusamus ullam qui ipsum ut sed laborum rem. Eum maiores hic officiis sit. Praesentium est officia aut sed quam.',46,'2024-01-30 14:21:11','2024-01-30 14:21:11'),('8c0606b5-55bd-4986-a6e2-e17e39ccf0d1','ae5920ec-2f79-4802-ac9c-7781fd8c68aa','1bc0cbb4-7607-4bc2-8616-5f8cb6c061e9',2,'Eaque omnis dolore explicabo ullam ut voluptas quo perspiciatis. Itaque quod laboriosam maxime sit dolorem earum. Doloremque laudantium vitae ratione aut voluptas provident.',17,'2024-01-30 14:21:11','2024-01-30 14:21:11'),('8c405274-0efc-44f6-9a8a-57599525a5cd','dd248070-045b-43c6-86f9-983e3436b32c','ad0e9eb8-3922-496d-ae53-af49690199b5',2,'Rerum dolore sed autem sunt necessitatibus sunt. Iusto fugiat quisquam rem et rerum. Provident at et dolorum.',3,'2024-01-30 14:21:10','2024-01-30 14:21:10'),('90bc660c-32e1-4c12-a34d-35df9aa099b9','1f13466f-6a9b-489b-a49d-bc4329b06f3b','74201cf2-1de7-4b08-b7ac-9d5b62481055',2,'Ut explicabo ea qui odit voluptatem a. Consequuntur et consequatur ex enim quisquam rerum cumque. Porro aut soluta aliquam saepe enim sint dolor.',1,'2024-01-30 14:21:11','2024-01-30 14:21:11'),('90f32b1a-cd25-4ebe-a5c6-8482eab398ba','8f2ae499-cba3-4187-a541-094828242015','70a49233-b59f-44a1-8ca7-5b9b8b311677',4,'Quae culpa ad aut quia est nobis. Quasi atque incidunt molestias ad et occaecati possimus. Eum voluptas harum nam qui aspernatur voluptate animi deleniti.',25,'2024-01-30 14:21:11','2024-01-30 14:21:11'),('9288395a-5312-443d-9a2b-e1bfb9c7700c','e759417f-2065-4dd5-873e-5e0c2e696846','f4fb6f32-2871-4ab4-a0d2-ad28edb356b8',2,'Nihil quos quae ab. Et nisi vel non sint est. Saepe iusto sed rerum maxime officiis est aut.',11,'2024-01-30 14:21:11','2024-01-30 14:21:11'),('93e322fb-c198-474d-a34c-592cc287ed79','0fe94e6e-76e3-4c03-b73c-9e386a07384e','b79662f8-fce9-44b6-ac46-91c1fd11a55d',3,'Voluptatem perferendis quos omnis magnam. Suscipit totam eligendi reprehenderit non quibusdam velit corrupti. Est architecto vero accusantium.',55,'2024-01-30 14:21:11','2024-01-30 14:21:11'),('94d23313-eb0e-4fe3-9fcc-52d38cec9634','dd248070-045b-43c6-86f9-983e3436b32c','52c41bb1-085b-4b8a-a361-387c5996a8d7',2,'Ipsa aut accusantium sit quam ea unde. Et consequatur consequatur adipisci maxime sapiente quis voluptatem. Et corrupti doloremque velit.',66,'2024-01-30 14:21:11','2024-01-30 14:21:11'),('95f87a53-33cb-4d2f-b939-f7983c1d70f8','a846e6fe-252d-4664-ad64-ff6b2b7a50db','78947f09-7143-4f06-8dd1-1fa25f496d9a',2,'Impedit eum assumenda et in. Quis ea consequatur nihil laudantium eligendi facilis. Eligendi quae qui aliquid ut saepe.',62,'2024-01-30 14:21:11','2024-01-30 14:21:11'),('96caa9bf-121d-4b76-ab94-241d491cd9e4','617a39fc-78bf-4351-81bc-0cc820882702','70a49233-b59f-44a1-8ca7-5b9b8b311677',2,'Ut iure totam sequi accusamus maxime architecto itaque omnis. Esse velit aspernatur molestiae excepturi fuga. Culpa quidem commodi ut molestias quasi repellat quos tenetur.',43,'2024-01-30 14:21:10','2024-01-30 14:21:10'),('96d28b8d-0338-432d-a7a1-9dcf60cfff30','d3fcfcb7-7785-4979-99c5-c8d847600390','3c8d52ae-2e9b-4fc1-b00e-663af234a3b1',1,'Molestiae odio hic minima molestias dolore et impedit. Provident et laudantium consequatur voluptate voluptas. Fugit occaecati et voluptatem dolore cumque molestiae quo.',7,'2024-01-30 14:21:11','2024-01-30 14:21:11'),('9712c58e-5a0d-47a9-a031-756f17e849b1','28d82158-1b2f-446d-bc78-d272017b9b2d','a3489374-7753-4be8-80f7-3b9cfede976d',3,'Quibusdam quia reiciendis quibusdam non. Et qui excepturi blanditiis saepe suscipit vel. Et officia nihil ut quidem blanditiis pariatur.',57,'2024-01-30 14:21:11','2024-01-30 14:21:11'),('98048a0f-dbc9-499a-84ed-28e53d58c5c6','5c89b1db-d5fb-4a6f-9da7-a4fc6ff52d56','0072bc75-0e9c-4294-8d40-402abd9261a0',4,'Veritatis quia dolorem voluptas reprehenderit sed. Iste autem ut quo. Voluptas ducimus doloribus iusto nostrum.',84,'2024-01-30 14:21:11','2024-01-30 14:21:11'),('9a432141-4948-4987-b7f2-34de3b9cbdc3','7c2dd58f-d0a8-4195-849b-11df1f059797','f4fb6f32-2871-4ab4-a0d2-ad28edb356b8',4,'Ea repellendus qui tempore inventore repellat fugiat doloremque. Quo et in dolor debitis enim quis nisi. Quia illo voluptate illum et.',1,'2024-01-30 14:21:11','2024-01-30 14:21:11'),('9cc0ad26-0feb-4e0f-8bac-bd8283af12d7','5c89b1db-d5fb-4a6f-9da7-a4fc6ff52d56','70608146-01d1-4df9-be29-e0f9822e3af2',1,'Nihil nesciunt tenetur natus quisquam maxime. Vitae ut tenetur itaque ut fuga nobis laborum. Nisi sunt corporis cum impedit. Sunt impedit sapiente aut dignissimos quisquam molestias.',2,'2024-01-30 14:21:11','2024-01-30 14:21:11'),('9d8f0481-c06b-4c67-8a57-a4e94cc035d4','502e56f4-79fd-4129-ba47-184f3c974b5f','f8a18596-3a97-4925-8f63-cb62ef647da9',1,'Saepe incidunt reiciendis amet eum minima porro. Id quo tempora tempora. Rerum perferendis modi consequatur fuga.',6,'2024-01-30 14:21:11','2024-01-30 14:21:11'),('9eb9cd4c-97aa-46b4-85ea-7cbf5285e551','0fe94e6e-76e3-4c03-b73c-9e386a07384e','96d22a59-afe4-418b-9c06-57241a541fc6',2,'Nobis reiciendis aut culpa voluptates. Distinctio et rerum dignissimos repellendus libero. Sed dolore reprehenderit dolor praesentium.',32,'2024-01-30 14:21:11','2024-01-30 14:21:11'),('9f901910-6fbb-404b-8dfe-7d0689630ad1','cdf37ec8-44d9-405f-bba1-96c2c19acc86','40036af2-c271-4c12-9bc9-96d97a34e1c0',2,'Quia quo nihil qui magnam minus beatae ex. Et fugit quo est ullam nihil itaque. Consequatur atque aut occaecati deleniti sapiente possimus illum expedita.',4,'2024-01-30 14:21:11','2024-01-30 14:21:11'),('a01f3d9c-2228-4fca-bf48-685dc3ae813f','7dd429ee-4d3e-434c-8db2-d070aa972e1c','f8a18596-3a97-4925-8f63-cb62ef647da9',4,'Vel dolor praesentium hic dignissimos similique. Qui aliquam id hic in enim ex quia. Ea occaecati blanditiis et voluptatum et aliquid cum.',0,'2024-01-30 14:21:11','2024-01-30 14:21:11'),('a0a7600f-4701-4771-9478-d2d83ad052c8','f9b8f375-8a6a-47d6-b322-2c3446cec6d8','fbdfaa7b-5ce2-4902-9774-5bc6a11ac4a0',1,'Et perferendis molestiae enim voluptatibus. Tenetur consectetur nihil aut minus. Consequuntur quo animi aut sapiente iste. Alias sed eos esse doloribus in fugit animi placeat.',78,'2024-01-30 14:21:10','2024-01-30 14:21:10'),('a0d69621-8110-4e95-9e70-3b6cb2cef605','d4197b66-a316-47a7-8329-b21feae3050e','7ad23043-4e5d-4e54-a91d-d30314a1c8b7',4,'Suscipit eos cumque exercitationem aut consectetur sed magni. Minima quos quia perspiciatis quo. Aperiam architecto officiis cupiditate laudantium quaerat. Distinctio eum quaerat minus.',4,'2024-01-30 14:21:11','2024-01-30 14:21:11'),('a4459e16-ed54-4771-a5cd-58fd7f6ad36f','b71178f5-33db-4840-ae96-b72cdf03f258','1bc0cbb4-7607-4bc2-8616-5f8cb6c061e9',2,'Ut qui asperiores eum. Ullam pariatur eum eum similique. Consequuntur aut laborum possimus incidunt eveniet totam nobis. Accusamus amet suscipit fugiat est libero dolores.',18,'2024-01-30 14:21:11','2024-01-30 14:21:11'),('a5b26bf2-e4d9-4501-a0aa-f3918886a78c','2a0f3edd-0bec-4dba-92d1-d5175bb9d211','78947f09-7143-4f06-8dd1-1fa25f496d9a',3,'Officia suscipit error et voluptatem. Dolorum aperiam consequatur a animi asperiores ut. Provident velit dolore cumque ex. A quia dignissimos aut dolorem tempora vero aperiam.',24,'2024-01-30 14:21:11','2024-01-30 14:21:11'),('aaf3a178-8831-47dc-b8b3-e5459274aa28','5c89b1db-d5fb-4a6f-9da7-a4fc6ff52d56','2df6e06b-ca85-4fee-a1db-e8a21caacdd4',1,'Officiis distinctio modi est molestiae. Pariatur illo nam pariatur iste. Quasi iusto nam autem recusandae. Repudiandae id est ducimus dolorem perspiciatis ea.',33,'2024-01-30 14:21:11','2024-01-30 14:21:11'),('acbad875-bc85-4803-9baf-c935ade6a421','b8d6ef87-0c39-4a06-a8d7-c1989ea904de','14f30992-265f-45d1-afb4-269f56051a36',1,'Eum velit sit ut. Aut vero fuga maiores quam quidem aut qui ratione. Iure deleniti nesciunt fuga eius consectetur.',7,'2024-01-30 14:21:11','2024-01-30 14:21:11'),('ae5a5b9f-69a7-4244-a8ad-75e31dbc59e3','dfafe12f-6777-419a-b154-89685d72f2f3','96d22a59-afe4-418b-9c06-57241a541fc6',1,'Voluptatibus voluptates ullam sunt dolores maxime distinctio. Tenetur iure reiciendis eius aspernatur.',17,'2024-01-30 14:21:11','2024-01-30 14:21:11'),('b05f5f4e-d795-4773-9277-4205f0378bff','8f2ae499-cba3-4187-a541-094828242015','f785b10b-b699-45ab-8cf7-1ff6f2eb7429',4,'Perferendis distinctio inventore quia hic veniam saepe. Et omnis odio praesentium omnis. Nihil ducimus quidem enim debitis inventore quo. Rerum fugiat voluptas quas rerum.',3,'2024-01-30 14:21:11','2024-01-30 14:21:11'),('b0c59043-18e0-4ebe-956d-57648f430202','d709fe54-bf43-4390-b042-e20dfa55ec2a','2ca75df0-908b-431c-b612-300deec89edc',1,'Officia modi omnis omnis aperiam ducimus optio. Eligendi qui molestias excepturi quis exercitationem sed voluptas. Expedita quia quaerat fugiat repudiandae saepe eaque.',17,'2024-01-30 14:21:11','2024-01-30 14:21:11'),('b1b97f4a-e45a-4bcb-b116-b937a08d1160','a9370c0b-e01f-4b93-8ce4-0f01fbcba058','ad0e9eb8-3922-496d-ae53-af49690199b5',2,'Quo et natus vel autem saepe. Reprehenderit laborum sit laborum porro rerum ea. Et beatae optio facere pariatur. Adipisci ut vel est quae.',2,'2024-01-30 14:21:11','2024-01-30 14:21:11'),('b4e9b8fc-fca1-487f-aafc-f8275aa94b97','356c3422-9792-43da-8ae3-7e2b2eb6b3ce','3a526da1-32f0-4a8e-a6f9-5cbbe31a706d',3,'Aut fugit eos consequatur illo. Dolores quis doloribus iusto eius tenetur neque natus. Quis fugit voluptatum pariatur exercitationem.',38,'2024-01-30 14:21:11','2024-01-30 14:21:11'),('b58e2e05-662c-48f6-9a47-91cba9cebd0e','92bfb97b-6942-45a6-9850-53e1eaf10811','5a60b2cd-1c6e-4fdd-99b8-bfdb8e73d182',4,'Tempore dignissimos libero quaerat et totam voluptatum. Fugit repellat et enim perspiciatis aspernatur. Nisi amet dolor nam id deserunt quos voluptatem. Occaecati rem consequatur aspernatur maxime.',17,'2024-01-30 14:21:11','2024-01-30 14:21:11'),('b5d0e1ed-8fbf-46da-93c3-fd97629fb73d','92bfb97b-6942-45a6-9850-53e1eaf10811','40036af2-c271-4c12-9bc9-96d97a34e1c0',3,'Occaecati facere dolores in et ratione voluptatum. Est at atque et sapiente. Et et itaque impedit voluptatibus eaque qui et. Sit in dicta modi corporis ipsa architecto.',1,'2024-01-30 14:21:11','2024-01-30 14:21:11'),('ba108dbd-6070-405f-9366-f486ff82276c','855e8807-57be-4094-8184-1ae8112816c4','5db481b2-73e8-42df-8491-a795f19511de',1,'Asperiores est et quae et. Quis cumque consequatur alias sed sit ipsa necessitatibus. Omnis quam eaque similique possimus aut incidunt. Amet officiis ut nam autem.',36,'2024-01-30 14:21:11','2024-01-30 14:21:11'),('c02d83b9-3185-46be-a6be-2b4e71081450','28d82158-1b2f-446d-bc78-d272017b9b2d','338ab4f1-c4eb-45e8-8bac-3d683bcc2207',3,'Quo molestiae sapiente laudantium sunt blanditiis fugit. Est rem pariatur est. Ea modi nulla quo. Tenetur quia consequatur qui quasi quia.',9,'2024-01-30 14:21:11','2024-01-30 14:21:11'),('c11b2208-a46e-458e-8b60-d548bff44e02','cb5f9291-e575-4380-8931-492cd05c9142','14f30992-265f-45d1-afb4-269f56051a36',1,'Rerum animi ut aliquid dolor quia molestiae voluptatem. Id voluptas consequatur molestias nesciunt dolorem quia quam. Quis eum ut architecto in.',32,'2024-01-30 14:21:11','2024-01-30 14:21:11'),('c1d9cfd1-d848-46eb-ad03-82771a3e5105','cdf37ec8-44d9-405f-bba1-96c2c19acc86','1bc0cbb4-7607-4bc2-8616-5f8cb6c061e9',4,'Velit veniam ea amet labore quo hic. Voluptas incidunt optio omnis culpa et. Aut quia quibusdam sit rerum ducimus voluptatem. Velit et a vero ipsam autem id.',17,'2024-01-30 14:21:11','2024-01-30 14:21:11'),('c21c0c92-ef14-4c3d-9594-dae8fa2bafdc','d3fcfcb7-7785-4979-99c5-c8d847600390','1bc0cbb4-7607-4bc2-8616-5f8cb6c061e9',4,'Excepturi explicabo debitis ducimus. Enim aut quasi non aspernatur ut praesentium. Delectus error ea ut minima sapiente quia. Aut molestiae totam totam vel distinctio blanditiis odio.',23,'2024-01-30 14:21:11','2024-01-30 14:21:11'),('c22bcebf-920a-4f4b-ae08-50e677346dd2','cb5f9291-e575-4380-8931-492cd05c9142','c8aa7cd9-8f32-4823-944a-bddc9be2c543',1,'In excepturi cumque omnis. Excepturi assumenda dolor ipsum. Ipsum neque quae eaque quaerat molestiae non veniam.',19,'2024-01-30 14:21:11','2024-01-30 14:21:11'),('c22ccf6c-0d54-425c-9222-44e0429efcda','42676c79-3487-42b0-b827-d46a430e15b8','74e4231b-941e-4eea-8a15-c993e77c8341',2,'Nisi quis optio enim alias qui recusandae rerum. Blanditiis quia nisi similique non vitae est aut.',41,'2024-01-30 14:21:11','2024-01-30 14:21:11'),('c26d1d1f-efaa-40ad-9a77-2764e6168773','05a24870-f030-4631-a14e-3734a665dd0b','1fe05d71-b16e-4940-967f-4551645ce145',2,'Molestiae quia aut eum minus sit voluptatum. Amet qui nostrum quaerat ut ea. Laborum quidem perferendis et sed impedit aut. Sed quis quis labore. Fugiat vel aliquid et id doloremque.',29,'2024-01-30 14:21:11','2024-01-30 14:21:11'),('c363c0b3-61ab-41ab-aadc-c6427a7493d1','61a6eab1-b9cf-456c-9a1c-9ee6025d2ede','c8aa7cd9-8f32-4823-944a-bddc9be2c543',1,'In dolor modi eum. Et deleniti non fugit assumenda cum assumenda rerum.',58,'2024-01-30 14:21:11','2024-01-30 14:21:11'),('c3bc5212-d915-45a3-a400-6e904b2237b4','d4197b66-a316-47a7-8329-b21feae3050e','846bbb25-3763-426a-adf3-4b801adbf01f',2,'Tempora nihil in provident. Sed totam fugit consequatur. Fugiat doloremque ea qui vel officiis. Eos est sint et perferendis aut velit. Quaerat error aut velit facere.',4,'2024-01-30 14:21:11','2024-01-30 14:21:11'),('c3d2a057-3b70-4411-a280-029aa899ce17','f6be5930-24d9-4dd5-891e-4e81ad273254','2ca75df0-908b-431c-b612-300deec89edc',1,'Vitae corporis ab odit temporibus consequuntur quasi illum. Consequatur assumenda unde architecto consectetur officiis enim provident. Voluptatem ipsa nam et dignissimos veniam est rerum.',13,'2024-01-30 14:21:11','2024-01-30 14:21:11'),('c400568e-7f62-4c1a-a5e5-41a37dcaf578','daf0f1ff-5f39-4105-8e16-56214a55d05c','1fe05d71-b16e-4940-967f-4551645ce145',2,'Accusantium molestiae omnis consequuntur et repudiandae vero. Qui sit officia ut commodi illo minus sed repellendus. Saepe doloribus nulla odit laboriosam.',23,'2024-01-30 14:21:11','2024-01-30 14:21:11'),('c431048f-dbad-4a35-bea1-43ea8755ad54','7dd429ee-4d3e-434c-8db2-d070aa972e1c','338ab4f1-c4eb-45e8-8bac-3d683bcc2207',4,'Amet sint iure eum iste. Magnam voluptas distinctio sequi illo minima. Dolorum aut provident enim veritatis.',28,'2024-01-30 14:21:11','2024-01-30 14:21:11'),('c520f1e7-b4ff-49f8-88ea-7b627ff1c50f','1f13466f-6a9b-489b-a49d-bc4329b06f3b','0072bc75-0e9c-4294-8d40-402abd9261a0',1,'Accusantium et eveniet inventore aut. Aspernatur nobis sit eveniet autem repellendus architecto facere.',44,'2024-01-30 14:21:11','2024-01-30 14:21:11'),('c5abdc17-0f67-4262-976c-b9b9b949ef11','0fe94e6e-76e3-4c03-b73c-9e386a07384e','338ab4f1-c4eb-45e8-8bac-3d683bcc2207',2,'Non omnis neque reprehenderit aut excepturi nihil. Ea aut at ut quod dolor et non.',8,'2024-01-30 14:21:11','2024-01-30 14:21:11'),('c8a6e6ea-a1e0-468e-92c1-421ebf48a724','69590b68-7291-4601-93e4-c91ee6682cbe','b79662f8-fce9-44b6-ac46-91c1fd11a55d',4,'Quae ipsa quos facilis quidem quo deserunt. Commodi quae doloribus rerum commodi commodi. Reiciendis impedit nemo laudantium dicta cumque ut.',58,'2024-01-30 14:21:11','2024-01-30 14:21:11'),('cb8f0898-669d-49cd-9a97-32a5fd5a102d','36b79414-73fc-49ba-a8df-01b3dc6a9cb6','52c41bb1-085b-4b8a-a361-387c5996a8d7',1,'Occaecati unde neque temporibus aut facilis. Nemo reiciendis quod dolores neque iste ut eligendi fugit. Ut incidunt molestiae aperiam qui consectetur.',85,'2024-01-30 14:21:11','2024-01-30 14:21:11'),('cb919c2f-7ca9-4d7b-bd76-b7f456b8d584','356c3422-9792-43da-8ae3-7e2b2eb6b3ce','a3489374-7753-4be8-80f7-3b9cfede976d',4,'Aliquam id at molestias omnis sit quia. Recusandae ipsum id ratione veritatis esse eum sint. Autem aut doloribus amet cumque voluptate possimus. Omnis voluptas quis et qui et.',21,'2024-01-30 14:21:11','2024-01-30 14:21:11'),('cbc6e60c-2791-487e-a685-6fa75ec11177','4cd7f61e-7ed5-4ff4-a20c-23441847f952','f4fb6f32-2871-4ab4-a0d2-ad28edb356b8',1,'Tempore incidunt quasi est quo eos. Hic est sunt fugit a consectetur rem est. Voluptas voluptas quibusdam distinctio eum quos nulla consectetur non. Voluptas enim possimus vero ut.',3,'2024-01-30 14:21:11','2024-01-30 14:21:11'),('cc69265f-c83e-4249-be67-530147cf34d1','87464a67-1eb9-43cc-b51c-75de921d05b4','74b3ee8d-f55d-424e-86c4-56b658ff68a7',4,'Quas quia id est pariatur nesciunt. Dolor quia id autem sit odio. Voluptatem ut sequi quia quia. Dolorum qui quia consequuntur sunt soluta incidunt sapiente aut.',1,'2024-01-30 14:21:11','2024-01-30 14:21:11'),('cc778d36-a670-43d3-b1ef-a3ef1195e013','35bdce56-0d81-481f-849c-349964ca20f4','12650147-112b-4fe6-81fd-b5e27e4c7ad1',3,'Eum ad molestiae consequatur facere. Aperiam molestiae aut laborum praesentium aut consequatur. Est eligendi repellat soluta nesciunt minus. Aut velit accusamus sit.',61,'2024-01-30 14:21:11','2024-01-30 14:21:11'),('ce04639d-d22d-486e-b2fb-4037a2e1bd6b','8b1a404d-6e9d-4c29-810d-9032a77fc9c9','846bbb25-3763-426a-adf3-4b801adbf01f',3,'Libero iusto sint quaerat officiis et. Ut est distinctio perspiciatis voluptatem id repellat molestiae eius.',1,'2024-01-30 14:21:11','2024-01-30 14:21:11'),('cecb9200-8551-4700-a9f8-1cd79136bb47','855e8807-57be-4094-8184-1ae8112816c4','2ca75df0-908b-431c-b612-300deec89edc',2,'Natus omnis ipsum quod a et. Eos et enim officiis quia omnis aut pariatur odio. Rem quia reiciendis temporibus magnam ab quia nesciunt.',19,'2024-01-30 14:21:11','2024-01-30 14:21:11'),('cf9fb973-f308-4520-b36e-c61dd4789f12','cebdc6ef-bc59-4bed-be48-760762c7dd04','f9535ab3-6447-4f3e-942d-400cea226a39',1,'Autem molestiae aut quia. Quo numquam aut earum quasi odit nisi facilis. Et ut consectetur qui id dolorem quis. Voluptatem earum adipisci reiciendis et beatae. Quasi eius veniam aperiam ad fuga.',10,'2024-01-30 14:21:11','2024-01-30 14:21:11'),('d1299e3d-1876-49d3-9fb8-399eee4a5e32','53228600-cd0e-48f1-9367-aa72196a2248','3f7a242e-b9cc-4e5b-ab7a-561979cd878d',2,'Deserunt fugit quisquam aliquid ea temporibus doloribus. Voluptates odio in sunt nobis non. Dolor totam rerum dolore qui.',4,'2024-01-30 14:21:11','2024-01-30 14:21:11'),('d3bb2d67-8f3f-42fa-be6d-d1ee287480ab','fd9d2d6d-a64a-4ded-8aa7-ebb2efdbd40d','b7fd702d-11c8-42a2-ab9c-317442cf7bba',3,'Laboriosam quo rerum dolorum eaque non iure. Impedit in distinctio occaecati at repellat earum. Sapiente perspiciatis iure quia placeat.',25,'2024-01-30 14:21:10','2024-01-30 14:21:10'),('d4621e91-cfa7-47ab-ba27-275c09691351','da10744b-b7a0-443a-ae3d-4c00cc203605','b7fd702d-11c8-42a2-ab9c-317442cf7bba',4,'In architecto aliquam velit qui vel doloremque. Voluptatem odio labore nesciunt et cum ipsam dicta veritatis. Quidem non aut reiciendis consectetur accusantium corrupti earum voluptatum.',8,'2024-01-30 14:21:11','2024-01-30 14:21:11'),('d4b0ef88-a2df-4cf9-8a3c-07af7017bdfa','a257603b-a728-441e-a78e-a656a11c7905','4821a071-71a2-43ed-9c55-f61bd75c75c3',1,'Eaque eligendi molestias corrupti ipsum. Odio animi dolorum pariatur et officia recusandae.',5,'2024-01-30 14:21:11','2024-01-30 14:21:11'),('d5417789-e8df-4cc6-808b-1d3983fefe26','61e9cd0f-4db8-4d89-a4da-24269a13264b','f4fb6f32-2871-4ab4-a0d2-ad28edb356b8',4,'Rerum eum molestiae reprehenderit fugit eveniet voluptas quasi. Amet quae velit et qui deserunt.',8,'2024-01-30 14:21:11','2024-01-30 14:21:11'),('d64133be-7947-4964-9ce9-a0e20111d730','d4197b66-a316-47a7-8329-b21feae3050e','12650147-112b-4fe6-81fd-b5e27e4c7ad1',4,'Ex iure molestiae ipsum et reprehenderit. Sed quo et fuga. Possimus iure sit voluptatem consequuntur.',9,'2024-01-30 14:21:11','2024-01-30 14:21:11'),('d73b2f87-714e-48da-9a13-fa363a544732','3fdddd39-b0be-4adf-a6f4-6088c99dae92','14f30992-265f-45d1-afb4-269f56051a36',1,'Minus error non exercitationem voluptate. Quis omnis eos nihil amet nihil. Rem maxime est reiciendis iusto itaque eius maiores.',16,'2024-01-30 14:21:11','2024-01-30 14:21:11'),('d84ce785-6cd4-4313-8589-3c2d8b371553','79346667-07bb-4520-8f96-bb184cbdf3cc','f785b10b-b699-45ab-8cf7-1ff6f2eb7429',2,'Expedita ut aperiam placeat atque. Praesentium quia rerum laudantium iusto repudiandae. Sit autem veniam magnam ut nisi est provident.',0,'2024-01-30 14:21:11','2024-01-30 14:21:11'),('dc79c714-188a-4ac6-985f-64c90a754483','365d52bf-0597-4f08-894b-890a1a48d8e6','2ca75df0-908b-431c-b612-300deec89edc',2,'Aut rem ut minus cupiditate corporis a accusamus quam. Perspiciatis adipisci quibusdam libero ut culpa.',15,'2024-01-30 14:21:11','2024-01-30 14:21:11'),('dd1a2a81-d445-4706-a75c-a4e6ec3335e1','0db3eae5-4005-45c3-8521-0bef6836125a','fbdfaa7b-5ce2-4902-9774-5bc6a11ac4a0',4,'Architecto incidunt quam dolorem sint est aliquam voluptate. Et aut dolores vitae ut ullam quia. Et voluptatem vel eveniet dolorem blanditiis commodi qui.',80,'2024-01-30 14:21:11','2024-01-30 14:21:11'),('dd85184b-6ad8-4375-81fd-6806c74f0948','f2a2eb3f-b41c-49e3-99fd-55030d1c5243','6f324ce8-bba8-4da7-8b01-efa106ec62b7',4,'Ut hic et minima nihil illo cupiditate distinctio. Qui inventore animi aliquid. Possimus facilis dolor veritatis.',61,'2024-01-30 14:21:11','2024-01-30 14:21:11'),('de46302a-82e3-48b7-b871-7a96ec625a99','61a6eab1-b9cf-456c-9a1c-9ee6025d2ede','5a60b2cd-1c6e-4fdd-99b8-bfdb8e73d182',1,'Quo explicabo adipisci autem. Vel id vel ex. Pariatur ut ducimus consequatur adipisci molestiae. Quos quaerat explicabo dolores quis laboriosam eos nesciunt.',3,'2024-01-30 14:21:11','2024-01-30 14:21:11'),('de7a2b7c-98ba-41d9-8068-055b960f5eb2','e811def5-18c7-4917-b668-96512250ada6','3f7a242e-b9cc-4e5b-ab7a-561979cd878d',1,'Eaque corporis iste sunt recusandae et in. Nemo soluta enim sed minus. Voluptatem laborum tempore doloremque voluptate.',14,'2024-01-30 14:21:11','2024-01-30 14:21:11'),('e1c28e0e-3d80-4c5b-b7a3-d28bf6ed1e24','35bdce56-0d81-481f-849c-349964ca20f4','c8aa7cd9-8f32-4823-944a-bddc9be2c543',4,'Tempore provident ullam in doloremque neque. Qui dolore voluptas odio qui. Et rerum voluptatem deleniti eaque aut voluptatibus accusantium.',33,'2024-01-30 14:21:11','2024-01-30 14:21:11'),('e213d975-fb49-48af-a116-18675af4e40a','6c5e3e73-8123-422f-8305-388e49055330','c8aa7cd9-8f32-4823-944a-bddc9be2c543',1,'Nobis id vel ut quia asperiores voluptas. Blanditiis sapiente est dolorum perferendis id et. Et rerum eligendi ab sit aut occaecati. Ipsa iste vel doloribus et et.',36,'2024-01-30 14:21:11','2024-01-30 14:21:11'),('e24005e9-9414-424a-9746-bf7312905270','d3fcfcb7-7785-4979-99c5-c8d847600390','78947f09-7143-4f06-8dd1-1fa25f496d9a',1,'Voluptas est sed harum omnis. Dicta quis mollitia sunt et. Quo omnis itaque sequi dolorem est nihil deserunt. Quia eaque dolores qui voluptatem tenetur. Ab quas nobis omnis ab quaerat et.',6,'2024-01-30 14:21:11','2024-01-30 14:21:11'),('e2db72a8-a828-409e-be1e-f8841a4fc793','132cdee6-8de2-4642-95f5-54ec4c577c0c','7ad23043-4e5d-4e54-a91d-d30314a1c8b7',3,'Est quo tempore quia tempore architecto. Iure quaerat modi eos eligendi numquam. Dolores placeat soluta quos quam non.',1,'2024-01-30 14:21:11','2024-01-30 14:21:11'),('e35eb9d2-de3d-42cb-9d13-02c93e593563','931af2ab-3a1a-4883-960a-67089d222f11','ad0e9eb8-3922-496d-ae53-af49690199b5',3,'Harum voluptatem eius debitis fugiat adipisci. Cumque ipsa assumenda aut repellendus expedita rerum voluptas. Delectus quis hic ratione aliquid. Repellendus earum non voluptatem dicta architecto.',0,'2024-01-30 14:21:11','2024-01-30 14:21:11'),('e361f2bd-7aa9-4785-9f41-404b767e2d76','009e5bb1-8c8a-4e63-830f-a36cd8c8244f','846bbb25-3763-426a-adf3-4b801adbf01f',2,'Voluptas tempora omnis natus delectus. Animi officiis unde veritatis sed. Est consequatur veniam ex reiciendis aliquam et id rerum.',1,'2024-01-30 14:21:11','2024-01-30 14:21:11'),('e42787ba-059f-4a59-8924-5a9a113ad9f3','92bfb97b-6942-45a6-9850-53e1eaf10811','2df6e06b-ca85-4fee-a1db-e8a21caacdd4',3,'Occaecati rerum possimus temporibus tempore non aspernatur. Et eligendi quasi quia vitae. Est nemo molestiae aut non aliquam distinctio.',25,'2024-01-30 14:21:11','2024-01-30 14:21:11'),('e5ec48a2-a855-42b6-82b0-1e86c4d8975e','617a39fc-78bf-4351-81bc-0cc820882702','3f7a242e-b9cc-4e5b-ab7a-561979cd878d',2,'Similique sed odit rerum at eum dignissimos. Exercitationem nihil dolor illum ad. Illo excepturi autem aliquam repellendus vel illo.',60,'2024-01-30 14:21:11','2024-01-30 14:21:11'),('e5f00677-c0e8-46d3-82bb-8002a6f5d5e8','28d82158-1b2f-446d-bc78-d272017b9b2d','29ad7e08-890c-410b-be78-76810619fe47',1,'Magnam nostrum ratione et. Dolor voluptate cupiditate dolores nobis. Et quo laborum et. Ipsum culpa et in a.',87,'2024-01-30 14:21:11','2024-01-30 14:21:11'),('e6f4a535-f7f2-4262-830e-2dbd86c30e6c','8b1a404d-6e9d-4c29-810d-9032a77fc9c9','fbdfaa7b-5ce2-4902-9774-5bc6a11ac4a0',1,'Corrupti enim ut quis. Deserunt voluptas fugiat qui rerum. Molestiae et quisquam sit possimus magnam qui ratione. Occaecati numquam dolore repudiandae ut ipsum doloremque.',88,'2024-01-30 14:21:11','2024-01-30 14:21:11'),('ea0628fa-10d9-4c15-8eb8-05aa84a67aa8','617a39fc-78bf-4351-81bc-0cc820882702','5db481b2-73e8-42df-8491-a795f19511de',1,'Sed et quibusdam voluptatibus rerum qui. Minus provident quas minima. Aut fuga eum harum voluptatum inventore. Rerum quis omnis id culpa.',26,'2024-01-30 14:21:11','2024-01-30 14:21:11'),('ea8780d9-4e7c-4a70-ae12-c0a0f2cf9695','b71178f5-33db-4840-ae96-b72cdf03f258','1bc0cbb4-7607-4bc2-8616-5f8cb6c061e9',2,'Nulla esse tempore voluptatem quos ut labore totam consequuntur. Inventore magni est ullam officiis quibusdam. Id est ut voluptatem a omnis dolorum.',16,'2024-01-30 14:21:10','2024-01-30 14:21:10'),('ec2efd05-4421-498f-be45-14f5d78e66ee','c0cbb9fe-9b25-4ec7-9e0b-2998a0e2aee6','f242dd15-0b6c-422d-8aa0-297531ed08d3',3,'Officia ut repellat est temporibus quaerat pariatur. Nam nulla velit ducimus asperiores. At aut harum atque id aut.',9,'2024-01-30 14:21:11','2024-01-30 14:21:11'),('edf7cc17-c56f-4574-9c9a-1385bddbc453','c74497d5-943b-452c-8503-a2f0e1675708','3f7a242e-b9cc-4e5b-ab7a-561979cd878d',2,'Commodi ad eaque eos excepturi. Non ex eos dolore facilis perferendis laboriosam veniam. Fugiat expedita quam modi iusto.',30,'2024-01-30 14:21:11','2024-01-30 14:21:11'),('ef9fd303-0feb-4c8c-9f2f-ff3a9064333a','e3117125-b7ef-43c3-80df-66a0cc57fe92','0c22f297-93ba-40e8-bc22-28d4416f8af1',2,'Officia reiciendis voluptates quia molestias ipsa ab. Corrupti quidem pariatur est. Pariatur consequatur aut voluptatem assumenda ad sint ex. Enim molestiae vitae corporis.',22,'2024-01-30 14:21:11','2024-01-30 14:21:11'),('f03a8b65-b5f8-4e80-a6ca-feb720a6e341','40760330-bec4-43f5-92a9-4a832393f831','fbdfaa7b-5ce2-4902-9774-5bc6a11ac4a0',4,'Explicabo deleniti soluta saepe eos id reiciendis quia. Pariatur delectus ut unde perspiciatis numquam corporis. Quo similique autem fugit consequatur qui expedita. Nesciunt velit id quos nulla.',70,'2024-01-30 14:21:11','2024-01-30 14:21:11'),('f0564226-3b56-4a6f-b27c-29e0ed5707d1','3f11bbae-b2a5-4b39-bcb8-25d9f97f20db','29ad7e08-890c-410b-be78-76810619fe47',4,'Illo at corrupti perspiciatis ut eos voluptas error. Cum porro et omnis fugit voluptatem assumenda. Inventore est est in possimus error.',69,'2024-01-30 14:21:11','2024-01-30 14:21:11'),('f1ee28ab-041e-48a3-bf08-19e806c760bd','c74497d5-943b-452c-8503-a2f0e1675708','74b3ee8d-f55d-424e-86c4-56b658ff68a7',3,'Mollitia sunt voluptatem quasi qui fuga voluptate. Quo non numquam excepturi. Sed aut ea aut aliquam fuga debitis. Repudiandae placeat odio eum corporis.',2,'2024-01-30 14:21:10','2024-01-30 14:21:10'),('f2a5f08b-1f5d-4fd4-8213-c69e7d74273e','dfafe12f-6777-419a-b154-89685d72f2f3','0072bc75-0e9c-4294-8d40-402abd9261a0',4,'Dicta a ratione exercitationem a saepe natus sapiente ea. Exercitationem qui ipsum saepe ipsa hic eum. Deleniti et rem laudantium voluptatem recusandae. Qui tempore molestiae laudantium voluptatem.',58,'2024-01-30 14:21:11','2024-01-30 14:21:11'),('f668b2d7-7539-49bd-80fc-dcd9bf44a524','fd9d2d6d-a64a-4ded-8aa7-ebb2efdbd40d','846bbb25-3763-426a-adf3-4b801adbf01f',2,'Ut aperiam laboriosam molestias beatae corrupti vero et. In cupiditate similique sit eum similique unde.',2,'2024-01-30 14:21:11','2024-01-30 14:21:11'),('f6bfa4fa-a289-4569-b080-ab08db1c60a7','f9b8f375-8a6a-47d6-b322-2c3446cec6d8','a3489374-7753-4be8-80f7-3b9cfede976d',4,'Voluptas totam neque adipisci at. Architecto explicabo voluptate ab eum. Sed animi dolorum veniam qui et et. Ut est accusantium illum eos aut quia.',24,'2024-01-30 14:21:11','2024-01-30 14:21:11'),('f82e3cbc-61cf-4746-b994-7eef2742347d','855e8807-57be-4094-8184-1ae8112816c4','c5eec628-5eed-4eff-ad70-db78f28092ff',2,'Expedita sapiente ea provident doloremque aliquid ut porro. Dolorem corrupti quia voluptatibus dolor ullam. Non ipsam rem reiciendis aspernatur tempore vero quaerat.',3,'2024-01-30 14:21:11','2024-01-30 14:21:11'),('fa3e81fa-a545-463c-8706-e46e594259e7','f9b8f375-8a6a-47d6-b322-2c3446cec6d8','c8aa7cd9-8f32-4823-944a-bddc9be2c543',3,'Ipsam fugiat nostrum molestiae dolorum cumque quis distinctio. Fugiat quos quo velit nostrum aliquam et. Sequi eveniet consequatur in.',31,'2024-01-30 14:21:11','2024-01-30 14:21:11'),('fa555aa4-8e02-47b6-80fe-c5fc0a6d99d5','5c89b1db-d5fb-4a6f-9da7-a4fc6ff52d56','1765dd0e-9767-4da4-9204-093ccb821d7f',2,'Asperiores vel soluta dolores dolorum ut deserunt deserunt in. Aut et libero iusto vel aut nihil ullam nam. Maxime tempore ipsa inventore ullam eaque quae eos.',12,'2024-01-30 14:21:11','2024-01-30 14:21:11'),('fb1e768a-dce7-420a-b5f0-ecf771ba4af9','a8227b17-cd2a-4f05-a1fe-b498a2f3ae31','7ad23043-4e5d-4e54-a91d-d30314a1c8b7',2,'Mollitia dolor rerum rerum vel. Laboriosam laborum aut doloribus. Consequatur voluptatem sit et repellat necessitatibus. Hic libero sed ad architecto aut distinctio.',4,'2024-01-30 14:21:11','2024-01-30 14:21:11'),('fbb79598-755b-4e7d-bcc6-8c962e934992','944ef95f-1360-4b89-bfb7-236d2b575ad7','40036af2-c271-4c12-9bc9-96d97a34e1c0',2,'A molestiae quam est hic exercitationem. Ratione velit error vitae quam sit. Id culpa voluptates beatae est et. Nam eaque illum qui ut similique ut suscipit.',1,'2024-01-30 14:21:10','2024-01-30 14:21:10'),('fc320ca2-7e70-44e0-b171-485fe1d24bdd','d5f24768-bacd-4b2c-b64b-2d21ed50e54d','f8a18596-3a97-4925-8f63-cb62ef647da9',2,'Ullam nisi distinctio magni beatae sit. Qui aut aspernatur id sequi sint illum eum. Doloribus sunt magnam rerum ut laborum minus ad voluptatem. Velit dolore molestiae reprehenderit a rerum aut ut.',7,'2024-01-30 14:21:10','2024-01-30 14:21:10'),('fd4a67e9-73da-46cf-9281-6deef32b5e5d','365d52bf-0597-4f08-894b-890a1a48d8e6','5a60b2cd-1c6e-4fdd-99b8-bfdb8e73d182',2,'Eaque velit voluptatem modi a officiis quos cupiditate. In nobis quam modi doloribus dolorum. Dolor provident amet eos qui et. Repellat expedita veritatis quod sed quidem.',20,'2024-01-30 14:21:11','2024-01-30 14:21:11'),('fd885d1e-0847-402b-8f8c-3387afed93f8','05a24870-f030-4631-a14e-3734a665dd0b','40036af2-c271-4c12-9bc9-96d97a34e1c0',4,'Id atque qui distinctio ut ad. Non facere ut reprehenderit repellat ea voluptatem temporibus. Soluta nulla ipsum et doloremque accusamus. Sit enim autem reiciendis veniam aut ipsum inventore.',2,'2024-01-30 14:21:11','2024-01-30 14:21:11'),('fe7f4a06-43a1-4f43-803f-819ff91f73af','0fe94e6e-76e3-4c03-b73c-9e386a07384e','b7fd702d-11c8-42a2-ab9c-317442cf7bba',4,'Quia deleniti est consequuntur sed cum. Qui ullam aperiam voluptatibus. Libero rem consequatur quisquam ut consequatur. Sit sit eligendi dolor accusamus vitae dolorum cum tempore.',19,'2024-01-30 14:21:11','2024-01-30 14:21:11');
/*!40000 ALTER TABLE `notes` ENABLE KEYS */;
UNLOCK TABLES;

--
-- Table structure for table `participation_statuts`
--

DROP TABLE IF EXISTS `participation_statuts`;
/*!40101 SET @saved_cs_client     = @@character_set_client */;
/*!50503 SET character_set_client = utf8mb4 */;
CREATE TABLE `participation_statuts` (
  `id` bigint unsigned NOT NULL AUTO_INCREMENT,
  `name` varchar(255) COLLATE utf8mb4_unicode_ci NOT NULL,
  `created_at` timestamp NULL DEFAULT NULL,
  `updated_at` timestamp NULL DEFAULT NULL,
  PRIMARY KEY (`id`)
) ENGINE=InnoDB AUTO_INCREMENT=5 DEFAULT CHARSET=utf8mb4 COLLATE=utf8mb4_unicode_ci;
/*!40101 SET character_set_client = @saved_cs_client */;

--
-- Dumping data for table `participation_statuts`
--

LOCK TABLES `participation_statuts` WRITE;
/*!40000 ALTER TABLE `participation_statuts` DISABLE KEYS */;
INSERT INTO `participation_statuts` VALUES (1,'prsent',NULL,NULL),(2,'absent',NULL,NULL),(3,'en retard',NULL,NULL),(4,'excus',NULL,NULL);
/*!40000 ALTER TABLE `participation_statuts` ENABLE KEYS */;
UNLOCK TABLES;

--
-- Table structure for table `participations`
--

DROP TABLE IF EXISTS `participations`;
/*!40101 SET @saved_cs_client     = @@character_set_client */;
/*!50503 SET character_set_client = utf8mb4 */;
CREATE TABLE `participations` (
  `id` char(36) COLLATE utf8mb4_unicode_ci NOT NULL,
  `student_id` char(36) COLLATE utf8mb4_unicode_ci NOT NULL,
  `course_id` char(36) COLLATE utf8mb4_unicode_ci NOT NULL,
  `participation_statut_id` bigint unsigned NOT NULL,
  `comment` text COLLATE utf8mb4_unicode_ci,
  `connect_at` datetime NOT NULL,
  `created_at` timestamp NULL DEFAULT NULL,
  `updated_at` timestamp NULL DEFAULT NULL,
  PRIMARY KEY (`id`),
  KEY `participations_student_id_foreign` (`student_id`),
  KEY `participations_course_id_foreign` (`course_id`),
  KEY `participations_participation_statut_id_foreign` (`participation_statut_id`),
  CONSTRAINT `participations_course_id_foreign` FOREIGN KEY (`course_id`) REFERENCES `courses` (`id`) ON DELETE CASCADE ON UPDATE CASCADE,
  CONSTRAINT `participations_participation_statut_id_foreign` FOREIGN KEY (`participation_statut_id`) REFERENCES `participation_statuts` (`id`) ON DELETE CASCADE ON UPDATE CASCADE,
  CONSTRAINT `participations_student_id_foreign` FOREIGN KEY (`student_id`) REFERENCES `students` (`id`) ON DELETE CASCADE ON UPDATE CASCADE
) ENGINE=InnoDB DEFAULT CHARSET=utf8mb4 COLLATE=utf8mb4_unicode_ci;
/*!40101 SET character_set_client = @saved_cs_client */;

--
-- Dumping data for table `participations`
--

LOCK TABLES `participations` WRITE;
/*!40000 ALTER TABLE `participations` DISABLE KEYS */;
INSERT INTO `participations` VALUES ('00ef345a-f64e-47ee-a795-170356d57ec3','390c0dcd-e036-4d57-8ea8-ad40968d0598','338ab4f1-c4eb-45e8-8bac-3d683bcc2207',4,'Id qui quia deserunt et provident aspernatur. Exercitationem animi doloremque est similique.','2014-12-27 00:48:53','2024-01-30 14:21:09','2024-01-30 14:21:09'),('078dff80-697d-462a-9cd2-63f80349e939','617a39fc-78bf-4351-81bc-0cc820882702','e5d946e7-412e-445d-b294-f8b9e45a159f',4,'Et quia facere perferendis quaerat et esse tempore. Occaecati eum illum ea eum sunt voluptas veniam non. Temporibus consequatur aut ut sint adipisci.','2014-05-10 07:44:36','2024-01-30 14:21:09','2024-01-30 14:21:09'),('0afee841-5ebd-45cf-ba30-1220618b6ab3','5ee22884-4592-43c2-9196-355a51e2bfda','338ab4f1-c4eb-45e8-8bac-3d683bcc2207',4,'Id est ratione nobis et est ratione in sit. Dolore vel itaque harum iusto quos vel. Aspernatur officia alias neque.','2022-01-18 09:08:24','2024-01-30 14:21:09','2024-01-30 14:21:09'),('0c0f8df7-dfad-46f1-bb06-752c6db0e29d','79346667-07bb-4520-8f96-bb184cbdf3cc','3c8d52ae-2e9b-4fc1-b00e-663af234a3b1',4,'Consequatur nesciunt voluptates ut eos ea sint. Ut dolores sed molestiae nisi nemo. Vel totam sit sit dolorum aspernatur velit. Et laudantium dolorem repellendus velit est.','2021-11-22 09:15:30','2024-01-30 14:21:09','2024-01-30 14:21:09'),('1103c14f-0f0e-4c92-82ce-f63d19ccba61','365d52bf-0597-4f08-894b-890a1a48d8e6','f4fb6f32-2871-4ab4-a0d2-ad28edb356b8',2,'Iusto magnam ducimus quam provident. Et harum facere excepturi non laborum odio aut libero.','2017-08-24 03:48:09','2024-01-30 14:21:09','2024-01-30 14:21:09'),('132432bd-4165-478e-80ea-d7e5c4878504','1d76c2a1-b9e6-4e3a-b819-bdf946c4cdb2','29ad7e08-890c-410b-be78-76810619fe47',4,'Sequi facere officia eos hic vel delectus alias. Ut doloribus voluptas ut adipisci voluptas ipsam. Incidunt enim corporis velit. Iure harum doloremque mollitia consequatur sed.','2019-02-15 00:14:18','2024-01-30 14:21:09','2024-01-30 14:21:09'),('1398dcde-7bec-4cbd-9df5-f1371596aede','e842fdaf-2201-4b09-baaa-4fc6585baad4','3c8d52ae-2e9b-4fc1-b00e-663af234a3b1',4,'Est sed sequi sunt hic fugit voluptates. Et veritatis excepturi magni aut. Itaque iste aut consequuntur facere quasi. Est optio officia incidunt incidunt eveniet aut.','2015-11-02 06:51:29','2024-01-30 14:21:10','2024-01-30 14:21:10'),('14ea2e86-0f33-404e-a5d2-f6f00478009a','effa2c66-87e1-4437-9935-f816c6b248a5','96d22a59-afe4-418b-9c06-57241a541fc6',2,'Quibusdam incidunt possimus consequatur repellat. Itaque asperiores accusamus ut quis. Excepturi repudiandae et quia aut sit voluptas. Ipsa error voluptatem sequi excepturi et.','2023-09-08 09:11:22','2024-01-30 14:21:09','2024-01-30 14:21:09'),('1630bbca-f494-40f0-8c79-801d236f120d','e759417f-2065-4dd5-873e-5e0c2e696846','74b3ee8d-f55d-424e-86c4-56b658ff68a7',1,'Maxime quidem itaque quibusdam at est. Provident expedita alias rerum nesciunt id et odit. Dolor perferendis esse ipsa aut maiores nesciunt officia. Corrupti maiores autem delectus aut cupiditate.','2023-07-09 19:23:44','2024-01-30 14:21:09','2024-01-30 14:21:09'),('18a553c8-73c4-40d4-a3e2-f37b0e256ffe','5ee22884-4592-43c2-9196-355a51e2bfda','2ca75df0-908b-431c-b612-300deec89edc',1,'Veniam natus qui accusantium. Tenetur amet dolorem id eos impedit dolore sunt rerum. Expedita vel aliquid repudiandae dolores incidunt enim quo.','2024-01-07 11:44:32','2024-01-30 14:21:09','2024-01-30 14:21:09'),('1a56ad34-8341-45d7-8f0c-a9bb7fd3a8d0','61a6eab1-b9cf-456c-9a1c-9ee6025d2ede','6fefcc53-9730-4e9b-917c-4205c03c9e5f',1,'Consequuntur velit voluptas sit et esse numquam. Aut corporis autem omnis magni. Autem et est eligendi aut. Similique minus occaecati aut rem nihil.','2022-03-25 18:56:18','2024-01-30 14:21:09','2024-01-30 14:21:09'),('1c4533c8-556d-4981-96ae-482592ed5a0f','cebdc6ef-bc59-4bed-be48-760762c7dd04','5db481b2-73e8-42df-8491-a795f19511de',1,'In fuga nemo nesciunt consequatur commodi quibusdam. Rerum non unde accusantium cum ut aut accusantium. Qui aliquam fugit aut sit eum temporibus at.','2020-05-19 04:23:42','2024-01-30 14:21:10','2024-01-30 14:21:10'),('1fcf37e5-56d6-4bdc-82b6-6928a6106a15','b75eb3e9-a430-4c88-95b4-0ea6fdff5835','7ad23043-4e5d-4e54-a91d-d30314a1c8b7',1,'Vero similique maxime sapiente illo. Maiores facere beatae animi aut et atque ipsum. Vitae nulla quis nam. Nostrum deleniti sed doloremque ab fugit ipsum excepturi. Fugit et nostrum vero sit.','2020-01-12 06:16:37','2024-01-30 14:21:10','2024-01-30 14:21:10'),('2432e98e-e926-474d-8f11-bac20b13a2ec','0db3eae5-4005-45c3-8521-0bef6836125a','7ad23043-4e5d-4e54-a91d-d30314a1c8b7',2,'Beatae est praesentium incidunt exercitationem cumque nesciunt. Dolores illo voluptatem nihil consequatur vel.','2023-07-11 17:52:02','2024-01-30 14:21:10','2024-01-30 14:21:10'),('25250ad9-29ff-4e47-8cf4-a22f061a004f','a9370c0b-e01f-4b93-8ce4-0f01fbcba058','ad0e9eb8-3922-496d-ae53-af49690199b5',3,'Sit magni omnis at aliquid. Quaerat ipsum qui optio eum. Inventore aut labore architecto saepe. Voluptas voluptas dolores sed ipsa aut. Atque esse molestiae voluptatem quas.','2015-06-01 23:02:17','2024-01-30 14:21:09','2024-01-30 14:21:09'),('2a456629-1799-4ffc-b88e-f49a75479387','855e8807-57be-4094-8184-1ae8112816c4','5a60b2cd-1c6e-4fdd-99b8-bfdb8e73d182',1,'Praesentium dolor ut quaerat unde voluptatem incidunt nisi neque. Et quas molestias veritatis dolorem. Qui consequatur et totam laborum quasi pariatur iste.','2017-03-11 13:54:00','2024-01-30 14:21:10','2024-01-30 14:21:10'),('2aa9e272-4d74-4d8a-84cd-102f79a8ce32','d96d829f-a316-4218-9eef-7a83ab4a21e6','e5d946e7-412e-445d-b294-f8b9e45a159f',4,'Aliquam ut placeat eos fuga ut et accusantium quia. Accusantium quis temporibus non eum dolores placeat. Et debitis sunt reiciendis impedit. Nesciunt hic earum dignissimos veritatis.','2016-08-01 22:41:01','2024-01-30 14:21:09','2024-01-30 14:21:09'),('2dd9ec68-4464-45a7-a424-6be670d129e4','0fe94e6e-76e3-4c03-b73c-9e386a07384e','f242dd15-0b6c-422d-8aa0-297531ed08d3',2,'Dolorem aut alias placeat repudiandae. Corporis deleniti non dolor qui aut. Quos molestias rerum dolores alias repellendus aperiam quisquam aut. Voluptatibus saepe voluptas accusantium nihil ad.','2022-02-28 09:34:45','2024-01-30 14:21:09','2024-01-30 14:21:09'),('2e716d6b-366c-454f-a852-1997a45f3e98','390c0dcd-e036-4d57-8ea8-ad40968d0598','3f7a242e-b9cc-4e5b-ab7a-561979cd878d',2,'Modi est totam aliquam molestiae quis in consequuntur. Quas et voluptas dicta ipsa. Molestias numquam sint omnis nihil qui quae tempore. Delectus adipisci repudiandae non voluptas voluptatum.','2015-08-30 05:57:51','2024-01-30 14:21:10','2024-01-30 14:21:10'),('2fb40a74-946b-4973-98db-1cc82fa9ed63','61a6eab1-b9cf-456c-9a1c-9ee6025d2ede','70608146-01d1-4df9-be29-e0f9822e3af2',3,'Sit eveniet iure ratione quidem. Facilis sapiente a eum voluptatibus. Sint est neque aut est fugit et.','2020-09-23 17:45:57','2024-01-30 14:21:09','2024-01-30 14:21:09'),('32581137-077b-4412-9acf-e9277b4b148f','2a0f3edd-0bec-4dba-92d1-d5175bb9d211','f9535ab3-6447-4f3e-942d-400cea226a39',3,'Rerum et molestias odit veniam. Sit voluptates dolorum rerum temporibus. Voluptatem quibusdam vero saepe esse rerum vel autem.','2015-05-18 12:59:53','2024-01-30 14:21:09','2024-01-30 14:21:09'),('329f3906-bf4c-41b3-b531-4a9d1fcc2d28','e2f633ea-a604-44dc-8296-3f6531a746d6','52c41bb1-085b-4b8a-a361-387c5996a8d7',1,'Vel aut consequatur nihil qui quia aperiam aut fuga. Laboriosam rerum exercitationem et iure. In iusto iure rem voluptatem autem et.','2021-12-22 07:46:51','2024-01-30 14:21:09','2024-01-30 14:21:09'),('37d7e0f5-0408-480d-baf5-b5a861289ab8','617a39fc-78bf-4351-81bc-0cc820882702','7cd3da48-d594-42c0-9ed8-3536e9abb2d8',3,'Quis vel eos quo atque qui ullam. Maiores voluptas autem voluptatem vitae eligendi.','2016-08-08 10:54:35','2024-01-30 14:21:10','2024-01-30 14:21:10'),('3d289dd9-5441-4072-83e8-845595e2762b','356c3422-9792-43da-8ae3-7e2b2eb6b3ce','f8a18596-3a97-4925-8f63-cb62ef647da9',2,'Quasi voluptates sint omnis autem et consectetur. Sit vel voluptas sed. Quo quibusdam quos earum incidunt. Enim laboriosam mollitia molestiae natus nemo.','2022-10-09 15:48:14','2024-01-30 14:21:09','2024-01-30 14:21:09'),('3ea77a08-c35c-4d41-93d5-d0846259494f','61a6eab1-b9cf-456c-9a1c-9ee6025d2ede','6f5f253a-7905-410f-94ef-ac42e4173143',4,'Amet quibusdam aut saepe enim et. Architecto sint praesentium numquam non est nobis sed. Iure esse qui totam qui. Mollitia doloremque impedit reprehenderit unde voluptatibus.','2015-11-18 05:17:07','2024-01-30 14:21:09','2024-01-30 14:21:09'),('3ed14361-d6c5-47b3-b3f8-ee50e8a6efa5','77960f38-882b-4979-aedd-475a1f4d3f18','96d22a59-afe4-418b-9c06-57241a541fc6',4,'Illum nisi laboriosam quisquam dicta. Dolores et in ratione ipsam eum consequatur est. Laboriosam at in vel assumenda.','2017-05-20 07:54:21','2024-01-30 14:21:09','2024-01-30 14:21:09'),('40e33751-efbe-4d1d-b22b-81429f037de3','35bdce56-0d81-481f-849c-349964ca20f4','b79662f8-fce9-44b6-ac46-91c1fd11a55d',2,'Ea libero voluptatum eius vel. Harum voluptas ipsum eveniet qui quis aut recusandae vel. Facere repellat libero omnis et.','2019-07-16 09:57:02','2024-01-30 14:21:09','2024-01-30 14:21:09'),('4469a153-4a8a-4c2c-818c-e3a0f7f55098','d709fe54-bf43-4390-b042-e20dfa55ec2a','40036af2-c271-4c12-9bc9-96d97a34e1c0',3,'Dolor recusandae labore nihil. Aliquam repellendus quasi est cum et quia. Qui laudantium dignissimos cumque.','2023-08-10 12:17:12','2024-01-30 14:21:10','2024-01-30 14:21:10'),('44772256-9ab8-49e6-a056-bc53e9388dff','1d76c2a1-b9e6-4e3a-b819-bdf946c4cdb2','f785b10b-b699-45ab-8cf7-1ff6f2eb7429',2,'Aut quasi consequatur facilis est aut necessitatibus impedit. Aspernatur sapiente totam autem alias veritatis et assumenda. Voluptas quia fugiat exercitationem vel accusantium ut voluptas.','2019-12-01 03:26:28','2024-01-30 14:21:09','2024-01-30 14:21:09'),('45ef6351-44c6-41b1-8987-4cfcdb03bbd8','7dd429ee-4d3e-434c-8db2-d070aa972e1c','fbdfaa7b-5ce2-4902-9774-5bc6a11ac4a0',4,'Incidunt consequuntur incidunt rerum doloremque. Et cum exercitationem non. Illo dolores harum quam officiis consectetur dolores maiores et. Assumenda et sit quo nam quas.','2014-03-18 04:45:06','2024-01-30 14:21:09','2024-01-30 14:21:09'),('465cc28f-d3e3-4965-9c51-84b6a62880f0','d709fe54-bf43-4390-b042-e20dfa55ec2a','639a5ed9-1e00-493d-94b8-fdb9613da2ae',3,'Et vitae qui earum repellat aliquam tempore. Id et voluptatem fugit autem. Totam asperiores possimus quibusdam eaque. At ipsa numquam earum aut.','2021-03-19 20:08:48','2024-01-30 14:21:09','2024-01-30 14:21:09'),('46f60c83-8f3c-4640-a9a7-ec921023fa62','7dd429ee-4d3e-434c-8db2-d070aa972e1c','b79662f8-fce9-44b6-ac46-91c1fd11a55d',4,'Enim eius sit unde neque veniam. Ea consectetur est perferendis minima tempora aliquid atque. Aliquam ullam rerum voluptatem. Cumque ratione omnis dolores incidunt.','2016-07-09 13:56:41','2024-01-30 14:21:09','2024-01-30 14:21:09'),('48c2cfa6-1b4f-4126-928f-ffa76de2d968','8f2ae499-cba3-4187-a541-094828242015','5a60b2cd-1c6e-4fdd-99b8-bfdb8e73d182',3,'Ad quibusdam et quia ut omnis in. Repudiandae dolore eaque ut perspiciatis quos repellat aut. Nihil molestias facere soluta animi.','2021-03-03 12:57:23','2024-01-30 14:21:10','2024-01-30 14:21:10'),('4c540d17-9ad9-4a10-8f39-6491f020e917','83020315-7814-4e9b-bc4f-ec4374ebecd1','6f5f253a-7905-410f-94ef-ac42e4173143',4,'Temporibus pariatur qui ipsum id numquam fuga accusamus. Sint qui molestiae sed est minus. Voluptas tempora inventore inventore debitis. Nihil nisi ipsa porro reprehenderit est dolores.','2018-11-14 02:36:23','2024-01-30 14:21:09','2024-01-30 14:21:09'),('4fc0a151-3638-4cb9-91fc-bf4fe3e16070','7dd429ee-4d3e-434c-8db2-d070aa972e1c','1765dd0e-9767-4da4-9204-093ccb821d7f',4,'Dolorem et fugiat delectus atque libero. Sed nesciunt est quibusdam nam id. Accusamus blanditiis nemo suscipit. Pariatur fuga incidunt explicabo est quia voluptas ab ut.','2022-09-30 20:28:39','2024-01-30 14:21:09','2024-01-30 14:21:09'),('50806472-6411-49db-b0fd-cb68a425991f','40760330-bec4-43f5-92a9-4a832393f831','f8a18596-3a97-4925-8f63-cb62ef647da9',2,'Quia rerum ut et labore. Amet nobis recusandae libero minima. Repellat omnis quae nulla et cum tempora et.','2022-08-17 09:36:33','2024-01-30 14:21:10','2024-01-30 14:21:10'),('5432bcda-103b-4ecd-a5f6-5fb6052dedbd','f6be5930-24d9-4dd5-891e-4e81ad273254','17ebd1c9-7d72-472f-9b23-a4e131a15197',4,'Praesentium nam voluptas eos excepturi ad beatae ad. Culpa omnis voluptatem occaecati aperiam in eveniet. Vel et autem velit iure qui. Tempore quasi esse numquam quod. Et et saepe ut sed.','2022-02-16 22:52:34','2024-01-30 14:21:10','2024-01-30 14:21:10'),('543829f0-7769-4064-a090-e30429442160','e3117125-b7ef-43c3-80df-66a0cc57fe92','c8aa7cd9-8f32-4823-944a-bddc9be2c543',4,'Aliquam ea molestiae doloribus eaque earum minus. Labore modi dolorem rem ea quaerat rerum quae natus. Totam est et saepe omnis.','2018-02-21 21:28:49','2024-01-30 14:21:09','2024-01-30 14:21:09'),('5dd24467-55a4-480b-a09d-80f55da48d21','855e8807-57be-4094-8184-1ae8112816c4','29ad7e08-890c-410b-be78-76810619fe47',1,'Quaerat ea voluptas accusamus aut aut in culpa dolor. Et consequuntur autem maxime sequi qui sit est. Nesciunt recusandae minima harum velit voluptatum placeat. Distinctio molestiae cum non.','2014-10-17 13:00:28','2024-01-30 14:21:09','2024-01-30 14:21:09'),('5f8e3f10-2359-4de1-a7bd-dc3428ba73db','a5293b86-1d49-4132-8ae9-d80121464264','17ebd1c9-7d72-472f-9b23-a4e131a15197',3,'A libero nisi consequatur beatae sunt aspernatur. Sit minus incidunt quia. Dicta sunt deleniti at assumenda omnis qui. Quia neque vel non unde autem.','2022-07-06 07:02:57','2024-01-30 14:21:09','2024-01-30 14:21:09'),('60270d40-af69-4fe2-b881-a3227612fcbb','e811def5-18c7-4917-b668-96512250ada6','e5d946e7-412e-445d-b294-f8b9e45a159f',4,'Similique qui cumque cum vitae esse et. Est sit nam ab modi nam tenetur. Est ducimus ratione delectus. Odit necessitatibus sed excepturi.','2022-06-25 04:22:27','2024-01-30 14:21:10','2024-01-30 14:21:10'),('66185bda-c2fc-4bc4-8b91-6e48d5d31ef9','effa2c66-87e1-4437-9935-f816c6b248a5','f785b10b-b699-45ab-8cf7-1ff6f2eb7429',2,'Quia eligendi facere dolores corrupti quod est ratione. Sed recusandae magni neque error. Ut est quia non nisi reprehenderit accusantium.','2016-11-29 13:21:56','2024-01-30 14:21:09','2024-01-30 14:21:09'),('68507f03-52ce-4847-a84f-09317c68a5cd','dfafe12f-6777-419a-b154-89685d72f2f3','40036af2-c271-4c12-9bc9-96d97a34e1c0',4,'A molestias voluptatum culpa iure harum quod. Architecto voluptatem mollitia voluptatibus iure perferendis quod animi. Aperiam autem qui dolor et quidem.','2019-08-26 04:10:09','2024-01-30 14:21:09','2024-01-30 14:21:09'),('697e2a13-df62-4395-816d-b3877d96a18e','617a39fc-78bf-4351-81bc-0cc820882702','29ad7e08-890c-410b-be78-76810619fe47',4,'Vitae rerum et dolores quo quisquam non quos recusandae. Omnis ipsum non nihil sed atque porro. Quia non velit et consequatur consequatur id nostrum magni.','2017-07-08 11:46:39','2024-01-30 14:21:09','2024-01-30 14:21:09'),('699f0aab-e87b-49e1-aea2-46c1bfac4fdf','e2f633ea-a604-44dc-8296-3f6531a746d6','639a5ed9-1e00-493d-94b8-fdb9613da2ae',3,'Doloribus dolor ut soluta enim sit. Illum pariatur est voluptatem soluta. Ex et nam rem. Quis voluptas veniam ratione minima nulla non.','2016-12-03 09:28:57','2024-01-30 14:21:09','2024-01-30 14:21:09'),('6c5b14da-f450-4a6f-853c-baaf8f382f56','e811def5-18c7-4917-b668-96512250ada6','70608146-01d1-4df9-be29-e0f9822e3af2',2,'Tempore expedita corrupti voluptatem enim officia hic quia eum. Eum qui autem qui dolorem hic sunt. Officiis iste culpa inventore enim amet.','2018-11-16 14:01:08','2024-01-30 14:21:09','2024-01-30 14:21:09'),('6cadc1d5-280e-4e02-89de-85ce81afedec','365d52bf-0597-4f08-894b-890a1a48d8e6','6f5f253a-7905-410f-94ef-ac42e4173143',3,'Omnis rerum quasi aut temporibus architecto et. Velit autem quia id officia tempore maxime. Aperiam hic non nam magni deserunt sit voluptatem.','2018-11-27 07:43:00','2024-01-30 14:21:09','2024-01-30 14:21:09'),('6e82b33c-cff4-49b0-b4e7-5fd6615391e7','807e8f19-2289-4b96-9ac3-72f40457f07d','70a49233-b59f-44a1-8ca7-5b9b8b311677',3,'Maiores fuga eum et et officiis odit animi. Maxime sapiente aliquid voluptates. Rerum nesciunt quos assumenda quas.','2021-10-20 09:11:23','2024-01-30 14:21:09','2024-01-30 14:21:09'),('723f05e7-5ef5-41d1-b1db-9ed9c16592cf','4cd7f61e-7ed5-4ff4-a20c-23441847f952','b79662f8-fce9-44b6-ac46-91c1fd11a55d',3,'Molestias tempore porro minus laudantium. Quos dolorem sint non consectetur aut qui praesentium. Labore sit pariatur velit.','2017-08-02 00:46:27','2024-01-30 14:21:09','2024-01-30 14:21:09'),('73b9e0ba-3266-4351-ab58-57eda2ffaa9e','f6be5930-24d9-4dd5-891e-4e81ad273254','639a5ed9-1e00-493d-94b8-fdb9613da2ae',2,'Animi quos officia et omnis consequuntur tenetur. Nisi sunt porro sunt est. Ea voluptatem sit accusamus aut et. Dolore quas aut adipisci et enim.','2017-01-10 09:15:19','2024-01-30 14:21:10','2024-01-30 14:21:10'),('7579b3ac-58ae-45fa-befa-cf096afcc02c','2a0f3edd-0bec-4dba-92d1-d5175bb9d211','78947f09-7143-4f06-8dd1-1fa25f496d9a',4,'Ullam esse qui et. Iusto placeat laudantium nobis qui ea sapiente. Est deleniti fugiat repellendus itaque. Est aut non id voluptas. Enim voluptatem autem perferendis qui error eos.','2018-05-17 19:36:55','2024-01-30 14:21:10','2024-01-30 14:21:10'),('76429255-1db9-4141-8ec7-0cab98741008','28d82158-1b2f-446d-bc78-d272017b9b2d','17ebd1c9-7d72-472f-9b23-a4e131a15197',1,'Aliquid culpa maxime qui minima modi. Consequuntur debitis quia harum corporis consequatur. In dolorem nostrum aperiam deleniti pariatur.','2014-07-26 01:36:11','2024-01-30 14:21:09','2024-01-30 14:21:09'),('7766cad3-c38a-4ec3-b450-9825fc795842','f2a2eb3f-b41c-49e3-99fd-55030d1c5243','87614619-405d-44cd-b7a1-5c30464e166b',2,'Minima voluptatum incidunt ut sapiente dolor vel est. Reiciendis nemo perferendis est porro. Cum enim reprehenderit animi aut.','2022-05-27 02:01:33','2024-01-30 14:21:10','2024-01-30 14:21:10'),('77ac26ab-56a1-4ea7-b684-cb2b8a0453ed','f9b8f375-8a6a-47d6-b322-2c3446cec6d8','f9535ab3-6447-4f3e-942d-400cea226a39',1,'Eos culpa et facilis voluptas. Placeat rerum tempore corrupti dolorem dolorem. Et cupiditate facere amet aliquid dolore eius suscipit. Eos vel vitae deserunt aut.','2023-06-22 07:58:20','2024-01-30 14:21:10','2024-01-30 14:21:10'),('7a89a4d3-772b-4d16-b5c9-f3d123fb7806','a6b9e490-d17e-45dc-abb5-17be0ee02a09','6fefcc53-9730-4e9b-917c-4205c03c9e5f',4,'Et sed amet assumenda laboriosam. Commodi quam dolor vero ipsa neque nihil.','2014-07-09 09:24:50','2024-01-30 14:21:09','2024-01-30 14:21:09'),('83bf0929-490b-4c5f-87cc-b1f0215b83e7','d6f289e9-e421-4177-8c7e-433a78aba754','87614619-405d-44cd-b7a1-5c30464e166b',2,'Minima enim dolor velit perspiciatis nulla ut. Ad iste eius at ipsa eos repellat. Voluptates aut totam unde expedita.','2019-01-30 11:02:27','2024-01-30 14:21:09','2024-01-30 14:21:09'),('8489f86c-b007-4730-8d7d-592c47f30f78','d4197b66-a316-47a7-8329-b21feae3050e','6fefcc53-9730-4e9b-917c-4205c03c9e5f',4,'Dolores praesentium blanditiis laudantium sed consequuntur. Quos asperiores impedit sunt in molestiae facere iure qui. Ut culpa saepe qui esse voluptas ducimus quaerat.','2014-06-02 16:26:07','2024-01-30 14:21:09','2024-01-30 14:21:09'),('96c65f53-7c3e-4824-bfa1-9d01ae77db9f','a846e6fe-252d-4664-ad64-ff6b2b7a50db','7ad23043-4e5d-4e54-a91d-d30314a1c8b7',2,'Aut atque provident consectetur explicabo aut. Ullam iusto deleniti culpa veritatis. Ut omnis eius temporibus ut accusamus.','2020-05-17 12:53:59','2024-01-30 14:21:09','2024-01-30 14:21:09'),('9823ef20-b1e8-417b-ad9b-915afa7b3457','cdf37ec8-44d9-405f-bba1-96c2c19acc86','7ad23043-4e5d-4e54-a91d-d30314a1c8b7',4,'Doloremque est qui vitae non et inventore quia. Rerum accusamus harum perferendis enim consequatur. Dolorem voluptas beatae laboriosam eligendi.','2015-04-17 08:59:14','2024-01-30 14:21:10','2024-01-30 14:21:10'),('9cbb188f-8ac2-4a6e-a50a-0877cf13dc9d','40760330-bec4-43f5-92a9-4a832393f831','0072bc75-0e9c-4294-8d40-402abd9261a0',1,'Tempora voluptas et iste ut magni. Earum sed fugit quasi explicabo asperiores qui. Libero rem dicta fugit vitae enim labore.','2016-11-27 10:57:40','2024-01-30 14:21:10','2024-01-30 14:21:10'),('9d984e27-9e02-45dc-abcf-6ef8641e4139','d6f289e9-e421-4177-8c7e-433a78aba754','846bbb25-3763-426a-adf3-4b801adbf01f',2,'Est dolor dolores velit corrupti voluptas qui. Quam dolores optio saepe quia consequatur. Non itaque illo quaerat cum. Quaerat illo non eveniet molestias repudiandae excepturi ipsum aliquid.','2022-11-03 06:53:17','2024-01-30 14:21:09','2024-01-30 14:21:09'),('a297d501-970b-4349-98cb-c4d1584f03c1','c71527c1-6415-4151-bfa5-1027b11a42e1','96d22a59-afe4-418b-9c06-57241a541fc6',4,'Nihil facere consequatur ratione earum in aut. Non nemo molestiae excepturi est adipisci nesciunt ipsum. Rerum impedit veniam aliquam enim tempore. Voluptatum at consequatur fuga ea.','2019-01-16 04:45:54','2024-01-30 14:21:09','2024-01-30 14:21:09'),('ae00ad8f-2db1-4199-85da-736cd6ef69bb','77960f38-882b-4979-aedd-475a1f4d3f18','6fefcc53-9730-4e9b-917c-4205c03c9e5f',3,'Odit velit sit quisquam repudiandae maxime ea aut. Corporis ab eaque similique error. Ipsa minus est maxime illo numquam quis.','2018-12-29 06:07:38','2024-01-30 14:21:09','2024-01-30 14:21:09'),('b42b855d-c83b-4dea-8df8-0f3143a60fb1','effa2c66-87e1-4437-9935-f816c6b248a5','96d22a59-afe4-418b-9c06-57241a541fc6',2,'Quos molestias ad nemo dolorum. Aliquam totam fugit rerum voluptates sed rerum. Excepturi alias cupiditate sit ab ipsa.','2021-07-13 16:32:53','2024-01-30 14:21:09','2024-01-30 14:21:09'),('b52b2500-3a71-4fe7-b124-d189092973c6','77960f38-882b-4979-aedd-475a1f4d3f18','f9535ab3-6447-4f3e-942d-400cea226a39',3,'Quo eum sequi est illum. Sint et saepe quas enim distinctio. Et fugiat magni optio.','2021-10-24 01:22:18','2024-01-30 14:21:09','2024-01-30 14:21:09'),('ba05cbee-b97c-4289-a64a-408dd859b872','58b1aa03-535a-4688-89e5-8d2ff90af3e4','b7fd702d-11c8-42a2-ab9c-317442cf7bba',4,'Sit qui eius labore libero reprehenderit. Maxime perspiciatis et aperiam reprehenderit.','2017-06-21 03:02:24','2024-01-30 14:21:10','2024-01-30 14:21:10'),('beba17d2-7833-4774-8c61-b8d981c0f880','8cab8868-6d40-498b-bb87-b8957bfcbf37','0c22f297-93ba-40e8-bc22-28d4416f8af1',1,'A aut officiis harum corrupti id est. Quo rerum enim sit excepturi. Qui aut omnis rem sit molestias.','2021-04-23 09:36:06','2024-01-30 14:21:09','2024-01-30 14:21:09'),('bf36e048-750c-4a91-9359-db0c046f8e58','a846e6fe-252d-4664-ad64-ff6b2b7a50db','846bbb25-3763-426a-adf3-4b801adbf01f',4,'A aut in praesentium nisi ut enim itaque beatae. Tempora eum eligendi nam est sed alias voluptatem. Voluptatem quia delectus ea. Voluptatibus ut dolore illo quisquam consequatur.','2015-07-26 11:05:42','2024-01-30 14:21:10','2024-01-30 14:21:10'),('bf4a4b05-5943-4a94-b2ee-a095f19c4d6b','61a6eab1-b9cf-456c-9a1c-9ee6025d2ede','74e4231b-941e-4eea-8a15-c993e77c8341',2,'Ratione natus minima voluptatem neque est sit. Est fuga qui et fugit magni repellendus. Consequatur et cupiditate et ipsum nihil eius minus.','2014-11-05 20:05:39','2024-01-30 14:21:09','2024-01-30 14:21:09'),('c2769e39-7dbc-4461-bbbc-145ed591a33c','2be1d9a4-0b57-41c4-9e95-e27d789079dc','338ab4f1-c4eb-45e8-8bac-3d683bcc2207',4,'Consequuntur et iure fuga odio minima. Sit mollitia expedita at aut ad minima. Velit sed aspernatur mollitia atque facere. Eos consequatur molestiae eos quis.','2014-05-17 19:47:23','2024-01-30 14:21:09','2024-01-30 14:21:09'),('c3e73f7e-664c-410a-b967-86ada16e168b','d5f24768-bacd-4b2c-b64b-2d21ed50e54d','7cd3da48-d594-42c0-9ed8-3536e9abb2d8',3,'Veritatis alias repudiandae saepe et minus est quibusdam. Cum non rerum et aut. Laudantium magnam sapiente deserunt doloribus alias laboriosam.','2014-04-24 01:06:17','2024-01-30 14:21:10','2024-01-30 14:21:10'),('c575dd2c-05e0-498e-822c-904e35b53308','36b79414-73fc-49ba-a8df-01b3dc6a9cb6','74201cf2-1de7-4b08-b7ac-9d5b62481055',4,'Voluptates quaerat tempore tempore quam illo. Tempora quas possimus nulla dolores. Quam aut similique aperiam occaecati exercitationem quia. Veniam fuga quidem necessitatibus sit odit.','2016-08-07 01:41:12','2024-01-30 14:21:09','2024-01-30 14:21:09'),('c9f8dee0-b424-4bd0-a337-62c3a33b7091','24d833d3-c71b-43c5-a50d-b7358cfbe4e2','70a49233-b59f-44a1-8ca7-5b9b8b311677',3,'Vel natus voluptatum ratione quas ipsam nihil sit aliquid. Qui et rem eveniet soluta praesentium expedita. Ipsam suscipit est aliquid sint dolorum aut.','2023-06-09 23:47:58','2024-01-30 14:21:10','2024-01-30 14:21:10'),('cb67cbe8-d3ac-4a0b-a33a-1e6f566a8410','effa2c66-87e1-4437-9935-f816c6b248a5','3a526da1-32f0-4a8e-a6f9-5cbbe31a706d',4,'Dicta in voluptates sint dolor. Alias quos explicabo maxime sit illo. Sapiente dolorem dolor velit qui. Provident libero nostrum rerum.','2018-08-04 21:55:31','2024-01-30 14:21:09','2024-01-30 14:21:09'),('cc11ba21-3ae2-49fa-914a-cc2ae64269ed','d4197b66-a316-47a7-8329-b21feae3050e','2ca75df0-908b-431c-b612-300deec89edc',4,'Repudiandae sed placeat impedit ut placeat quia. Iure ut aspernatur nesciunt quia illum. Accusantium et error ad repudiandae eveniet quo. Voluptas repellendus aut dolores quia omnis et animi.','2021-10-31 22:44:35','2024-01-30 14:21:09','2024-01-30 14:21:09'),('cc217cb4-2739-48fe-b466-cffdab734cbe','d9f7ca11-047e-49ed-8f07-50b708e1f7e5','12650147-112b-4fe6-81fd-b5e27e4c7ad1',4,'A et pariatur laudantium impedit odit fugit. Non autem ratione quas nulla quia libero perferendis. Rerum eveniet ratione earum et.','2014-04-27 00:24:34','2024-01-30 14:21:09','2024-01-30 14:21:09'),('cc43c6f6-8bf0-4877-83e0-c18371c80aa1','a44b5b91-b47e-4d01-b727-9edd19b26303','b79662f8-fce9-44b6-ac46-91c1fd11a55d',4,'Consequuntur officia sed cum voluptatem facilis iste tempora. Consequatur et rerum voluptas molestiae omnis dolor tempora. Enim ex dolorem maiores harum possimus optio. Quia provident velit ut neque.','2022-02-02 15:56:46','2024-01-30 14:21:09','2024-01-30 14:21:09'),('ccbbc77e-8856-4e6a-b195-1696df0f4e49','5c89b1db-d5fb-4a6f-9da7-a4fc6ff52d56','639a5ed9-1e00-493d-94b8-fdb9613da2ae',3,'Omnis temporibus ipsa et aut. Nulla dolor sint quos vitae sed non omnis. Eveniet soluta ducimus non voluptatum accusamus illum velit dicta. Rem rerum excepturi voluptatem cum quam officiis quam.','2021-09-28 13:20:39','2024-01-30 14:21:09','2024-01-30 14:21:09'),('d3018658-1bed-451c-8ef8-05cafb59f29e','79346667-07bb-4520-8f96-bb184cbdf3cc','c8aa7cd9-8f32-4823-944a-bddc9be2c543',1,'Nesciunt corporis vero eius optio. Eos voluptatem ullam sed voluptatem aliquid quas. Qui et alias eius aut. Aut veniam non qui hic deserunt aut reprehenderit.','2020-08-29 23:15:50','2024-01-30 14:21:10','2024-01-30 14:21:10'),('d34c6bf3-bdce-4585-a1af-27e318525916','87464a67-1eb9-43cc-b51c-75de921d05b4','846bbb25-3763-426a-adf3-4b801adbf01f',2,'Sit minus omnis eligendi velit. Sequi impedit cupiditate velit. Est ut magnam eligendi accusamus est sint enim ea. Eum aliquid dolore et quod est est mollitia nostrum.','2020-12-29 01:22:06','2024-01-30 14:21:09','2024-01-30 14:21:09'),('d388a023-210a-4a06-90d8-fc1fcd6d9177','fd9d2d6d-a64a-4ded-8aa7-ebb2efdbd40d','a3489374-7753-4be8-80f7-3b9cfede976d',1,'Culpa rerum rem repellat est dicta nisi accusantium. Hic odit maxime pariatur sit quidem nihil sunt. Quia minus natus aperiam sit tempora voluptatem quas.','2016-02-29 12:19:37','2024-01-30 14:21:09','2024-01-30 14:21:09'),('d43e5c4a-4020-4dce-aad5-1700ffaeb9af','7dd429ee-4d3e-434c-8db2-d070aa972e1c','fbdfaa7b-5ce2-4902-9774-5bc6a11ac4a0',4,'Voluptas omnis inventore voluptatem est perferendis aut rem eum. Laboriosam sunt quis ex aut quo similique ut est. Praesentium et perspiciatis soluta dolore porro. Quos aut quae voluptas ut nam.','2024-01-24 02:26:20','2024-01-30 14:21:09','2024-01-30 14:21:09'),('d7ccb14f-c609-4241-a2a6-9a07e9101757','8b1a404d-6e9d-4c29-810d-9032a77fc9c9','2df6e06b-ca85-4fee-a1db-e8a21caacdd4',1,'Et asperiores magnam hic rerum cumque harum. Quis quibusdam aut eligendi dolor. Qui quia ut animi blanditiis sunt quidem quam.','2020-08-07 05:25:57','2024-01-30 14:21:10','2024-01-30 14:21:10'),('d878f11e-3df4-427c-ae55-7020637c0b2b','a8227b17-cd2a-4f05-a1fe-b498a2f3ae31','4821a071-71a2-43ed-9c55-f61bd75c75c3',4,'Aspernatur deserunt amet alias dicta. Et tenetur sed delectus et totam consequatur.','2022-07-08 21:02:16','2024-01-30 14:21:09','2024-01-30 14:21:09'),('dafbcdd1-0067-43d1-a645-d8a30f16b0bd','d96d829f-a316-4218-9eef-7a83ab4a21e6','1bc0cbb4-7607-4bc2-8616-5f8cb6c061e9',1,'Aliquid nulla pariatur fugiat praesentium incidunt voluptatem. Earum deleniti aliquid est quis. Fugiat adipisci eum et quaerat et voluptatem repellat ut.','2019-05-03 21:06:45','2024-01-30 14:21:09','2024-01-30 14:21:09'),('db6a9e75-5757-415d-9611-43a032cf4907','da10744b-b7a0-443a-ae3d-4c00cc203605','2df6e06b-ca85-4fee-a1db-e8a21caacdd4',1,'Recusandae et consectetur at blanditiis ab. Quia ea modi eum repellendus magni similique porro. Accusantium velit distinctio incidunt.','2018-05-12 16:57:03','2024-01-30 14:21:09','2024-01-30 14:21:09'),('dcee6f74-6b12-4bf6-9834-3d8c93f718fb','d3fcfcb7-7785-4979-99c5-c8d847600390','70608146-01d1-4df9-be29-e0f9822e3af2',4,'Et earum sit perspiciatis et culpa. Incidunt necessitatibus provident dolorem quo omnis. Qui ab cupiditate sapiente eum illo. Quos ut maxime qui sit fugit numquam molestias ut.','2015-06-18 05:04:19','2024-01-30 14:21:10','2024-01-30 14:21:10'),('ddfee404-37df-44ad-87df-915fc70a5bb0','d6f289e9-e421-4177-8c7e-433a78aba754','6f5f253a-7905-410f-94ef-ac42e4173143',2,'Cum eos vitae tempore officiis est doloribus totam nobis. In dolores dignissimos culpa maiores suscipit quos.','2014-04-15 08:48:16','2024-01-30 14:21:09','2024-01-30 14:21:09'),('e7fa5c58-39e7-4900-b018-74ed8f6a2544','132cdee6-8de2-4642-95f5-54ec4c577c0c','a3489374-7753-4be8-80f7-3b9cfede976d',3,'Magnam dolorum dolor voluptatum error ut. In magnam sequi libero doloribus minus. Qui veritatis assumenda perspiciatis earum et aliquam. Minima dolores qui inventore quisquam nostrum et.','2021-07-04 13:30:26','2024-01-30 14:21:09','2024-01-30 14:21:09'),('e8d27eee-fa4e-424e-a46e-62fe3faccc51','01ca42b1-367f-461b-9c4f-c05ceb0c6cd8','0072bc75-0e9c-4294-8d40-402abd9261a0',4,'Magni voluptas sunt dolorem placeat. Fugit quis suscipit in sequi esse sint beatae. Ut voluptas facere voluptas id ut quaerat.','2023-12-01 14:08:20','2024-01-30 14:21:09','2024-01-30 14:21:09'),('ebfc9f54-69eb-45ed-86fd-bb6588839b0e','40760330-bec4-43f5-92a9-4a832393f831','74e4231b-941e-4eea-8a15-c993e77c8341',2,'Fugit quaerat qui cumque nostrum accusamus sunt. Reprehenderit ratione et quibusdam.','2016-02-23 07:03:33','2024-01-30 14:21:09','2024-01-30 14:21:09'),('ee9509f5-1fb3-4bb2-95a9-a0b5e23bd7e4','132cdee6-8de2-4642-95f5-54ec4c577c0c','5a60b2cd-1c6e-4fdd-99b8-bfdb8e73d182',3,'Placeat aliquid officia aliquam fugiat deleniti numquam aut vel. Exercitationem error voluptatibus iste. Corrupti quisquam occaecati ullam.','2022-03-14 15:24:41','2024-01-30 14:21:09','2024-01-30 14:21:09'),('f1755418-dfd5-4621-88c4-a20ba11c8fa9','1d76c2a1-b9e6-4e3a-b819-bdf946c4cdb2','ad0e9eb8-3922-496d-ae53-af49690199b5',2,'Et adipisci distinctio ratione iste. Sed dolore adipisci ut officia non veritatis. Totam aliquam consequatur totam optio voluptatem.','2014-06-06 23:26:59','2024-01-30 14:21:09','2024-01-30 14:21:09'),('f4138ed1-1425-4dab-a9fc-73d69a1013ed','69590b68-7291-4601-93e4-c91ee6682cbe','f242dd15-0b6c-422d-8aa0-297531ed08d3',2,'Similique id eum et sint. Eum nulla quis atque possimus ullam voluptatibus et. Tempore et eos aspernatur et.','2016-08-29 01:50:32','2024-01-30 14:21:09','2024-01-30 14:21:09'),('f4311d3b-5c2a-4f7c-9137-f25ffcd754e6','daf0f1ff-5f39-4105-8e16-56214a55d05c','f8a18596-3a97-4925-8f63-cb62ef647da9',1,'Ut ad consequatur ut praesentium qui quod. Quo consequuntur nisi optio reprehenderit aut esse. Nesciunt et minima aut quo ea cumque odio quis.','2021-06-10 03:01:56','2024-01-30 14:21:09','2024-01-30 14:21:09'),('f6481a00-83d2-43e5-a556-203fa0e3cf82','effa2c66-87e1-4437-9935-f816c6b248a5','0072bc75-0e9c-4294-8d40-402abd9261a0',3,'Repellendus consectetur ut ex nesciunt ut sit commodi. Sed cumque aperiam aspernatur hic possimus. Quasi eos omnis nobis officiis et nulla.','2018-12-15 03:08:12','2024-01-30 14:21:10','2024-01-30 14:21:10'),('f6c9dfcb-6ef0-4dd2-a1c9-fb457f4af2cc','dfafe12f-6777-419a-b154-89685d72f2f3','17ebd1c9-7d72-472f-9b23-a4e131a15197',3,'Assumenda illo rerum totam quam omnis dignissimos. Quo architecto aut itaque nam. Eum sint non libero sed et corporis distinctio maxime.','2017-08-18 17:45:40','2024-01-30 14:21:10','2024-01-30 14:21:10'),('f7d14aa4-8f14-4035-98e0-61b22f9ec60b','617a39fc-78bf-4351-81bc-0cc820882702','6fefcc53-9730-4e9b-917c-4205c03c9e5f',3,'Incidunt recusandae enim est distinctio repudiandae quisquam. Adipisci ab possimus voluptatem illum sit odit aut. Exercitationem saepe maiores iure alias.','2014-03-07 12:27:44','2024-01-30 14:21:09','2024-01-30 14:21:09'),('f7f46e11-83a4-49fd-94c0-4368074f4980','7dd429ee-4d3e-434c-8db2-d070aa972e1c','f8a18596-3a97-4925-8f63-cb62ef647da9',2,'Minus est eum et non. Itaque culpa occaecati voluptatem a earum laborum mollitia. Magni et aliquid officia accusamus fuga nostrum vel. Atque aut esse est earum autem omnis.','2023-07-02 18:17:08','2024-01-30 14:21:10','2024-01-30 14:21:10'),('fbd50b4a-a9e5-49d3-9622-a81e820e3f92','a44b5b91-b47e-4d01-b727-9edd19b26303','17ebd1c9-7d72-472f-9b23-a4e131a15197',4,'Sit sit veritatis voluptas ut. Aut quas alias quia aut. Perferendis officia incidunt dolor a id dolorem alias.','2017-03-22 10:11:53','2024-01-30 14:21:10','2024-01-30 14:21:10');
/*!40000 ALTER TABLE `participations` ENABLE KEYS */;
UNLOCK TABLES;

--
-- Table structure for table `password_resets`
--

DROP TABLE IF EXISTS `password_resets`;
/*!40101 SET @saved_cs_client     = @@character_set_client */;
/*!50503 SET character_set_client = utf8mb4 */;
CREATE TABLE `password_resets` (
  `email` varchar(255) COLLATE utf8mb4_unicode_ci NOT NULL,
  `token` varchar(255) COLLATE utf8mb4_unicode_ci NOT NULL,
  `created_at` timestamp NULL DEFAULT NULL,
  KEY `password_resets_email_index` (`email`)
) ENGINE=InnoDB DEFAULT CHARSET=utf8mb4 COLLATE=utf8mb4_unicode_ci;
/*!40101 SET character_set_client = @saved_cs_client */;

--
-- Dumping data for table `password_resets`
--

LOCK TABLES `password_resets` WRITE;
/*!40000 ALTER TABLE `password_resets` DISABLE KEYS */;
/*!40000 ALTER TABLE `password_resets` ENABLE KEYS */;
UNLOCK TABLES;

--
-- Table structure for table `personal_access_tokens`
--

DROP TABLE IF EXISTS `personal_access_tokens`;
/*!40101 SET @saved_cs_client     = @@character_set_client */;
/*!50503 SET character_set_client = utf8mb4 */;
CREATE TABLE `personal_access_tokens` (
  `id` bigint unsigned NOT NULL AUTO_INCREMENT,
  `tokenable_type` varchar(255) COLLATE utf8mb4_unicode_ci NOT NULL,
  `tokenable_id` bigint unsigned NOT NULL,
  `name` varchar(255) COLLATE utf8mb4_unicode_ci NOT NULL,
  `token` varchar(64) COLLATE utf8mb4_unicode_ci NOT NULL,
  `abilities` text COLLATE utf8mb4_unicode_ci,
  `last_used_at` timestamp NULL DEFAULT NULL,
  `created_at` timestamp NULL DEFAULT NULL,
  `updated_at` timestamp NULL DEFAULT NULL,
  PRIMARY KEY (`id`),
  UNIQUE KEY `personal_access_tokens_token_unique` (`token`),
  KEY `personal_access_tokens_tokenable_type_tokenable_id_index` (`tokenable_type`,`tokenable_id`)
) ENGINE=InnoDB DEFAULT CHARSET=utf8mb4 COLLATE=utf8mb4_unicode_ci;
/*!40101 SET character_set_client = @saved_cs_client */;

--
-- Dumping data for table `personal_access_tokens`
--

LOCK TABLES `personal_access_tokens` WRITE;
/*!40000 ALTER TABLE `personal_access_tokens` DISABLE KEYS */;
/*!40000 ALTER TABLE `personal_access_tokens` ENABLE KEYS */;
UNLOCK TABLES;

--
-- Table structure for table `priorities`
--

DROP TABLE IF EXISTS `priorities`;
/*!40101 SET @saved_cs_client     = @@character_set_client */;
/*!50503 SET character_set_client = utf8mb4 */;
CREATE TABLE `priorities` (
  `id` bigint unsigned NOT NULL AUTO_INCREMENT,
  `name` varchar(255) COLLATE utf8mb4_unicode_ci NOT NULL,
  `created_at` timestamp NULL DEFAULT NULL,
  `updated_at` timestamp NULL DEFAULT NULL,
  PRIMARY KEY (`id`)
) ENGINE=InnoDB AUTO_INCREMENT=5 DEFAULT CHARSET=utf8mb4 COLLATE=utf8mb4_unicode_ci;
/*!40101 SET character_set_client = @saved_cs_client */;

--
-- Dumping data for table `priorities`
--

LOCK TABLES `priorities` WRITE;
/*!40000 ALTER TABLE `priorities` DISABLE KEYS */;
INSERT INTO `priorities` VALUES (1,'all',NULL,NULL),(2,'low',NULL,NULL),(3,'medium',NULL,NULL),(4,'high',NULL,NULL);
/*!40000 ALTER TABLE `priorities` ENABLE KEYS */;
UNLOCK TABLES;

--
-- Table structure for table `professions`
--

DROP TABLE IF EXISTS `professions`;
/*!40101 SET @saved_cs_client     = @@character_set_client */;
/*!50503 SET character_set_client = utf8mb4 */;
CREATE TABLE `professions` (
  `id` bigint unsigned NOT NULL AUTO_INCREMENT,
  `name` varchar(255) COLLATE utf8mb4_unicode_ci NOT NULL,
  `created_at` timestamp NULL DEFAULT NULL,
  `updated_at` timestamp NULL DEFAULT NULL,
  PRIMARY KEY (`id`)
) ENGINE=InnoDB AUTO_INCREMENT=56 DEFAULT CHARSET=utf8mb4 COLLATE=utf8mb4_unicode_ci;
/*!40101 SET character_set_client = @saved_cs_client */;

--
-- Dumping data for table `professions`
--

LOCK TABLES `professions` WRITE;
/*!40000 ALTER TABLE `professions` DISABLE KEYS */;
INSERT INTO `professions` VALUES (1,'Etudiant','2023-11-21 10:04:47','2023-11-21 10:04:47'),(2,'Pasteur','2023-11-21 10:04:47','2023-11-21 10:04:47'),(3,'Menagre','2023-11-21 10:04:47','2023-11-21 10:04:47'),(4,'Tlconseiller','2023-11-21 10:04:47','2023-11-21 10:04:47'),(5,'Ingnieur logiciel','2023-11-21 10:04:47','2023-11-21 10:04:47'),(6,'Mdecin','2023-11-21 10:04:47','2023-11-21 10:04:47'),(7,'Enseignant','2023-11-21 10:04:47','2023-11-21 10:04:47'),(8,'Avocat','2023-11-21 10:04:47','2023-11-21 10:04:47'),(9,'Architecte','2023-11-21 10:04:47','2023-11-21 10:04:47'),(10,'Comptable','2023-11-21 10:04:47','2023-11-21 10:04:47'),(11,'Infirmier','2023-11-21 10:04:47','2023-11-21 10:04:47'),(12,'Artiste','2023-11-21 10:04:47','2023-11-21 10:04:47'),(13,'Journaliste','2023-11-21 10:04:47','2023-11-21 10:04:47'),(14,'Chef cuisinier','2023-11-21 10:04:47','2023-11-21 10:04:47'),(15,'Policier','2023-11-21 10:04:47','2023-11-21 10:04:47'),(16,'Pompier','2023-11-21 10:04:47','2023-11-21 10:04:47'),(17,'Plombier','2023-11-21 10:04:47','2023-11-21 10:04:47'),(18,'lectricien','2023-11-21 10:04:47','2023-11-21 10:04:47'),(19,'Entrepreneur','2023-11-21 10:04:47','2023-11-21 10:04:47'),(20,'Designer graphique','2023-11-21 10:04:47','2023-11-21 10:04:47'),(21,'Agriculteur','2023-11-21 10:04:47','2023-11-21 10:04:47'),(22,'Pharmacien','2023-11-21 10:04:47','2023-11-21 10:04:47'),(23,'Psychologue','2023-11-21 10:04:47','2023-11-21 10:04:47'),(24,'Scientifique de donnes','2023-11-21 10:04:47','2023-11-21 10:04:47'),(25,'Analyste financier','2023-11-21 10:04:47','2023-11-21 10:04:47'),(26,'Ingnieur civil','2023-11-21 10:04:47','2023-11-21 10:04:47'),(27,'crivain','2023-11-21 10:04:47','2023-11-21 10:04:47'),(28,'Photographe','2023-11-21 10:04:47','2023-11-21 10:04:47'),(29,'Musicien','2023-11-21 10:04:47','2023-11-21 10:04:47'),(30,'Acteur','2023-11-21 10:04:47','2023-11-21 10:04:47'),(31,'Consultant en management','2023-11-21 10:04:47','2023-11-21 10:04:47'),(32,'Chauffeur de taxi','2023-11-21 10:04:47','2023-11-21 10:04:47'),(33,'Boulanger','2023-11-21 10:04:47','2023-11-21 10:04:47'),(34,'Agent immobilier','2023-11-21 10:04:47','2023-11-21 10:04:47'),(35,'Athlte professionnel','2023-11-21 10:04:47','2023-11-21 10:04:47'),(36,'Traducteur','2023-11-21 10:04:47','2023-11-21 10:04:47'),(37,'Animateur radio/TV','2023-11-21 10:04:47','2023-11-21 10:04:47'),(38,'Assistant administratif','2023-11-21 10:04:47','2023-11-21 10:04:47'),(39,'Technicien de laboratoire','2023-11-21 10:04:47','2023-11-21 10:04:47'),(40,'Chirurgien-dentiste','2023-11-21 10:04:47','2023-11-21 10:04:47'),(41,'Dveloppeur web','2023-11-21 10:04:47','2023-11-21 10:04:47'),(42,'Spcialiste des ressources humaines','2023-11-21 10:04:47','2023-11-21 10:04:47'),(43,'Juge','2023-11-21 10:04:47','2023-11-21 10:04:47'),(44,'Agent de voyage','2023-11-21 10:04:47','2023-11-21 10:04:47'),(45,'Conseiller financier','2023-11-21 10:04:47','2023-11-21 10:04:47'),(46,'Directeur de projet','2023-11-21 10:04:47','2023-11-21 10:04:47'),(47,'Garde forestier','2023-11-21 10:04:47','2023-11-21 10:04:47'),(48,'Secrtaire','2023-11-21 10:04:47','2023-11-21 10:04:47'),(49,'Gologue','2023-11-21 10:04:47','2023-11-21 10:04:47'),(50,'Bibliothcaire','2023-11-21 10:04:47','2023-11-21 10:04:47'),(51,'conomiste','2023-11-21 10:04:47','2023-11-21 10:04:47'),(52,'Conducteur de bus','2023-11-21 10:04:47','2023-11-21 10:04:47'),(53,'Courtier en bourse','2023-11-21 10:04:47','2023-11-21 10:04:47'),(54,'Gestionnaire de projet','2023-11-21 10:04:47','2023-11-21 10:04:47'),(55,'Dveloppeur informaticien','2023-11-21 11:42:15','2023-11-21 11:42:15');
/*!40000 ALTER TABLE `professions` ENABLE KEYS */;
UNLOCK TABLES;

--
-- Table structure for table `provinces`
--

DROP TABLE IF EXISTS `provinces`;
/*!40101 SET @saved_cs_client     = @@character_set_client */;
/*!50503 SET character_set_client = utf8mb4 */;
CREATE TABLE `provinces` (
  `id` varchar(255) COLLATE utf8mb4_unicode_ci NOT NULL,
  `name` varchar(255) COLLATE utf8mb4_unicode_ci NOT NULL,
  `created_at` timestamp NULL DEFAULT NULL,
  `updated_at` timestamp NULL DEFAULT NULL,
  PRIMARY KEY (`id`)
) ENGINE=InnoDB DEFAULT CHARSET=utf8mb4 COLLATE=utf8mb4_unicode_ci;
/*!40101 SET character_set_client = @saved_cs_client */;

--
-- Dumping data for table `provinces`
--

LOCK TABLES `provinces` WRITE;
/*!40000 ALTER TABLE `provinces` DISABLE KEYS */;
INSERT INTO `provinces` VALUES ('03ca9bf1-39b7-4d5c-8881-c0eb58b8fcc8','Kwilu','2024-01-25 09:25:14','2024-01-25 09:25:14'),('06a1b824-19ee-4e7c-9d39-076cadb3c6b5','Haut-Katanga','2024-01-25 09:25:13','2024-01-25 09:25:13'),('0bc9244e-9ec6-4bca-a575-c6c27c59a201','Bas-Ul','2024-01-25 09:25:13','2024-01-25 09:25:13'),('274a23cb-a720-408b-9237-900b48540776','Kongo Central','2024-01-25 09:25:13','2024-01-25 09:25:13'),('3235809a-607a-41cf-aedb-807cbf3444b8','Kwango','2024-01-25 09:25:14','2024-01-25 09:25:14'),('364b7026-7b44-4534-adf2-957016b71779','Sud-Kivu','2024-01-25 09:25:14','2024-01-25 09:25:14'),('3c9b263b-bf18-4cb7-bc41-6aa51a24f82b','Ituri','2024-01-25 09:25:13','2024-01-25 09:25:13'),('4c6af4e8-fe77-459f-a635-49827dfbe86a','Mongala','2024-01-25 09:25:14','2024-01-25 09:25:14'),('6493e17a-034c-4a0b-9cd8-2448378d28d1','Maniema','2024-01-25 09:25:14','2024-01-25 09:25:14'),('6ab2b671-15dc-4dc2-952b-e32a924629d7','Kinshasa','2024-01-25 09:25:13','2024-01-25 09:25:13'),('723ad81a-efe3-4b12-8d1a-0b92801e7841','Haut-Ul','2024-01-25 09:25:13','2024-01-25 09:25:13'),('75ab4b46-a348-43e1-b41a-ccb9114686bc','Lomami','2024-01-25 09:25:14','2024-01-25 09:25:14'),('86255d14-5cac-468e-a33e-e6a915507505','Kasa Oriental','2024-01-25 09:25:13','2024-01-25 09:25:13'),('a1dda58c-8a55-4130-8764-2cf78755db59','quateur','2024-01-25 09:25:13','2024-01-25 09:25:13'),('a3cb60cc-61d1-4ada-b39c-aebd383413ca','Sankuru','2024-01-25 09:25:14','2024-01-25 09:25:14'),('b4022db7-133f-4a3f-8285-ab08a3f0afcc','Lualaba','2024-01-25 09:25:14','2024-01-25 09:25:14'),('c8b16744-7aeb-4684-8695-30824e1b7922','Tshuapa','2024-01-25 09:25:14','2024-01-25 09:25:14'),('c954f9a2-b75b-4d09-801c-6469bdac2447','Tshopo','2024-01-25 09:25:14','2024-01-25 09:25:14'),('d0e91a66-65f4-44a0-93f9-3ba73c27ee26','Nord-Ubangi','2024-01-25 09:25:14','2024-01-25 09:25:14'),('d6ecb019-e8c3-4058-b9b3-7fe9b3f9e1d3','Tanganyika','2024-01-25 09:25:14','2024-01-25 09:25:14'),('dde9a53f-e02a-484f-b82f-39a77df22c4e','Mai-Ndombe','2024-01-25 09:25:14','2024-01-25 09:25:14'),('de2d1599-badd-42d9-894a-8063ce1dc779','Nord-Kivu','2024-01-25 09:25:14','2024-01-25 09:25:14'),('f5202319-ccbd-4703-8a31-c1c93b28f4cb','Kasa','2024-01-25 09:25:13','2024-01-25 09:25:13'),('f630a635-77d1-4232-8395-6aae8ccd4235','Haut-Lomami','2024-01-25 09:25:13','2024-01-25 09:25:13'),('fa900d38-0dd9-472c-a619-37608ec01080','Sud-Ubangi','2024-01-25 09:25:14','2024-01-25 09:25:14'),('fde1f64f-cdb4-45ec-8f6f-9f2009308ea2','Kasa Central','2024-01-25 09:25:13','2024-01-25 09:25:13');
/*!40000 ALTER TABLE `provinces` ENABLE KEYS */;
UNLOCK TABLES;

--
-- Table structure for table `role_user`
--

DROP TABLE IF EXISTS `role_user`;
/*!40101 SET @saved_cs_client     = @@character_set_client */;
/*!50503 SET character_set_client = utf8mb4 */;
CREATE TABLE `role_user` (
  `user_id` char(36) COLLATE utf8mb4_unicode_ci NOT NULL,
  `role_id` bigint unsigned NOT NULL,
  `created_at` timestamp NULL DEFAULT NULL,
  `updated_at` timestamp NULL DEFAULT NULL,
  KEY `role_user_user_id_foreign` (`user_id`),
  KEY `role_user_role_id_foreign` (`role_id`),
  CONSTRAINT `role_user_role_id_foreign` FOREIGN KEY (`role_id`) REFERENCES `roles` (`id`) ON DELETE CASCADE ON UPDATE CASCADE,
  CONSTRAINT `role_user_user_id_foreign` FOREIGN KEY (`user_id`) REFERENCES `users` (`id`) ON DELETE CASCADE ON UPDATE CASCADE
) ENGINE=InnoDB DEFAULT CHARSET=utf8mb4 COLLATE=utf8mb4_unicode_ci;
/*!40101 SET character_set_client = @saved_cs_client */;

--
-- Dumping data for table `role_user`
--

LOCK TABLES `role_user` WRITE;
/*!40000 ALTER TABLE `role_user` DISABLE KEYS */;
INSERT INTO `role_user` VALUES ('0532e779-565c-4e33-bb45-3689dc215a6e',1,NULL,NULL),('9e35c6dd-423b-4c6d-bb88-57e0af7d262b',1,NULL,NULL),('1ce8228a-0855-461b-834f-587b290975d5',1,NULL,NULL),('e399ee3c-7856-4309-be3b-944736de9301',1,NULL,NULL),('5c8b8afb-0aa9-4b90-adc8-b2e3e90d5067',1,NULL,NULL),('e0347102-56dc-4564-9f89-0aaa5fe23bf8',1,NULL,NULL),('da88f9c2-d82d-4b82-bb7f-e91f647ca678',1,NULL,NULL),('7ca7f283-c520-40ae-ad66-bc24ab065eb6',1,NULL,NULL),('75ebdeb1-ee8e-4fce-80f9-2021b92e7fc7',1,NULL,NULL),('a80f6232-ee82-42f3-8f06-a5612b9f1227',1,NULL,NULL),('d80b3c5b-bc5e-4a3a-a7f4-b045b91d919e',1,NULL,NULL),('debecaab-ddca-4a17-b4e6-65c201d6310b',1,NULL,NULL),('ccf9b3c2-2531-40b6-85e5-1b0bf94cb7b9',1,NULL,NULL),('d17be828-f8e0-41c6-bc67-3d73dc90d049',1,NULL,NULL),('8e7614ea-6ddf-434b-82fc-145c6e9b8eae',1,NULL,NULL),('f54536c0-372d-487c-b06d-f6b438df101d',1,NULL,NULL),('34f634a8-11c9-444d-bded-d1f2a2a31029',3,NULL,NULL),('c20c1b7e-824f-4292-91cf-b3cd4f915569',3,NULL,NULL),('ea392a17-b759-4190-8672-bd08b3f3edd6',3,NULL,NULL),('e2ef2b53-c098-4cc9-a0f9-9ed673654237',3,NULL,NULL),('6a85fb5b-dc93-4675-8a59-377270a118b3',3,NULL,NULL),('8b363b5b-4f1c-473b-ba59-9ce9507b427c',3,NULL,NULL),('10ad3bae-cb89-4595-8383-90cc45f68072',3,NULL,NULL),('4ad63ba5-7b11-4b9f-8425-0894b0cc6bf2',3,NULL,NULL),('6683abee-2340-4eac-a5d8-edf8d5f7779f',3,NULL,NULL),('a71ad2db-defd-41cc-bd9b-7547b1d36fdc',3,NULL,NULL),('08bde6ca-e72c-426a-ad22-ea79dd1388ac',3,NULL,NULL),('947fc398-7034-4afc-b05b-9c1416d14d9b',3,NULL,NULL),('66397c06-e951-42e2-bf32-20b90826f78b',3,NULL,NULL),('b0286d4c-fd36-4ede-8707-63d0ea9561d6',3,NULL,NULL),('777dee21-7d51-4124-99e3-3920494c660c',3,NULL,NULL),('19521a3a-f9cf-4dc1-9ddf-dba6963876cc',3,NULL,NULL),('9be4d6a1-97c5-49f2-82ac-ff7fd2627ea0',3,NULL,NULL),('d081bc87-6f10-4d00-b65b-3ccdd99cc33f',3,NULL,NULL),('c2464d54-c477-4b3d-a5a1-41dcf6e3ee8b',3,NULL,NULL),('038324b1-538e-4447-b89c-17fe6facdcba',3,NULL,NULL),('c42302b3-4e01-41ac-87da-0233c891c8a3',4,NULL,NULL),('fe4b0ed4-5364-4048-ab34-7400ca730942',4,NULL,NULL),('45326a57-ec13-4bec-8b11-8c3521d94f65',4,NULL,NULL),('eff0081b-c606-4aa4-8d05-1f988fa5bc00',4,NULL,NULL),('fd56a5fe-a1d3-4ed4-9de4-d098b76fbdf9',4,NULL,NULL),('d042c9fa-ef43-4354-9f40-b4af60f5e2c0',4,NULL,NULL),('e4154749-1352-4285-a8e8-eeff8f84e768',4,NULL,NULL),('5e15fbe4-cbf5-4682-93a5-aef66ba7ad08',4,NULL,NULL),('b7697c39-0a29-41e1-a485-226f7f715c19',4,NULL,NULL),('e356dd47-a6c0-4e72-a7e2-78037fb0eb3f',4,NULL,NULL),('88d38a90-1a20-4af8-b675-84c0d2678ca3',4,NULL,NULL),('8a537f2b-356d-47e6-809c-e5a456c62722',4,NULL,NULL),('5f9d0219-60e5-4bf0-889b-73353c0156dd',4,NULL,NULL),('4cf30abe-2882-4c16-b067-66e09fd7a604',4,NULL,NULL),('fc42687e-eac0-412e-8f48-6e7da190eb8f',4,NULL,NULL),('97ba9c6d-4678-4e81-b255-6e49b8727ba2',4,NULL,NULL),('5adc0bc7-9a82-400b-88c6-9b382b1f4d0a',4,NULL,NULL),('c9a6b905-baab-4072-967d-48784249a93c',4,NULL,NULL),('e5a9f7d1-0930-4dfb-b37c-a28f629e0987',4,NULL,NULL),('9a8d9076-7747-4a12-a874-1ea59999ce07',4,NULL,NULL),('14d8c6a1-c98d-4e6e-a6d6-51a146e32f5d',4,NULL,NULL),('1c7cbb47-e9d0-4f65-928c-011405478122',4,NULL,NULL),('cfa13bc6-afe3-464c-bb51-d9be7ed5d909',4,NULL,NULL),('6344ec49-bc2e-4664-b59c-3cb1a57b75e1',4,NULL,NULL),('19fa64b2-c970-4bd1-8dec-8bc69a03f9e0',4,NULL,NULL),('138f5c64-4cfa-472a-92f8-9e1f9c1949b0',4,NULL,NULL),('bc0adcd9-9a88-4976-a419-751399d50368',4,NULL,NULL),('5df5d86f-061b-488f-ab17-2920a5a7d639',4,NULL,NULL),('72b2887a-f3ca-4261-9f49-672f6da21370',4,NULL,NULL),('5e3dd952-9789-4436-a924-63c0a9ebfb67',4,NULL,NULL),('b1ca306d-0d9d-48d5-b845-bbe23fceb515',4,NULL,NULL),('701b8d81-8151-479d-af4b-6e03bf3225b1',4,NULL,NULL),('fab36b23-2434-4e1a-bf3c-43addc6b182b',4,NULL,NULL),('a3a6f5e4-0e9c-4daf-9505-7c1aeefddbab',4,NULL,NULL),('e119f1a3-186b-4e2f-a450-95759580f28c',4,NULL,NULL),('7a832bf0-cef5-4783-9ca9-c200fb1f1441',4,NULL,NULL),('442f484a-9099-4854-b819-31424a24b7ef',4,NULL,NULL),('6b24b88d-0dc2-48fe-99ca-220866745065',4,NULL,NULL),('75b4ce5b-7b21-4080-9ff4-c751bb710fb2',4,NULL,NULL),('9e5873a4-e3c3-4b2c-ac2b-87e951ba9b06',4,NULL,NULL),('79f521e3-a72c-44e2-b2cd-0b412136c514',4,NULL,NULL),('04e0be3a-b32b-41e0-8d4e-c4ec0c1b302d',4,NULL,NULL),('596f0f93-38df-471f-9d47-4cf7b917b7cb',4,NULL,NULL),('b25f4b22-a360-4955-b0cd-c1d12b4b49eb',4,NULL,NULL),('62969772-5a62-40a8-ab71-4a3041fc07a5',4,NULL,NULL),('39f25241-7b6f-4bc7-b15d-b94c70db1388',4,NULL,NULL),('dd2e818a-3527-46c0-a924-de1a25650e39',4,NULL,NULL),('21659f86-59cd-48b8-8f54-369ce251b1a1',4,NULL,NULL),('f24b76b2-979d-4676-a094-6ccfda4568a5',4,NULL,NULL),('9377e65b-15ae-483a-a38c-b74ee7176b39',4,NULL,NULL),('23a13825-b369-48ef-a101-854ba74f9456',4,NULL,NULL),('40e00ddc-5e47-4bc7-9506-878b7e71c3c0',4,NULL,NULL),('5aa115cb-c27f-4b8e-9b75-8f06b45ea8d2',4,NULL,NULL),('85e33833-1984-4bc9-8abb-1fc62c1df166',4,NULL,NULL),('0fc91be7-a42c-4757-9b1e-6310cd742e82',4,NULL,NULL),('48a435f4-e18e-45ef-9e0b-52ef8fe09be3',4,NULL,NULL),('218d5684-a908-4385-9bc6-39bc007c3d14',4,NULL,NULL),('aac33b92-6e6d-4a26-9e09-197ad1288981',4,NULL,NULL),('1f1cc026-f861-468e-a6ee-d32470b02077',4,NULL,NULL),('b7617476-76ef-43c1-9964-8d33b3cfe39e',4,NULL,NULL),('53fb0d68-d4bb-49ea-b10a-94f5f88edf70',4,NULL,NULL),('d94fc4e8-2846-460d-a0af-bd476680c258',4,NULL,NULL),('ca1279ed-bbfe-4c7c-ab3e-be8f703908a2',4,NULL,NULL),('be8df751-f92a-417f-a05f-0f72046572a1',4,NULL,NULL),('80d9b982-767a-443e-b309-36333d125600',4,NULL,NULL),('3be73229-2f37-4dd9-ba6d-96802aaf4f39',4,NULL,NULL),('8addb68b-fd84-4452-8bce-ae8024e4e98f',4,NULL,NULL),('b487e109-9091-48fb-988b-4b58585512c6',4,NULL,NULL),('51c92d88-6547-4d6f-9305-0cb5d3ca0830',4,NULL,NULL),('93160817-fb17-4376-8aa3-df2765f2e541',4,NULL,NULL),('8d208da6-89f8-46c4-8488-f43750ad62fa',4,NULL,NULL),('911e13d0-f1c0-4db1-be7c-24d2bff0252a',4,NULL,NULL),('1e7d2bf1-7fcb-451a-906e-f1ba930d4ca5',4,NULL,NULL),('a35b2f19-adfe-41cb-965c-1bf1694344d7',4,NULL,NULL),('32a7f786-bfbe-4268-b4e7-ae4026cbcd4c',4,NULL,NULL),('3da6561c-e0db-4859-acbf-0e3a1df30153',4,NULL,NULL),('9e7f5001-f6c3-4131-a726-6e37cfb575ba',4,NULL,NULL),('c7573ec2-7225-470e-837b-4e9e1a0bbb3d',4,NULL,NULL),('301f460d-fe92-4d1d-9b13-2439a5996acd',4,NULL,NULL),('a7178795-c2a9-416f-8824-d10b65928aed',4,NULL,NULL),('6adc22b6-f4fa-4c37-8622-f8557edee17e',4,NULL,NULL),('efdf563d-57ac-4100-b189-dbe0b108176c',4,NULL,NULL),('570a8d39-b12b-4cd0-b4f1-71d15229b248',4,NULL,NULL),('24969045-37a9-44cc-8611-a612c6d95825',4,NULL,NULL),('39c730b3-7c49-460b-a2e9-c1eb12ec0982',4,NULL,NULL),('8e53d9c2-352d-4c1d-be4c-f0e588ea7da0',4,NULL,NULL),('53bf2613-7178-47c0-ac8c-58acd0e5b4b4',4,NULL,NULL),('34e93771-23ad-4008-a511-8eb849b4bb22',4,NULL,NULL),('5f9c4378-3f91-4a29-91f8-6f6e78fcb4db',4,NULL,NULL),('c50fc228-d2f9-48a5-8723-005b8d31242a',4,NULL,NULL),('aceaaf31-dc47-4610-8420-df8548f3f1bb',4,NULL,NULL),('185adab8-9422-4f4c-b24d-73fe826f0a16',4,NULL,NULL),('08cd4101-2bc4-462a-bf64-ee5ab27f1045',4,NULL,NULL),('02cdd441-7f9d-4298-abef-cc1dae68e922',4,NULL,NULL),('8e08b27d-e899-4e7e-bee7-5ee28d06c67c',4,NULL,NULL),('6d13b3a4-5d83-423f-a12e-cf3a755e01ac',4,NULL,NULL),('934a888e-6d57-48a6-a703-a3938373872b',4,NULL,NULL),('3aa79eaa-a100-4e23-954f-4aae33e79695',4,NULL,NULL),('495a5c60-e349-42ca-9428-b7cc0fb9208f',4,NULL,NULL),('893f2739-fc8f-444a-811f-85ffe6a216e3',4,NULL,NULL),('7b241bf3-8475-4806-a4c2-ac65901d7696',4,NULL,NULL),('15e40a86-94af-4cfb-aefc-80b186f81179',4,NULL,NULL),('fbe5e0fe-6209-4c44-b564-e0eb5274ca5e',4,NULL,NULL),('2eaa604c-32d5-427d-aa21-ed517b884681',4,NULL,NULL),('be621d09-ef3c-46e0-b419-3d8818674901',4,NULL,NULL),('b128872e-fb32-4e28-9822-648d5756ad6e',4,NULL,NULL),('c83a109b-12d1-4be5-b583-c793c76f93a1',4,NULL,NULL),('60f7fe48-bb78-4dac-a77c-9e1a8a7c472c',4,NULL,NULL),('93abb203-9462-427d-a0fc-202bb533af8f',4,NULL,NULL),('0632e8de-5ca3-471f-aabd-22f5a7a0252b',4,NULL,NULL),('45f4cf1c-8a89-442d-83a5-bc8d93557ce6',4,NULL,NULL),('57fb3b3a-992b-459b-bccf-e8135cca47a4',4,NULL,NULL),('319cd08a-87ab-409a-8319-a1126fb94b30',4,NULL,NULL),('bcfe507f-8938-490d-ac27-925f0a295d1a',4,NULL,NULL),('2ff52159-1b79-4147-9056-ed2d62170cbd',4,NULL,NULL),('e3de8d0a-2bcf-4ee5-845d-e4bba4a084ef',4,NULL,NULL),('d3a9e561-bb80-4c86-b98e-4238b57edd1f',4,NULL,NULL),('e04023d8-165e-4b5d-ba66-55ce08f80245',4,NULL,NULL),('3871523c-8ae9-4a16-8e80-4ddb7a47f180',4,NULL,NULL),('18bc7beb-a028-4f03-8ec8-492cbe523385',4,NULL,NULL),('c44e7493-96fa-4615-9179-ab4adfa499f0',4,NULL,NULL),('e4b226ea-73d5-4089-a26d-8f2cd65290b8',4,NULL,NULL),('edc249c4-22f0-4358-a2ce-aa5d8f2f5b2a',4,NULL,NULL),('ff2c0d68-70e0-44e6-a7ac-1bd4ff6ab546',4,NULL,NULL),('90a4d428-9a6d-4740-966a-8e79df9e28aa',4,NULL,NULL),('9f5c5644-710a-4681-a257-6900490faacf',4,NULL,NULL),('e5df8b1a-0bf4-4d5d-9130-4deb2e2ead5e',4,NULL,NULL),('eac74002-7648-4f0d-98f5-6b3743c6f0ab',4,NULL,NULL),('6be3eb3e-f982-41e9-8121-bc01335b6e42',4,NULL,NULL),('57902c73-71d0-4a26-a94b-54fca0c7fd43',4,NULL,NULL),('0b3bd479-560c-410f-9218-fca12c6a666d',4,NULL,NULL),('7fc62b0a-0c88-4a22-9cad-83207d7a93cd',4,NULL,NULL),('9e9c34fc-6c70-47fc-9c6f-b8d182dd2cb6',4,NULL,NULL),('5ac31bd2-5fe6-4e21-a316-d5a1ba70e876',4,NULL,NULL),('6c10e7f6-5216-49cd-8a77-17b9f18df171',4,NULL,NULL),('9c85133b-c840-4023-9b76-92df8d6cfab9',4,NULL,NULL),('785061b4-4fe7-4101-83d2-ea95e8e2b170',4,NULL,NULL),('569ea314-5793-42cf-98c5-99181fb82b5b',4,NULL,NULL),('7ea8d728-b8b3-4ed0-8a67-f8a396a19e36',4,NULL,NULL),('84afe9c8-bb60-40fa-9298-71ac1b341a8b',4,NULL,NULL),('9eb1fcb5-8b8c-414a-adde-44eefba1b950',4,NULL,NULL),('946aa919-e1e9-4743-8c9b-9916da99f209',4,NULL,NULL),('77171db1-8b28-4d6e-8ad2-e52416dd356d',4,NULL,NULL),('12311a02-7cf3-4947-a25c-d6a15540d165',4,NULL,NULL),('1753f37e-6c43-4ec0-8044-031b14fcada0',4,NULL,NULL),('a8d0b316-c651-40fa-b3f7-1545956ccf4f',4,NULL,NULL),('3efba979-1f44-414f-82cc-873e2bc0ef3b',4,NULL,NULL),('70a879cf-118e-466f-8af0-05ed2aeb4a28',4,NULL,NULL),('cc3404d3-5d5a-4eb1-9cef-fa95e392ab6e',4,NULL,NULL),('1c41db21-17d6-473f-8ce8-b7f16db5ac4c',4,NULL,NULL),('1480105b-9f27-428b-954a-acea11f80cdf',4,NULL,NULL),('6094f529-f7be-4d07-a3b6-afc549295fc1',4,NULL,NULL),('07c629b9-9a31-4c96-a64a-0363e5224989',4,NULL,NULL),('9eb5a6ea-918c-44ad-9a12-bad9eeb78c12',4,NULL,NULL),('c072f081-1f1a-4903-9a50-39ffff96e688',4,NULL,NULL),('55d968f4-935d-48c1-9f40-8e07d092dba7',4,NULL,NULL),('838ed31d-f0b0-4996-9dc5-1aeddf6d78e4',4,NULL,NULL),('69db98ed-17eb-440e-bbfc-6a545f961033',4,NULL,NULL),('e45772a5-0a63-492a-ba21-4bb408a6c211',4,NULL,NULL),('39d89980-bf7a-4148-a540-0fbde1023de9',4,NULL,NULL),('8c85c30f-ab8b-4dc7-9f9f-f519b87b0a77',4,NULL,NULL),('66b25068-7b67-4846-99d1-ddc798317e63',4,NULL,NULL),('bf697e7a-a943-458f-a816-25939d596ae3',4,NULL,NULL),('dca2cd4b-aa02-4508-9063-c6c7cff482f8',4,NULL,NULL),('43f436cc-57a5-4c4b-95ff-012a46ed5c36',4,NULL,NULL);
/*!40000 ALTER TABLE `role_user` ENABLE KEYS */;
UNLOCK TABLES;

--
-- Table structure for table `roles`
--

DROP TABLE IF EXISTS `roles`;
/*!40101 SET @saved_cs_client     = @@character_set_client */;
/*!50503 SET character_set_client = utf8mb4 */;
CREATE TABLE `roles` (
  `id` bigint unsigned NOT NULL AUTO_INCREMENT,
  `name` varchar(255) COLLATE utf8mb4_unicode_ci NOT NULL,
  `priority_id` bigint unsigned NOT NULL,
  `created_at` timestamp NULL DEFAULT NULL,
  `updated_at` timestamp NULL DEFAULT NULL,
  PRIMARY KEY (`id`),
  KEY `roles_priority_id_foreign` (`priority_id`),
  CONSTRAINT `roles_priority_id_foreign` FOREIGN KEY (`priority_id`) REFERENCES `priorities` (`id`) ON UPDATE CASCADE
) ENGINE=InnoDB AUTO_INCREMENT=5 DEFAULT CHARSET=utf8mb4 COLLATE=utf8mb4_unicode_ci;
/*!40101 SET character_set_client = @saved_cs_client */;

--
-- Dumping data for table `roles`
--

LOCK TABLES `roles` WRITE;
/*!40000 ALTER TABLE `roles` DISABLE KEYS */;
INSERT INTO `roles` VALUES (1,'Administrator',1,NULL,NULL),(2,'Teacher',2,NULL,NULL),(3,'Student',2,NULL,NULL),(4,'Guardian',2,NULL,NULL);
/*!40000 ALTER TABLE `roles` ENABLE KEYS */;
UNLOCK TABLES;

--
-- Table structure for table `schools`
--

DROP TABLE IF EXISTS `schools`;
/*!40101 SET @saved_cs_client     = @@character_set_client */;
/*!50503 SET character_set_client = utf8mb4 */;
CREATE TABLE `schools` (
  `id` char(36) COLLATE utf8mb4_unicode_ci NOT NULL,
  `name` varchar(255) COLLATE utf8mb4_unicode_ci NOT NULL,
  `phone` varchar(255) COLLATE utf8mb4_unicode_ci NOT NULL,
  `address` text COLLATE utf8mb4_unicode_ci NOT NULL,
  `city_id` varchar(255) COLLATE utf8mb4_unicode_ci NOT NULL,
  `responsable_name` varchar(255) COLLATE utf8mb4_unicode_ci NOT NULL,
  `responsable_phone` varchar(255) COLLATE utf8mb4_unicode_ci NOT NULL,
  `responsable_address` varchar(255) COLLATE utf8mb4_unicode_ci NOT NULL,
  `administrator_id` char(36) COLLATE utf8mb4_unicode_ci NOT NULL,
  `created_at` timestamp NULL DEFAULT NULL,
  `updated_at` timestamp NULL DEFAULT NULL,
  PRIMARY KEY (`id`),
  KEY `schools_city_id_foreign` (`city_id`),
  KEY `schools_administrator_id_foreign` (`administrator_id`),
  CONSTRAINT `schools_administrator_id_foreign` FOREIGN KEY (`administrator_id`) REFERENCES `administrators` (`id`) ON DELETE CASCADE ON UPDATE CASCADE,
  CONSTRAINT `schools_city_id_foreign` FOREIGN KEY (`city_id`) REFERENCES `cities` (`id`) ON UPDATE CASCADE
) ENGINE=InnoDB DEFAULT CHARSET=utf8mb4 COLLATE=utf8mb4_unicode_ci;
/*!40101 SET character_set_client = @saved_cs_client */;

--
-- Dumping data for table `schools`
--

LOCK TABLES `schools` WRITE;
/*!40000 ALTER TABLE `schools` DISABLE KEYS */;
INSERT INTO `schools` VALUES ('0514b7dd-a203-4433-b1cf-c57463b50e0f','Anderson Group','+1-341-610-7540','48818 Gislason Road Suite 397\nCornellstad, SC 23105-8065','d09262d1-49cb-41da-9e6b-0cca745949eb','Olson','559-597-7739','95985 Carley Mountains Apt. 459\nPacochafort, CO 12479-8497','df9a63ae-701b-491c-87db-a8bc09586395','2024-01-30 14:21:04','2024-01-30 14:21:04'),('0699ae8f-ed3b-4fe0-b0e5-bd4c8cb9c968','Homenick-Quigley','+1 (856) 358-4338','8904 Zulauf Bridge Apt. 248\nMorarmouth, RI 97102','e6a856cc-91e8-4baa-b442-24afe45bd8f4','Murphy','1-425-460-7318','936 Celine Locks\nSouth Keeley, OR 20263-4543','457524d4-022b-4121-a497-05641f51d13c','2024-01-30 14:21:04','2024-01-30 14:21:04'),('2f839e9c-fc64-4222-bf63-57c25bc6823d','Kuhic Inc','+1 (803) 258-6341','3974 VonRueden Ports Suite 898\nWest Harrisonshire, IL 61678','5fe1e099-cc26-45da-bb1e-637a4ae17d46','O\'Kon','+1.754.234.6163','9337 Kiel Glen Apt. 034\nLake Britney, ME 77193','df9a63ae-701b-491c-87db-a8bc09586395','2024-01-30 14:21:04','2024-01-30 14:21:04'),('418eb3aa-e7ab-4824-9abf-2abd85448d9e','Kozey PLC','(737) 456-5284','5328 Wyman Plains Apt. 074\nEast Hiram, SC 00899','0568eb01-476d-491e-876a-771024dc194c','Prosacco','(229) 715-6741','5091 Lorena Spurs\nLake Zoiebury, MN 37286','457524d4-022b-4121-a497-05641f51d13c','2024-01-30 14:21:04','2024-01-30 14:21:04'),('5b03b1be-ff6a-43b5-b64a-75635f54f4ac','Kemmer-Carter','1-475-430-9187','38909 Doyle Drive Apt. 287\nSouth Ali, AK 37481-2013','0aad414f-3535-4cf9-99c5-af67ab159031','West','(678) 971-3938','6879 Armstrong Centers\nWest Piercefort, NY 37384','457524d4-022b-4121-a497-05641f51d13c','2024-01-30 14:21:04','2024-01-30 14:21:04'),('6d5e1448-d64e-4b76-957e-c7dff30c9193','Hayes-Becker','1-732-638-9003','418 Arely Hollow\nDakotamouth, IN 44007-7777','ec4f7e1e-8eea-405e-af07-1b2f3cee8fee','Kohler','706-413-3754','2270 Senger Rapid\nCassinberg, AR 70042','457524d4-022b-4121-a497-05641f51d13c','2024-01-30 14:21:04','2024-01-30 14:21:04'),('74b88cd9-31d4-4330-a77f-dcae3e6c11cd','Wunsch-Dickinson','440-946-0718','14881 Sporer Way\nAndreschester, WA 34081-2657','74a5f524-6533-4c61-b880-14508ae3dcbd','Steuber','+1-817-865-3889','20990 Botsford Grove Apt. 819\nSalvatorestad, NE 61952-2556','457524d4-022b-4121-a497-05641f51d13c','2024-01-30 14:21:04','2024-01-30 14:21:04'),('8c5e99df-1b38-4ad3-951b-11a121e6473b','Collier-Smith','(445) 666-0621','9769 Mckenzie Ferry Suite 802\nPort Ephraim, MN 67883','9d408077-18d5-4f2e-b357-6047dcb583e1','Bahringer','718-917-1535','97834 Von Crossing\nNorth Elyse, MI 19434','7900a0d1-05c1-4c9e-8713-1f65a71ea68e','2024-01-30 14:21:04','2024-01-30 14:21:04'),('95bc2ee4-513d-4b51-b470-4939bbc24a10','Bailey-Will','+16505303270','45061 Sydnee Mount Apt. 546\nEast Tatum, ND 12826','5fe1e099-cc26-45da-bb1e-637a4ae17d46','Muller','(872) 340-2795','79067 Janet Glens Apt. 058\nO\'Haraville, WV 03446-1591','df9a63ae-701b-491c-87db-a8bc09586395','2024-01-30 14:21:04','2024-01-30 14:21:04'),('9eab47e7-591c-4402-aa16-37e7535dd634','Parisian Group','1-540-807-8646','7687 Robel Tunnel\nSouth Gerhardberg, NE 04707','e7ceabee-74a8-4912-b7ba-3b860444444b','Quitzon','+1-423-379-3283','283 Christiansen Lane\nStantonview, TN 38104-1792','df9a63ae-701b-491c-87db-a8bc09586395','2024-01-30 14:21:04','2024-01-30 14:21:04'),('b536c2b6-5643-4ba0-953e-5b07f6842701','Daniel Group','+1-872-213-5144','81059 Rosalinda Trace Suite 480\nRaynorton, TX 25613','36032734-05c1-4f9d-b7bd-4a7c2023bd4d','Mayer','+1.360.344.6342','756 Boyle Drive Suite 407\nNorth Elveraberg, DC 25099-6565','df9a63ae-701b-491c-87db-a8bc09586395','2024-01-30 14:21:04','2024-01-30 14:21:04'),('b604b773-1a11-4331-b85a-31c54f801b95','Hauck-Stiedemann','323.614.3772','82030 Garett Glen Suite 902\nNew Coleburgh, TX 70430','be464f9a-be47-434f-b017-791ef06294d1','Yundt','+1-430-206-0082','443 Gutmann Lane\nNorth Karolannport, IA 14586-1483','7900a0d1-05c1-4c9e-8713-1f65a71ea68e','2024-01-30 14:21:04','2024-01-30 14:21:04'),('ba7a0e19-99ec-4619-9701-e72085735749','Johns Inc','+1-626-490-9686','245 Kariane Hill Suite 425\nLake Kelton, WI 02375-9102','d984c2b1-fada-4c63-b1a6-1d77e198f873','Wintheiser','+1-364-920-4657','49220 Volkman Drives\nNorth Frances, MA 62610-5160','457524d4-022b-4121-a497-05641f51d13c','2024-01-30 14:21:04','2024-01-30 14:21:04'),('c3419ecf-33f6-4e26-8f28-814c70105815','Volkman Ltd','+1-361-587-3988','5792 Kuhn Way Suite 606\nLake Aprilport, ND 99261-2531','e32b23be-de3f-4d7a-a5df-c6eef71e1c70','Shanahan','571-348-7222','792 Hope Forks Apt. 759\nPort Raphael, VA 95893-4254','457524d4-022b-4121-a497-05641f51d13c','2024-01-30 14:21:04','2024-01-30 14:21:04'),('cbb36fd5-730b-4ab8-93d4-50959db6db37','Roberts LLC','+12547292723','788 Bins Burgs Suite 754\nWest Adelleville, IA 64335','cefe7691-95ac-4722-8616-64f0e7ce398e','Mraz','1-231-777-7343','9577 Henri Island\nNew Naomiport, CO 04259','df9a63ae-701b-491c-87db-a8bc09586395','2024-01-30 14:21:04','2024-01-30 14:21:04'),('ceae2ff5-6d6a-43ef-9c91-d189208c52b2','Sipes, Dibbert and Fisher','682-230-8128','275 Marvin Fall\nLeoraberg, ME 88114-2768','d8c05c23-624d-4465-a16a-911876808272','Rempel','(334) 576-6004','6133 Tony Corner\nWest Jordan, CA 45247','7900a0d1-05c1-4c9e-8713-1f65a71ea68e','2024-01-30 14:21:04','2024-01-30 14:21:04'),('d607ab2f-8e00-4037-bc04-277689de1cfa','Abshire, Nader and Bosco','1-501-260-6904','4378 Goodwin Harbor Suite 454\nSporerborough, CT 82509','63395a71-885d-40ac-8b0d-58469fd88707','Fadel','+1.681.385.7685','9679 Hilbert Villages Apt. 811\nKozeyfurt, GA 33923','7900a0d1-05c1-4c9e-8713-1f65a71ea68e','2024-01-30 14:21:04','2024-01-30 14:21:04'),('d789dc5c-935f-4016-aefc-73f681ced25a','O\'Connell-Schuppe','952.486.4616','41668 Lavada Fords Apt. 637\nSouth Darren, NH 40878','cd97fa43-4a62-4aa1-911f-54768c475376','Lind','+1 (802) 672-1740','321 Koelpin Manors\nDorotheaborough, ME 69247-0966','7900a0d1-05c1-4c9e-8713-1f65a71ea68e','2024-01-30 14:21:04','2024-01-30 14:21:04'),('e81bc486-f59d-4eda-b4ab-5f55a3e25034','Hills Inc','+19102818660','217 Swift Mews\nWest Ashleigh, LA 73674-2555','4cd4e179-84f6-4af8-826e-a8e6c3747c4a','Schmitt','813.883.5039','18052 Witting Road\nSouth Francoton, OR 62509','df9a63ae-701b-491c-87db-a8bc09586395','2024-01-30 14:21:04','2024-01-30 14:21:04'),('f75d4b92-4c34-4c3e-b6fa-bf6d2f5b9ade','Friesen-Beahan','+1-651-816-4607','861 Kuvalis Drives Apt. 615\nLake Chetmouth, MD 56965-2084','d06db5ab-e21e-4fae-b717-c09638c5eb48','Buckridge','(308) 549-9691','584 Braulio Mall Suite 929\nLake Lelahtown, NM 48901-9004','457524d4-022b-4121-a497-05641f51d13c','2024-01-30 14:21:04','2024-01-30 14:21:04');
/*!40000 ALTER TABLE `schools` ENABLE KEYS */;
UNLOCK TABLES;

--
-- Table structure for table `sections`
--

DROP TABLE IF EXISTS `sections`;
/*!40101 SET @saved_cs_client     = @@character_set_client */;
/*!50503 SET character_set_client = utf8mb4 */;
CREATE TABLE `sections` (
  `id` bigint unsigned NOT NULL AUTO_INCREMENT,
  `name` varchar(255) COLLATE utf8mb4_unicode_ci NOT NULL,
  `created_at` timestamp NULL DEFAULT NULL,
  `updated_at` timestamp NULL DEFAULT NULL,
  PRIMARY KEY (`id`)
) ENGINE=InnoDB AUTO_INCREMENT=4 DEFAULT CHARSET=utf8mb4 COLLATE=utf8mb4_unicode_ci;
/*!40101 SET character_set_client = @saved_cs_client */;

--
-- Dumping data for table `sections`
--

LOCK TABLES `sections` WRITE;
/*!40000 ALTER TABLE `sections` DISABLE KEYS */;
INSERT INTO `sections` VALUES (1,'primaire',NULL,NULL),(2,'Cycle d\'orientation (CO)',NULL,NULL),(3,'Imanut',NULL,NULL);
/*!40000 ALTER TABLE `sections` ENABLE KEYS */;
UNLOCK TABLES;

--
-- Table structure for table `students`
--

DROP TABLE IF EXISTS `students`;
/*!40101 SET @saved_cs_client     = @@character_set_client */;
/*!50503 SET character_set_client = utf8mb4 */;
CREATE TABLE `students` (
  `id` char(36) COLLATE utf8mb4_unicode_ci NOT NULL,
  `admission` date DEFAULT NULL,
  `classe_id` char(36) COLLATE utf8mb4_unicode_ci NOT NULL,
  `created_at` timestamp NULL DEFAULT NULL,
  `updated_at` timestamp NULL DEFAULT NULL,
  PRIMARY KEY (`id`),
  KEY `students_classe_id_foreign` (`classe_id`),
  CONSTRAINT `students_classe_id_foreign` FOREIGN KEY (`classe_id`) REFERENCES `classes` (`id`) ON UPDATE CASCADE
) ENGINE=InnoDB DEFAULT CHARSET=utf8mb4 COLLATE=utf8mb4_unicode_ci;
/*!40101 SET character_set_client = @saved_cs_client */;

--
-- Dumping data for table `students`
--

LOCK TABLES `students` WRITE;
/*!40000 ALTER TABLE `students` DISABLE KEYS */;
INSERT INTO `students` VALUES ('009e5bb1-8c8a-4e63-830f-a36cd8c8244f','2017-12-23','51ba0bd7-696b-4b06-a2d2-29f520a6f2ba','2024-01-30 14:21:06','2024-01-30 14:21:06'),('015b0930-ed0c-4348-810e-07de8119b08c','2022-10-23','c56bdfa5-c579-4a50-a15c-ba1a8b676aa7','2024-01-30 14:21:07','2024-01-30 14:21:07'),('01ca42b1-367f-461b-9c4f-c05ceb0c6cd8','2023-03-23','b6fa0018-8d93-4676-86de-d37fe3bacdc7','2024-01-30 14:21:07','2024-01-30 14:21:07'),('05a24870-f030-4631-a14e-3734a665dd0b','2017-11-08','9f98a1c5-db88-4805-8933-9499d952e5de','2024-01-30 14:21:07','2024-01-30 14:21:07'),('0cc84d82-4114-4845-8421-0e46258552f1','2016-01-13','a68a599f-1f1a-4bd3-b44e-256b6ac40038','2024-01-30 14:21:06','2024-01-30 14:21:06'),('0db3eae5-4005-45c3-8521-0bef6836125a','2023-04-26','d3637259-2f87-4e1f-849c-046c863d3d2a','2024-01-30 14:21:07','2024-01-30 14:21:07'),('0fe94e6e-76e3-4c03-b73c-9e386a07384e','2016-01-30','dfa6f211-bb21-4540-ad86-38591a0d44cb','2024-01-30 14:21:07','2024-01-30 14:21:07'),('132cdee6-8de2-4642-95f5-54ec4c577c0c','2017-06-27','d33f80b5-ac92-4a2f-ac50-f0bd678c092c','2024-01-30 14:21:07','2024-01-30 14:21:07'),('1d76c2a1-b9e6-4e3a-b819-bdf946c4cdb2','2021-12-03','1a45c30f-a5af-4062-911d-85706b60afe1','2024-01-30 14:21:06','2024-01-30 14:21:06'),('1eaeca99-962f-40a0-b014-96f21ead7f3a','2015-11-30','a126c5e6-2290-4c41-b432-a7db1576462f','2024-01-30 14:21:07','2024-01-30 14:21:07'),('1f13466f-6a9b-489b-a49d-bc4329b06f3b','2022-09-17','cc7c1bfb-cf9c-41f5-839d-daec46b57e6c','2024-01-30 14:21:07','2024-01-30 14:21:07'),('24d833d3-c71b-43c5-a50d-b7358cfbe4e2','2017-08-05','88fb0e68-704a-443b-a5bc-147dad6c744e','2024-01-30 14:21:07','2024-01-30 14:21:07'),('28d82158-1b2f-446d-bc78-d272017b9b2d','2019-02-22','e6f4fbeb-f636-4be4-8990-0e6b8da55183','2024-01-30 14:21:07','2024-01-30 14:21:07'),('2a0f3edd-0bec-4dba-92d1-d5175bb9d211','2023-02-01','5d41d2dc-be5a-414e-b906-b5e2138a4feb','2024-01-30 14:21:07','2024-01-30 14:21:07'),('2be1d9a4-0b57-41c4-9e95-e27d789079dc','2015-05-06','6a11ae87-b852-47b6-a700-8382191de8f5','2024-01-30 14:21:07','2024-01-30 14:21:07'),('356c3422-9792-43da-8ae3-7e2b2eb6b3ce','2016-08-26','b6fa0018-8d93-4676-86de-d37fe3bacdc7','2024-01-30 14:21:07','2024-01-30 14:21:07'),('35bdce56-0d81-481f-849c-349964ca20f4','2018-09-30','8aeaba81-aa0c-43ed-bba3-451a2e631d26','2024-01-30 14:21:06','2024-01-30 14:21:06'),('365d52bf-0597-4f08-894b-890a1a48d8e6','2016-09-30','cc7c1bfb-cf9c-41f5-839d-daec46b57e6c','2024-01-30 14:21:07','2024-01-30 14:21:07'),('368224fb-f5d8-4b2e-83de-593d71abe9b4','2015-02-03','e48f76b7-59f0-426f-ae48-10aba251590f','2024-01-30 14:21:07','2024-01-30 14:21:07'),('36b79414-73fc-49ba-a8df-01b3dc6a9cb6','2017-04-29','8aeaba81-aa0c-43ed-bba3-451a2e631d26','2024-01-30 14:21:07','2024-01-30 14:21:07'),('390c0dcd-e036-4d57-8ea8-ad40968d0598','2016-06-11','51ba0bd7-696b-4b06-a2d2-29f520a6f2ba','2024-01-30 14:21:07','2024-01-30 14:21:07'),('3b9a1a18-2663-4678-8557-21e59b20c4be','2015-01-18','d97e15c0-acff-418b-b4f4-2c5d2f6ce25a','2024-01-30 14:21:07','2024-01-30 14:21:07'),('3f11bbae-b2a5-4b39-bcb8-25d9f97f20db','2022-01-13','07b0ab31-0991-435d-8759-e6ea5b0a1b14','2024-01-30 14:21:07','2024-01-30 14:21:07'),('3fdddd39-b0be-4adf-a6f4-6088c99dae92','2020-07-23','ffe92263-752f-40c1-8aeb-69b849c4eae1','2024-01-30 14:21:07','2024-01-30 14:21:07'),('40760330-bec4-43f5-92a9-4a832393f831','2022-07-13','ffe92263-752f-40c1-8aeb-69b849c4eae1','2024-01-30 14:21:06','2024-01-30 14:21:06'),('42676c79-3487-42b0-b827-d46a430e15b8','2014-04-02','d3637259-2f87-4e1f-849c-046c863d3d2a','2024-01-30 14:21:07','2024-01-30 14:21:07'),('4cd7f61e-7ed5-4ff4-a20c-23441847f952','2017-12-09','a0fd58a2-0b6b-43ec-8d08-42f95c9413e9','2024-01-30 14:21:07','2024-01-30 14:21:07'),('502e56f4-79fd-4129-ba47-184f3c974b5f','2023-04-14','c56bdfa5-c579-4a50-a15c-ba1a8b676aa7','2024-01-30 14:21:07','2024-01-30 14:21:07'),('53228600-cd0e-48f1-9367-aa72196a2248','2021-10-30','eb056c8b-b504-4b58-b78c-d57774a9a689','2024-01-30 14:21:07','2024-01-30 14:21:07'),('58b1aa03-535a-4688-89e5-8d2ff90af3e4','2015-12-28','eb056c8b-b504-4b58-b78c-d57774a9a689','2024-01-30 14:21:06','2024-01-30 14:21:06'),('59e3d9e2-ce15-4d71-8f3f-07330fb349aa','2015-07-28','530bd748-e083-4959-9b53-3b9fc553e4d5','2024-01-30 14:21:06','2024-01-30 14:21:06'),('5c89b1db-d5fb-4a6f-9da7-a4fc6ff52d56','2020-11-11','0cf11b34-2939-4f7d-a72d-e1a356fa4334','2024-01-30 14:21:06','2024-01-30 14:21:06'),('5ee22884-4592-43c2-9196-355a51e2bfda','2016-04-10','7a61a2a3-a1b4-4df9-b9de-b9b95e9b7f29','2024-01-30 14:21:06','2024-01-30 14:21:06'),('617a39fc-78bf-4351-81bc-0cc820882702','2020-11-22','0063191a-9baa-4e53-a19b-0720ba9cc9a9','2024-01-30 14:21:07','2024-01-30 14:21:07'),('61a6eab1-b9cf-456c-9a1c-9ee6025d2ede','2019-03-05','7a61a2a3-a1b4-4df9-b9de-b9b95e9b7f29','2024-01-30 14:21:07','2024-01-30 14:21:07'),('61e9cd0f-4db8-4d89-a4da-24269a13264b','2017-04-14','1a45c30f-a5af-4062-911d-85706b60afe1','2024-01-30 14:21:06','2024-01-30 14:21:06'),('61f105a6-f384-469c-bcf6-130080a12f7c','2015-07-06','1067412b-4d37-4b19-8993-3872facd90b1','2024-01-30 14:21:06','2024-01-30 14:21:06'),('630533e4-6791-46b1-aad4-54f0af0fcfa5','2017-07-17','9d6f9db2-d293-43b0-b7cb-fe97e4f32cf8','2024-01-30 14:21:07','2024-01-30 14:21:07'),('665d0984-fa87-4f3a-8e48-6bcdf802e1ba','2021-03-31','0063191a-9baa-4e53-a19b-0720ba9cc9a9','2024-01-30 14:21:07','2024-01-30 14:21:07'),('69590b68-7291-4601-93e4-c91ee6682cbe','2022-06-04','d97e15c0-acff-418b-b4f4-2c5d2f6ce25a','2024-01-30 14:21:06','2024-01-30 14:21:06'),('6c5e3e73-8123-422f-8305-388e49055330','2019-11-25','b4504737-2003-4d5f-b30d-81ac410c6ffa','2024-01-30 14:21:07','2024-01-30 14:21:07'),('77960f38-882b-4979-aedd-475a1f4d3f18','2014-05-12','d97e15c0-acff-418b-b4f4-2c5d2f6ce25a','2024-01-30 14:21:06','2024-01-30 14:21:06'),('79346667-07bb-4520-8f96-bb184cbdf3cc','2022-05-11','9d6f9db2-d293-43b0-b7cb-fe97e4f32cf8','2024-01-30 14:21:07','2024-01-30 14:21:07'),('7c2dd58f-d0a8-4195-849b-11df1f059797','2021-09-05','8b66b67a-ab60-4982-9a74-25c449c75b96','2024-01-30 14:21:07','2024-01-30 14:21:07'),('7dd429ee-4d3e-434c-8db2-d070aa972e1c','2021-01-02','2ac0dea0-d3f9-47d2-bfbf-e62b94b4b928','2024-01-30 14:21:07','2024-01-30 14:21:07'),('807e8f19-2289-4b96-9ac3-72f40457f07d','2015-09-05','88fb0e68-704a-443b-a5bc-147dad6c744e','2024-01-30 14:21:07','2024-01-30 14:21:07'),('83020315-7814-4e9b-bc4f-ec4374ebecd1','2015-11-03','d21c5aef-593e-41ba-96d6-e9aa1bee339a','2024-01-30 14:21:07','2024-01-30 14:21:07'),('855e8807-57be-4094-8184-1ae8112816c4','2016-07-20','cc7c1bfb-cf9c-41f5-839d-daec46b57e6c','2024-01-30 14:21:07','2024-01-30 14:21:07'),('85c4ea4b-a6fd-43d8-a4a3-08982a634fc0','2023-12-06','b399d88d-2b1d-4cbc-a106-e4f3ad023139','2024-01-30 14:21:07','2024-01-30 14:21:07'),('87464a67-1eb9-43cc-b51c-75de921d05b4','2014-07-02','8aeaba81-aa0c-43ed-bba3-451a2e631d26','2024-01-30 14:21:07','2024-01-30 14:21:07'),('8b1a404d-6e9d-4c29-810d-9032a77fc9c9','2021-06-19','1a45c30f-a5af-4062-911d-85706b60afe1','2024-01-30 14:21:06','2024-01-30 14:21:06'),('8cab8868-6d40-498b-bb87-b8957bfcbf37','2022-03-19','a68a599f-1f1a-4bd3-b44e-256b6ac40038','2024-01-30 14:21:07','2024-01-30 14:21:07'),('8f2ae499-cba3-4187-a541-094828242015','2017-06-05','b6fa0018-8d93-4676-86de-d37fe3bacdc7','2024-01-30 14:21:07','2024-01-30 14:21:07'),('92bfb97b-6942-45a6-9850-53e1eaf10811','2016-04-25','5d41d2dc-be5a-414e-b906-b5e2138a4feb','2024-01-30 14:21:07','2024-01-30 14:21:07'),('931af2ab-3a1a-4883-960a-67089d222f11','2018-10-27','b4504737-2003-4d5f-b30d-81ac410c6ffa','2024-01-30 14:21:07','2024-01-30 14:21:07'),('944ef95f-1360-4b89-bfb7-236d2b575ad7','2021-08-07','5d41d2dc-be5a-414e-b906-b5e2138a4feb','2024-01-30 14:21:06','2024-01-30 14:21:06'),('9cc91197-ae9f-4337-b2df-68ca7bf7914a','2023-06-07','07b0ab31-0991-435d-8759-e6ea5b0a1b14','2024-01-30 14:21:07','2024-01-30 14:21:07'),('9d1ca466-23d4-4fd0-bb87-bfefc4a18c0b','2018-02-18','cc7c1bfb-cf9c-41f5-839d-daec46b57e6c','2024-01-30 14:21:07','2024-01-30 14:21:07'),('a1db374f-ac43-41c2-ad94-879073e2e137','2019-01-23','d33f80b5-ac92-4a2f-ac50-f0bd678c092c','2024-01-30 14:21:07','2024-01-30 14:21:07'),('a257603b-a728-441e-a78e-a656a11c7905','2017-02-23','07b0ab31-0991-435d-8759-e6ea5b0a1b14','2024-01-30 14:21:07','2024-01-30 14:21:07'),('a44b5b91-b47e-4d01-b727-9edd19b26303','2021-06-24','a126c5e6-2290-4c41-b432-a7db1576462f','2024-01-30 14:21:07','2024-01-30 14:21:07'),('a5293b86-1d49-4132-8ae9-d80121464264','2019-03-25','a0fd58a2-0b6b-43ec-8d08-42f95c9413e9','2024-01-30 14:21:07','2024-01-30 14:21:07'),('a6b9e490-d17e-45dc-abb5-17be0ee02a09','2015-06-12','7a61a2a3-a1b4-4df9-b9de-b9b95e9b7f29','2024-01-30 14:21:07','2024-01-30 14:21:07'),('a8227b17-cd2a-4f05-a1fe-b498a2f3ae31','2018-01-13','d33f80b5-ac92-4a2f-ac50-f0bd678c092c','2024-01-30 14:21:07','2024-01-30 14:21:07'),('a846e6fe-252d-4664-ad64-ff6b2b7a50db','2015-04-27','9f98a1c5-db88-4805-8933-9499d952e5de','2024-01-30 14:21:07','2024-01-30 14:21:07'),('a9370c0b-e01f-4b93-8ce4-0f01fbcba058','2017-04-03','5d41d2dc-be5a-414e-b906-b5e2138a4feb','2024-01-30 14:21:06','2024-01-30 14:21:06'),('ae5920ec-2f79-4802-ac9c-7781fd8c68aa','2020-02-24','9f98a1c5-db88-4805-8933-9499d952e5de','2024-01-30 14:21:06','2024-01-30 14:21:06'),('b71178f5-33db-4840-ae96-b72cdf03f258','2019-08-12','a126c5e6-2290-4c41-b432-a7db1576462f','2024-01-30 14:21:07','2024-01-30 14:21:07'),('b75eb3e9-a430-4c88-95b4-0ea6fdff5835','2023-07-25','3c34b9bc-684b-48cf-8d91-c4c8e1e9fa46','2024-01-30 14:21:07','2024-01-30 14:21:07'),('b8d6ef87-0c39-4a06-a8d7-c1989ea904de','2014-09-27','0063191a-9baa-4e53-a19b-0720ba9cc9a9','2024-01-30 14:21:07','2024-01-30 14:21:07'),('bab90b84-a56d-479d-b336-818d6bde4c6f','2019-12-31','e6f4fbeb-f636-4be4-8990-0e6b8da55183','2024-01-30 14:21:07','2024-01-30 14:21:07'),('bb76988e-d904-43fa-8ecb-61efd53f778a','2021-07-16','6a11ae87-b852-47b6-a700-8382191de8f5','2024-01-30 14:21:06','2024-01-30 14:21:06'),('c0cbb9fe-9b25-4ec7-9e0b-2998a0e2aee6','2014-10-09','5d41d2dc-be5a-414e-b906-b5e2138a4feb','2024-01-30 14:21:07','2024-01-30 14:21:07'),('c27a6ba9-acbe-4dd7-a4ee-1ad59df003ef','2021-11-07','b399d88d-2b1d-4cbc-a106-e4f3ad023139','2024-01-30 14:21:07','2024-01-30 14:21:07'),('c71527c1-6415-4151-bfa5-1027b11a42e1','2017-05-15','eb056c8b-b504-4b58-b78c-d57774a9a689','2024-01-30 14:21:07','2024-01-30 14:21:07'),('c74497d5-943b-452c-8503-a2f0e1675708','2019-05-29','be445e2a-4faf-45ad-8f61-94a558c3127e','2024-01-30 14:21:07','2024-01-30 14:21:07'),('cb5f9291-e575-4380-8931-492cd05c9142','2019-05-05','2ac0dea0-d3f9-47d2-bfbf-e62b94b4b928','2024-01-30 14:21:07','2024-01-30 14:21:07'),('cdf37ec8-44d9-405f-bba1-96c2c19acc86','2018-10-29','e48f76b7-59f0-426f-ae48-10aba251590f','2024-01-30 14:21:07','2024-01-30 14:21:07'),('cebdc6ef-bc59-4bed-be48-760762c7dd04','2019-09-16','1067412b-4d37-4b19-8993-3872facd90b1','2024-01-30 14:21:07','2024-01-30 14:21:07'),('d3fcfcb7-7785-4979-99c5-c8d847600390','2023-08-16','267c0b9e-29d1-47f0-b21f-4f36f246a221','2024-01-30 14:21:07','2024-01-30 14:21:07'),('d4197b66-a316-47a7-8329-b21feae3050e','2017-07-18','f2302947-bd66-4ed1-9f40-854cb8efb814','2024-01-30 14:21:07','2024-01-30 14:21:07'),('d5f24768-bacd-4b2c-b64b-2d21ed50e54d','2015-03-18','8aeaba81-aa0c-43ed-bba3-451a2e631d26','2024-01-30 14:21:06','2024-01-30 14:21:06'),('d6f289e9-e421-4177-8c7e-433a78aba754','2015-01-22','a0fd58a2-0b6b-43ec-8d08-42f95c9413e9','2024-01-30 14:21:07','2024-01-30 14:21:07'),('d709fe54-bf43-4390-b042-e20dfa55ec2a','2015-04-08','da4c5b2e-27da-4054-95fd-e176e2cf153c','2024-01-30 14:21:07','2024-01-30 14:21:07'),('d96d829f-a316-4218-9eef-7a83ab4a21e6','2023-03-14','eb056c8b-b504-4b58-b78c-d57774a9a689','2024-01-30 14:21:07','2024-01-30 14:21:07'),('d9f7ca11-047e-49ed-8f07-50b708e1f7e5','2019-04-29','0d828353-2ae7-4255-8c95-76994b77f0bf','2024-01-30 14:21:07','2024-01-30 14:21:07'),('da10744b-b7a0-443a-ae3d-4c00cc203605','2014-10-20','da4c5b2e-27da-4054-95fd-e176e2cf153c','2024-01-30 14:21:06','2024-01-30 14:21:06'),('daf0f1ff-5f39-4105-8e16-56214a55d05c','2015-02-05','5a955175-3c38-4dd7-97da-007e8a980f16','2024-01-30 14:21:07','2024-01-30 14:21:07'),('dd248070-045b-43c6-86f9-983e3436b32c','2014-06-25','5a955175-3c38-4dd7-97da-007e8a980f16','2024-01-30 14:21:07','2024-01-30 14:21:07'),('dfafe12f-6777-419a-b154-89685d72f2f3','2024-01-30','6a11ae87-b852-47b6-a700-8382191de8f5','2024-01-30 14:21:07','2024-01-30 14:21:07'),('e2f633ea-a604-44dc-8296-3f6531a746d6','2015-08-06','eb056c8b-b504-4b58-b78c-d57774a9a689','2024-01-30 14:21:07','2024-01-30 14:21:07'),('e3117125-b7ef-43c3-80df-66a0cc57fe92','2019-05-27','cda4f536-8646-4df1-89db-0bb869626a12','2024-01-30 14:21:06','2024-01-30 14:21:06'),('e759417f-2065-4dd5-873e-5e0c2e696846','2022-03-03','267c0b9e-29d1-47f0-b21f-4f36f246a221','2024-01-30 14:21:06','2024-01-30 14:21:06'),('e811def5-18c7-4917-b668-96512250ada6','2021-10-04','b4504737-2003-4d5f-b30d-81ac410c6ffa','2024-01-30 14:21:07','2024-01-30 14:21:07'),('e842fdaf-2201-4b09-baaa-4fc6585baad4','2018-06-27','8b66b67a-ab60-4982-9a74-25c449c75b96','2024-01-30 14:21:07','2024-01-30 14:21:07'),('effa2c66-87e1-4437-9935-f816c6b248a5','2016-12-25','8b66b67a-ab60-4982-9a74-25c449c75b96','2024-01-30 14:21:07','2024-01-30 14:21:07'),('f2a2eb3f-b41c-49e3-99fd-55030d1c5243','2016-12-14','dfa6f211-bb21-4540-ad86-38591a0d44cb','2024-01-30 14:21:07','2024-01-30 14:21:07'),('f6be5930-24d9-4dd5-891e-4e81ad273254','2021-03-06','d21c5aef-593e-41ba-96d6-e9aa1bee339a','2024-01-30 14:21:07','2024-01-30 14:21:07'),('f9b8f375-8a6a-47d6-b322-2c3446cec6d8','2017-11-01','3c34b9bc-684b-48cf-8d91-c4c8e1e9fa46','2024-01-30 14:21:06','2024-01-30 14:21:06'),('fd9d2d6d-a64a-4ded-8aa7-ebb2efdbd40d','2022-03-13','3c34b9bc-684b-48cf-8d91-c4c8e1e9fa46','2024-01-30 14:21:07','2024-01-30 14:21:07');
/*!40000 ALTER TABLE `students` ENABLE KEYS */;
UNLOCK TABLES;

--
-- Table structure for table `teachers`
--

DROP TABLE IF EXISTS `teachers`;
/*!40101 SET @saved_cs_client     = @@character_set_client */;
/*!50503 SET character_set_client = utf8mb4 */;
CREATE TABLE `teachers` (
  `id` char(36) COLLATE utf8mb4_unicode_ci NOT NULL,
  `created_at` timestamp NULL DEFAULT NULL,
  `updated_at` timestamp NULL DEFAULT NULL,
  PRIMARY KEY (`id`)
) ENGINE=InnoDB DEFAULT CHARSET=utf8mb4 COLLATE=utf8mb4_unicode_ci;
/*!40101 SET character_set_client = @saved_cs_client */;

--
-- Dumping data for table `teachers`
--

LOCK TABLES `teachers` WRITE;
/*!40000 ALTER TABLE `teachers` DISABLE KEYS */;
INSERT INTO `teachers` VALUES ('0fd8efae-74fb-44ec-8d5d-8e431a7e3764','2024-01-30 14:21:04','2024-01-30 14:21:04'),('172ba848-a2fa-461b-94bb-bad43aea376d','2024-01-30 14:21:04','2024-01-30 14:21:04'),('1f49c5e6-daf9-4d09-a80c-0d48eb75d327','2024-01-30 14:21:04','2024-01-30 14:21:04'),('229fc549-d421-4033-a264-cb1d5669b784','2024-01-30 14:21:04','2024-01-30 14:21:04'),('26642613-9c59-4637-b7fe-0508d2528756','2024-01-30 14:21:04','2024-01-30 14:21:04'),('3216986a-3a89-40f9-8146-55d5aa1912ef','2024-01-30 14:21:04','2024-01-30 14:21:04'),('3a201100-f535-4f25-8487-9f9c082502ef','2024-01-30 14:21:04','2024-01-30 14:21:04'),('3b5f3118-6abe-4a8d-8f6c-a647a4c60eef','2024-01-30 14:21:04','2024-01-30 14:21:04'),('5dfd6442-76ab-4070-8031-030de8cdaa26','2024-01-30 14:21:04','2024-01-30 14:21:04'),('6a0568e3-068e-406c-af22-105c926ea5fc','2024-01-30 14:21:04','2024-01-30 14:21:04'),('6a3f8b70-16ac-4e2e-aba4-2477b4e26458','2024-01-30 14:21:04','2024-01-30 14:21:04'),('6c201624-526a-490b-a251-6f0e469c9205','2024-01-30 14:21:04','2024-01-30 14:21:04'),('6ccfd591-1a1d-42c7-8258-68867279f415','2024-01-30 14:21:04','2024-01-30 14:21:04'),('742dcd69-f9cd-4f5c-aa04-4f2d9934fc41','2024-01-30 14:21:04','2024-01-30 14:21:04'),('755b8845-ff6d-4609-b13b-600a79617ae9','2024-01-30 14:21:04','2024-01-30 14:21:04'),('97894e61-bc47-4114-bc09-4fa288390541','2024-01-30 14:21:04','2024-01-30 14:21:04'),('c54eb499-ad62-4442-9115-f6bb59a15e0a','2024-01-30 14:21:04','2024-01-30 14:21:04'),('d0647d81-a18d-46b5-9e99-0693194fb34f','2024-01-30 14:21:04','2024-01-30 14:21:04'),('ded000e5-9296-466d-8635-c5f65c02fbaa','2024-01-30 14:21:04','2024-01-30 14:21:04'),('f8677509-471d-4142-a1fb-47b8e28f1c05','2024-01-30 14:21:04','2024-01-30 14:21:04');
/*!40000 ALTER TABLE `teachers` ENABLE KEYS */;
UNLOCK TABLES;

--
-- Table structure for table `timetables`
--

DROP TABLE IF EXISTS `timetables`;
/*!40101 SET @saved_cs_client     = @@character_set_client */;
/*!50503 SET character_set_client = utf8mb4 */;
CREATE TABLE `timetables` (
  `id` char(36) COLLATE utf8mb4_unicode_ci NOT NULL,
  `course_id` char(36) COLLATE utf8mb4_unicode_ci NOT NULL,
  `day` varchar(255) COLLATE utf8mb4_unicode_ci NOT NULL,
  `start_time` time NOT NULL,
  `end_time` time NOT NULL,
  `created_at` timestamp NULL DEFAULT NULL,
  `updated_at` timestamp NULL DEFAULT NULL,
  PRIMARY KEY (`id`),
  KEY `timetables_course_id_foreign` (`course_id`),
  CONSTRAINT `timetables_course_id_foreign` FOREIGN KEY (`course_id`) REFERENCES `courses` (`id`) ON DELETE CASCADE ON UPDATE CASCADE
) ENGINE=InnoDB DEFAULT CHARSET=utf8mb4 COLLATE=utf8mb4_unicode_ci;
/*!40101 SET character_set_client = @saved_cs_client */;

--
-- Dumping data for table `timetables`
--

LOCK TABLES `timetables` WRITE;
/*!40000 ALTER TABLE `timetables` DISABLE KEYS */;
INSERT INTO `timetables` VALUES ('014996d8-3090-44b5-9483-5a85dbeef40a','3a526da1-32f0-4a8e-a6f9-5cbbe31a706d','Monday','11:14:00','12:57:00','2024-01-30 14:21:14','2024-01-30 14:21:14'),('015b2286-592f-4fc1-8a3b-36dffb7c1503','6fefcc53-9730-4e9b-917c-4205c03c9e5f','Friday','20:32:00','20:36:00','2024-01-30 14:21:14','2024-01-30 14:21:14'),('017d00fd-553e-4730-9e84-4155176f4ca8','338ab4f1-c4eb-45e8-8bac-3d683bcc2207','Wednesday','22:27:00','22:35:00','2024-01-30 14:21:13','2024-01-30 14:21:13'),('018e4e4e-9a84-4456-99e3-e621204ce20d','b7fd702d-11c8-42a2-ab9c-317442cf7bba','Thursday','22:55:00','23:08:00','2024-01-30 14:21:13','2024-01-30 14:21:13'),('01b638e1-3126-4ed9-9692-eef1ec459dfa','17ebd1c9-7d72-472f-9b23-a4e131a15197','Monday','18:55:00','22:17:00','2024-01-30 14:21:13','2024-01-30 14:21:13'),('0208e973-23a0-40f5-a84c-be1dfa1e667a','70608146-01d1-4df9-be29-e0f9822e3af2','Wednesday','16:33:00','19:23:00','2024-01-30 14:21:12','2024-01-30 14:21:12'),('02b90f52-9a76-4826-95d3-cce4d441f8b8','c8aa7cd9-8f32-4823-944a-bddc9be2c543','Wednesday','19:26:00','23:31:00','2024-01-30 14:21:14','2024-01-30 14:21:14'),('0375f18b-9cf4-400b-9b4b-e60569c80c2e','6f5f253a-7905-410f-94ef-ac42e4173143','Monday','11:57:00','21:31:00','2024-01-30 14:21:13','2024-01-30 14:21:13'),('03b63d85-91f6-4abe-9060-ff7d1eea1301','7cd3da48-d594-42c0-9ed8-3536e9abb2d8','Tuesday','00:21:00','19:00:00','2024-01-30 14:21:12','2024-01-30 14:21:12'),('04043234-fe63-4b9d-80ee-b2fbe3a9b15e','846bbb25-3763-426a-adf3-4b801adbf01f','Thursday','05:36:00','21:20:00','2024-01-30 14:21:14','2024-01-30 14:21:14'),('048f3f0e-5ab0-486d-b00a-d188f2819c57','f8a18596-3a97-4925-8f63-cb62ef647da9','Thursday','08:57:00','15:23:00','2024-01-30 14:21:12','2024-01-30 14:21:12'),('0524b4d9-81ca-41bb-8045-bb9ec109210e','1bc0cbb4-7607-4bc2-8616-5f8cb6c061e9','Monday','01:55:00','02:01:00','2024-01-30 14:21:13','2024-01-30 14:21:13'),('05262123-6e78-43a8-87f7-97eb976ae14a','74b3ee8d-f55d-424e-86c4-56b658ff68a7','Monday','13:53:00','18:50:00','2024-01-30 14:21:13','2024-01-30 14:21:13'),('053fac04-1860-4f65-9e4c-b3b1b1477f83','f8a18596-3a97-4925-8f63-cb62ef647da9','Monday','02:25:00','07:38:00','2024-01-30 14:21:12','2024-01-30 14:21:12'),('057c4ca1-0501-47a1-89f9-73c3a2f60256','3c8d52ae-2e9b-4fc1-b00e-663af234a3b1','Wednesday','09:59:00','13:56:00','2024-01-30 14:21:12','2024-01-30 14:21:12'),('06b554d4-f9ed-429b-b2da-7cbd4d4ae14c','5db481b2-73e8-42df-8491-a795f19511de','Monday','03:04:00','22:08:00','2024-01-30 14:21:12','2024-01-30 14:21:12'),('06ef6a84-7dc6-4a85-a472-1f7e1b8271af','f242dd15-0b6c-422d-8aa0-297531ed08d3','Thursday','07:47:00','21:09:00','2024-01-30 14:21:13','2024-01-30 14:21:13'),('073a1ebc-3a12-4308-b086-84ea691aeb9a','17ebd1c9-7d72-472f-9b23-a4e131a15197','Monday','11:38:00','23:01:00','2024-01-30 14:21:12','2024-01-30 14:21:12'),('0791aa84-e056-4b5e-b6fe-75d31487c0ae','87614619-405d-44cd-b7a1-5c30464e166b','Friday','23:13:00','23:55:00','2024-01-30 14:21:13','2024-01-30 14:21:13'),('08b1bb4a-636e-426e-ac9b-841f3c32b92e','74201cf2-1de7-4b08-b7ac-9d5b62481055','Wednesday','03:17:00','03:59:00','2024-01-30 14:21:12','2024-01-30 14:21:12'),('08b7ccc5-6af6-4d55-b228-117d01cb355c','636dae18-ecbc-477a-a754-2c74a4295847','Thursday','16:17:00','17:41:00','2024-01-30 14:21:13','2024-01-30 14:21:13'),('08f914c9-6e05-4ec6-a11f-9588714e8382','f8a18596-3a97-4925-8f63-cb62ef647da9','Tuesday','13:06:00','21:21:00','2024-01-30 14:21:14','2024-01-30 14:21:14'),('093b7ec0-ee35-4282-926c-1f4c5e92c22f','f242dd15-0b6c-422d-8aa0-297531ed08d3','Friday','00:36:00','12:18:00','2024-01-30 14:21:14','2024-01-30 14:21:14'),('097f66bf-b2de-42bf-81fc-e0c4146d6e36','5a60b2cd-1c6e-4fdd-99b8-bfdb8e73d182','Friday','07:48:00','20:21:00','2024-01-30 14:21:13','2024-01-30 14:21:13'),('0994e0a6-79ab-4a86-bfed-002f6f158819','e5d946e7-412e-445d-b294-f8b9e45a159f','Saturday','03:07:00','13:35:00','2024-01-30 14:21:12','2024-01-30 14:21:12'),('0a412149-f162-426b-918b-d1778614f384','f785b10b-b699-45ab-8cf7-1ff6f2eb7429','Wednesday','08:41:00','19:13:00','2024-01-30 14:21:13','2024-01-30 14:21:13'),('0a6ba939-1af3-447d-91f6-48b74b1ef537','6fefcc53-9730-4e9b-917c-4205c03c9e5f','Friday','20:53:00','22:29:00','2024-01-30 14:21:14','2024-01-30 14:21:14'),('0a6c6160-04cd-4cea-8f38-6d9404b481c4','1765dd0e-9767-4da4-9204-093ccb821d7f','Saturday','08:34:00','23:12:00','2024-01-30 14:21:14','2024-01-30 14:21:14'),('0aaffed6-9913-43be-9656-eafa607adf61','40036af2-c271-4c12-9bc9-96d97a34e1c0','Saturday','18:08:00','21:36:00','2024-01-30 14:21:13','2024-01-30 14:21:13'),('0c1da76d-67d8-4ea9-b425-e0ec3f281d95','5db481b2-73e8-42df-8491-a795f19511de','Tuesday','15:24:00','23:14:00','2024-01-30 14:21:13','2024-01-30 14:21:13'),('0c3a943e-8ca4-44ad-8354-3844a0a091b0','3f7a242e-b9cc-4e5b-ab7a-561979cd878d','Thursday','15:22:00','22:58:00','2024-01-30 14:21:14','2024-01-30 14:21:14'),('0d22bd94-3e8f-4ea3-81a9-86cc714d253f','c5eec628-5eed-4eff-ad70-db78f28092ff','Saturday','05:04:00','22:31:00','2024-01-30 14:21:13','2024-01-30 14:21:13'),('0fc4af12-c011-4434-9881-7e3302eb2147','2df6e06b-ca85-4fee-a1db-e8a21caacdd4','Monday','04:24:00','07:26:00','2024-01-30 14:21:13','2024-01-30 14:21:13'),('0fd298a1-a01d-4a6f-82f7-f4b125db9555','14f30992-265f-45d1-afb4-269f56051a36','Saturday','03:39:00','13:50:00','2024-01-30 14:21:14','2024-01-30 14:21:14'),('0fefafba-e538-4275-9463-32e18fe283d2','4821a071-71a2-43ed-9c55-f61bd75c75c3','Thursday','14:39:00','17:42:00','2024-01-30 14:21:14','2024-01-30 14:21:14'),('103e0d7a-f7d7-4062-adfc-1549967ae4be','639a5ed9-1e00-493d-94b8-fdb9613da2ae','Saturday','04:38:00','17:25:00','2024-01-30 14:21:13','2024-01-30 14:21:13'),('12016337-df01-405f-a361-ad6b90946ac5','f242dd15-0b6c-422d-8aa0-297531ed08d3','Wednesday','09:37:00','17:04:00','2024-01-30 14:21:12','2024-01-30 14:21:12'),('130588eb-4496-4853-a75e-77a4d87f7e6d','f8a18596-3a97-4925-8f63-cb62ef647da9','Wednesday','21:39:00','23:44:00','2024-01-30 14:21:13','2024-01-30 14:21:13'),('13196764-4a16-450d-8df6-d6f74a224506','c5eec628-5eed-4eff-ad70-db78f28092ff','Monday','02:30:00','07:29:00','2024-01-30 14:21:13','2024-01-30 14:21:13'),('1359f5e6-a7d6-4e55-abeb-fc7e0543955a','0c22f297-93ba-40e8-bc22-28d4416f8af1','Monday','06:57:00','09:13:00','2024-01-30 14:21:12','2024-01-30 14:21:12'),('13d2da39-95ed-4889-93b9-c83d64b0fd0b','f9535ab3-6447-4f3e-942d-400cea226a39','Tuesday','01:48:00','08:26:00','2024-01-30 14:21:14','2024-01-30 14:21:14'),('144b5fd5-719a-4543-a438-f4d96ed5922c','f785b10b-b699-45ab-8cf7-1ff6f2eb7429','Tuesday','09:54:00','14:05:00','2024-01-30 14:21:12','2024-01-30 14:21:12'),('14661b25-e58b-45f6-91f0-4673619b7290','846bbb25-3763-426a-adf3-4b801adbf01f','Saturday','01:05:00','02:57:00','2024-01-30 14:21:13','2024-01-30 14:21:13'),('1491d50c-a7be-4888-a047-58d1a73efa80','1765dd0e-9767-4da4-9204-093ccb821d7f','Monday','20:02:00','21:29:00','2024-01-30 14:21:12','2024-01-30 14:21:12'),('151e956d-566c-4adc-803a-05eab47e7300','96d22a59-afe4-418b-9c06-57241a541fc6','Friday','07:36:00','17:04:00','2024-01-30 14:21:13','2024-01-30 14:21:13'),('15a1a60f-23a0-4f30-879d-b37decc4eb5f','ad0e9eb8-3922-496d-ae53-af49690199b5','Thursday','23:56:00','23:57:00','2024-01-30 14:21:12','2024-01-30 14:21:12'),('15bd2295-77b2-4782-9803-1eb4119ccfc4','74b3ee8d-f55d-424e-86c4-56b658ff68a7','Wednesday','15:49:00','19:33:00','2024-01-30 14:21:14','2024-01-30 14:21:14'),('161ea116-17d6-4ed7-888d-77a4b62d8f34','4821a071-71a2-43ed-9c55-f61bd75c75c3','Thursday','09:47:00','11:46:00','2024-01-30 14:21:14','2024-01-30 14:21:14'),('16a56402-afd8-4e83-9f3e-2be1fd2305d9','0c22f297-93ba-40e8-bc22-28d4416f8af1','Thursday','14:18:00','20:54:00','2024-01-30 14:21:14','2024-01-30 14:21:14'),('16c6a9fe-3a6b-40d1-9bb5-d3b69cd19222','12650147-112b-4fe6-81fd-b5e27e4c7ad1','Wednesday','14:31:00','16:42:00','2024-01-30 14:21:12','2024-01-30 14:21:12'),('1729c667-2992-4367-a8b2-c23f8a668565','f785b10b-b699-45ab-8cf7-1ff6f2eb7429','Tuesday','14:01:00','19:07:00','2024-01-30 14:21:12','2024-01-30 14:21:12'),('17304be5-d670-4606-9575-3bbba7a45641','70608146-01d1-4df9-be29-e0f9822e3af2','Thursday','23:29:00','23:57:00','2024-01-30 14:21:13','2024-01-30 14:21:13'),('17a63d05-66ff-4d94-b776-d277ddfc1a66','2df6e06b-ca85-4fee-a1db-e8a21caacdd4','Thursday','02:22:00','11:55:00','2024-01-30 14:21:13','2024-01-30 14:21:13'),('17c971f1-1127-4677-9658-47ca54959933','74201cf2-1de7-4b08-b7ac-9d5b62481055','Wednesday','17:35:00','18:15:00','2024-01-30 14:21:12','2024-01-30 14:21:12'),('18e17291-db3e-4ae3-82e6-e40e9556714a','78947f09-7143-4f06-8dd1-1fa25f496d9a','Monday','18:33:00','20:05:00','2024-01-30 14:21:12','2024-01-30 14:21:12'),('1a79bc04-6c56-4b9d-b00d-6bd4aad7936c','636dae18-ecbc-477a-a754-2c74a4295847','Wednesday','01:18:00','05:34:00','2024-01-30 14:21:12','2024-01-30 14:21:12'),('1b19f42e-8201-470a-afec-ca3be689da83','1bc0cbb4-7607-4bc2-8616-5f8cb6c061e9','Monday','08:32:00','10:31:00','2024-01-30 14:21:14','2024-01-30 14:21:14'),('1b6414c7-cfd1-47a3-b19b-23909aa431c7','52c41bb1-085b-4b8a-a361-387c5996a8d7','Monday','23:44:00','23:52:00','2024-01-30 14:21:12','2024-01-30 14:21:12'),('1c06f1f2-c4dc-4311-bfe5-c38a182ed959','74b3ee8d-f55d-424e-86c4-56b658ff68a7','Friday','12:26:00','18:00:00','2024-01-30 14:21:12','2024-01-30 14:21:12'),('1db2dc16-8f00-4f15-b1e1-667e03063ba7','7cd3da48-d594-42c0-9ed8-3536e9abb2d8','Thursday','22:19:00','22:41:00','2024-01-30 14:21:13','2024-01-30 14:21:13'),('1e50010a-e4a1-4ca3-ab5c-d10a8be319e6','b7fd702d-11c8-42a2-ab9c-317442cf7bba','Thursday','02:28:00','05:26:00','2024-01-30 14:21:13','2024-01-30 14:21:13'),('1edce943-ee09-4410-b678-a12ea5623fe3','31a7b355-50f7-4771-8c2a-fd906f32688e','Thursday','09:05:00','19:54:00','2024-01-30 14:21:12','2024-01-30 14:21:12'),('1ee67652-edbb-4885-a861-7115b5043066','3c8d52ae-2e9b-4fc1-b00e-663af234a3b1','Tuesday','11:46:00','18:28:00','2024-01-30 14:21:13','2024-01-30 14:21:13'),('1f5ca1a7-ea6b-45eb-b253-b3ca4d0c321a','f242dd15-0b6c-422d-8aa0-297531ed08d3','Saturday','20:13:00','21:53:00','2024-01-30 14:21:12','2024-01-30 14:21:12'),('20cde3ff-5835-49c8-be97-acd8ef28a866','87614619-405d-44cd-b7a1-5c30464e166b','Tuesday','09:45:00','13:01:00','2024-01-30 14:21:14','2024-01-30 14:21:14'),('232ae4ad-7c7c-4ff9-bb02-b18075dadf73','6fefcc53-9730-4e9b-917c-4205c03c9e5f','Wednesday','23:55:00','23:55:00','2024-01-30 14:21:13','2024-01-30 14:21:13'),('2343df84-9842-4c56-a2d9-939f87281889','ad0e9eb8-3922-496d-ae53-af49690199b5','Wednesday','22:16:00','22:16:00','2024-01-30 14:21:13','2024-01-30 14:21:13'),('2389aae1-3550-4113-a83e-1349d6f7613a','846bbb25-3763-426a-adf3-4b801adbf01f','Monday','22:39:00','22:56:00','2024-01-30 14:21:13','2024-01-30 14:21:13'),('23d4ec78-83ca-4392-ae01-60e03c32ac9b','a3489374-7753-4be8-80f7-3b9cfede976d','Tuesday','01:18:00','02:49:00','2024-01-30 14:21:14','2024-01-30 14:21:14'),('25b7b66a-b7c7-43a7-a184-d0352df7ed30','338ab4f1-c4eb-45e8-8bac-3d683bcc2207','Tuesday','11:11:00','15:53:00','2024-01-30 14:21:13','2024-01-30 14:21:13'),('25fbfa59-a512-4e26-abd0-0f09f9cb1c27','1bc0cbb4-7607-4bc2-8616-5f8cb6c061e9','Tuesday','20:38:00','23:20:00','2024-01-30 14:21:14','2024-01-30 14:21:14'),('265bd3c6-8258-4894-8b2a-7c43b8a205ce','b7fd702d-11c8-42a2-ab9c-317442cf7bba','Friday','13:03:00','20:46:00','2024-01-30 14:21:14','2024-01-30 14:21:14'),('27bf8b7c-6765-4e6f-9c60-19e4a9f512b9','74b3ee8d-f55d-424e-86c4-56b658ff68a7','Friday','11:21:00','15:28:00','2024-01-30 14:21:14','2024-01-30 14:21:14'),('27d23866-1a4c-45db-b84d-3af2708886d1','6f324ce8-bba8-4da7-8b01-efa106ec62b7','Monday','13:34:00','17:24:00','2024-01-30 14:21:13','2024-01-30 14:21:13'),('2b1b7d7a-f205-4d05-b812-6f08b4b58ab7','7cd3da48-d594-42c0-9ed8-3536e9abb2d8','Saturday','07:30:00','08:53:00','2024-01-30 14:21:12','2024-01-30 14:21:12'),('2b4ffae4-0d98-4c45-ba60-7b5072b9a7b8','3c8d52ae-2e9b-4fc1-b00e-663af234a3b1','Tuesday','02:38:00','05:20:00','2024-01-30 14:21:13','2024-01-30 14:21:13'),('2cdd6249-c9db-4f77-805a-d2f99d276bf9','74201cf2-1de7-4b08-b7ac-9d5b62481055','Wednesday','16:11:00','18:01:00','2024-01-30 14:21:13','2024-01-30 14:21:13'),('2cf74473-b2b0-4ca7-9b78-8c4c8bb54d83','3f7a242e-b9cc-4e5b-ab7a-561979cd878d','Wednesday','00:27:00','18:47:00','2024-01-30 14:21:13','2024-01-30 14:21:13'),('2d2756ce-a695-4e6c-9a91-cc8ba2c7ea7d','0c22f297-93ba-40e8-bc22-28d4416f8af1','Saturday','11:21:00','23:37:00','2024-01-30 14:21:14','2024-01-30 14:21:14'),('2d309b4e-feb2-4bde-9469-fa61c41cc359','b7fd702d-11c8-42a2-ab9c-317442cf7bba','Thursday','16:11:00','22:49:00','2024-01-30 14:21:14','2024-01-30 14:21:14'),('2d478e6f-71ed-4a73-9b7d-1705f867c4c8','2ca75df0-908b-431c-b612-300deec89edc','Wednesday','12:53:00','17:28:00','2024-01-30 14:21:13','2024-01-30 14:21:13'),('2e120051-e45b-4e27-8f6d-3abc08ecb466','c8aa7cd9-8f32-4823-944a-bddc9be2c543','Monday','13:26:00','14:29:00','2024-01-30 14:21:13','2024-01-30 14:21:13'),('2e6d03e7-defa-4120-9f37-dabf9e535c17','5db481b2-73e8-42df-8491-a795f19511de','Friday','23:50:00','23:52:00','2024-01-30 14:21:12','2024-01-30 14:21:12'),('2eba923c-4a0a-431e-9161-e1f5e4bb2ac0','0c22f297-93ba-40e8-bc22-28d4416f8af1','Friday','12:48:00','15:30:00','2024-01-30 14:21:12','2024-01-30 14:21:12'),('2f57d432-b7a0-48c2-bd5e-58176eb692b3','ad0e9eb8-3922-496d-ae53-af49690199b5','Tuesday','17:17:00','18:20:00','2024-01-30 14:21:13','2024-01-30 14:21:13'),('2f6a1e6b-c81a-49b2-b780-4c86f8745feb','3a526da1-32f0-4a8e-a6f9-5cbbe31a706d','Monday','11:55:00','19:19:00','2024-01-30 14:21:13','2024-01-30 14:21:13'),('2fe29538-6ee9-4161-ac6d-e4a06a47201f','7cd3da48-d594-42c0-9ed8-3536e9abb2d8','Wednesday','17:43:00','20:27:00','2024-01-30 14:21:13','2024-01-30 14:21:13'),('3017560a-c9e5-4e44-bb57-982738e58e99','1765dd0e-9767-4da4-9204-093ccb821d7f','Saturday','04:17:00','23:48:00','2024-01-30 14:21:13','2024-01-30 14:21:13'),('30842220-f55f-480e-82b0-f1b10a578e5b','74e4231b-941e-4eea-8a15-c993e77c8341','Saturday','23:05:00','23:49:00','2024-01-30 14:21:13','2024-01-30 14:21:13'),('308927b3-1139-4c93-b4a3-afcf104e044d','87614619-405d-44cd-b7a1-5c30464e166b','Wednesday','05:40:00','16:57:00','2024-01-30 14:21:12','2024-01-30 14:21:12'),('30ae0c72-e92f-4d15-8516-a6dfc510e238','5a60b2cd-1c6e-4fdd-99b8-bfdb8e73d182','Friday','21:00:00','21:23:00','2024-01-30 14:21:13','2024-01-30 14:21:13'),('31bccff2-739f-4d33-9c19-eb23185a20fc','6fefcc53-9730-4e9b-917c-4205c03c9e5f','Tuesday','20:11:00','20:55:00','2024-01-30 14:21:12','2024-01-30 14:21:12'),('31c31e79-326e-4ed2-8946-34e0b7202a24','0072bc75-0e9c-4294-8d40-402abd9261a0','Monday','11:54:00','20:54:00','2024-01-30 14:21:14','2024-01-30 14:21:14'),('33bd79b4-e20f-4eb7-ae55-d717cfd30cf1','52c41bb1-085b-4b8a-a361-387c5996a8d7','Saturday','23:14:00','23:44:00','2024-01-30 14:21:12','2024-01-30 14:21:12'),('344b54a0-76e3-45d0-beb0-f185ee9d5610','74b3ee8d-f55d-424e-86c4-56b658ff68a7','Tuesday','08:53:00','20:33:00','2024-01-30 14:21:14','2024-01-30 14:21:14'),('34571f08-07ac-46cc-b6af-dd7728450e27','29ad7e08-890c-410b-be78-76810619fe47','Friday','15:53:00','17:27:00','2024-01-30 14:21:13','2024-01-30 14:21:13'),('3532645a-9bee-43d4-99e2-db039257e8b4','a3489374-7753-4be8-80f7-3b9cfede976d','Saturday','16:43:00','23:15:00','2024-01-30 14:21:13','2024-01-30 14:21:13'),('353c2173-b280-4dda-b4bc-f73f2d9dc4e2','2df6e06b-ca85-4fee-a1db-e8a21caacdd4','Tuesday','10:05:00','16:31:00','2024-01-30 14:21:12','2024-01-30 14:21:12'),('366fb4ac-3496-4ed2-92e5-664563eaefb6','7cd3da48-d594-42c0-9ed8-3536e9abb2d8','Monday','23:19:00','23:47:00','2024-01-30 14:21:12','2024-01-30 14:21:12'),('375a77b1-6a53-4246-8e96-426b398fe499','1bc0cbb4-7607-4bc2-8616-5f8cb6c061e9','Wednesday','14:41:00','19:46:00','2024-01-30 14:21:12','2024-01-30 14:21:12'),('377b3e0d-a889-4947-bc44-698f5481042a','14f30992-265f-45d1-afb4-269f56051a36','Wednesday','10:38:00','23:20:00','2024-01-30 14:21:14','2024-01-30 14:21:14'),('377d7b95-9986-4b3a-9e3a-7f6afd25c8e7','3c8d52ae-2e9b-4fc1-b00e-663af234a3b1','Monday','22:49:00','23:53:00','2024-01-30 14:21:13','2024-01-30 14:21:13'),('3838b68d-91fa-4ae6-8591-90493c700d3b','7ad23043-4e5d-4e54-a91d-d30314a1c8b7','Wednesday','12:33:00','19:38:00','2024-01-30 14:21:13','2024-01-30 14:21:13'),('383ffb87-58fb-4c45-9a97-5b22cd975fc2','f9535ab3-6447-4f3e-942d-400cea226a39','Monday','00:24:00','05:57:00','2024-01-30 14:21:13','2024-01-30 14:21:13'),('39580d3f-7ada-4ee7-a693-1254a72da249','74b3ee8d-f55d-424e-86c4-56b658ff68a7','Wednesday','12:22:00','14:09:00','2024-01-30 14:21:14','2024-01-30 14:21:14'),('3b4b73c6-9f70-4592-9bbf-0ac2dc410569','5a60b2cd-1c6e-4fdd-99b8-bfdb8e73d182','Wednesday','12:18:00','13:21:00','2024-01-30 14:21:13','2024-01-30 14:21:13'),('3b5c1be4-2184-41e7-9363-560f0ed819c8','1bc0cbb4-7607-4bc2-8616-5f8cb6c061e9','Tuesday','05:28:00','14:46:00','2024-01-30 14:21:13','2024-01-30 14:21:13'),('3de38784-4c57-49b6-a28e-e5ddb5e58a80','f785b10b-b699-45ab-8cf7-1ff6f2eb7429','Friday','03:22:00','15:33:00','2024-01-30 14:21:14','2024-01-30 14:21:14'),('3eba6c6b-26b6-4e6a-b9b3-21187da6fe44','639a5ed9-1e00-493d-94b8-fdb9613da2ae','Wednesday','03:40:00','06:36:00','2024-01-30 14:21:13','2024-01-30 14:21:13'),('3eee27cd-0556-476e-9809-aeec0d76ae32','5a60b2cd-1c6e-4fdd-99b8-bfdb8e73d182','Friday','03:03:00','22:17:00','2024-01-30 14:21:13','2024-01-30 14:21:13'),('410ac04a-1836-44e6-9f52-40acc429bcc3','74201cf2-1de7-4b08-b7ac-9d5b62481055','Saturday','11:34:00','11:55:00','2024-01-30 14:21:13','2024-01-30 14:21:13'),('411d0764-6b6c-4296-aa1c-78ceba866b74','338ab4f1-c4eb-45e8-8bac-3d683bcc2207','Wednesday','14:42:00','22:51:00','2024-01-30 14:21:14','2024-01-30 14:21:14'),('4152b678-9afc-46ec-99d5-0e4f7451613d','c8aa7cd9-8f32-4823-944a-bddc9be2c543','Wednesday','10:11:00','23:36:00','2024-01-30 14:21:12','2024-01-30 14:21:12'),('41a6f52e-3f8a-4077-a218-f559670c4b10','7ad23043-4e5d-4e54-a91d-d30314a1c8b7','Wednesday','08:00:00','19:00:00','2024-01-30 14:21:13','2024-01-30 14:21:13'),('4317e224-0464-4c17-9d52-0ecc503ad89f','2df6e06b-ca85-4fee-a1db-e8a21caacdd4','Thursday','09:16:00','17:06:00','2024-01-30 14:21:12','2024-01-30 14:21:12'),('43401a5d-7591-4961-b6d7-41fb8af4aa10','a3489374-7753-4be8-80f7-3b9cfede976d','Thursday','05:43:00','17:41:00','2024-01-30 14:21:12','2024-01-30 14:21:12'),('452b17da-1dc6-4833-b608-731f5796a6cc','17ebd1c9-7d72-472f-9b23-a4e131a15197','Saturday','02:59:00','19:21:00','2024-01-30 14:21:14','2024-01-30 14:21:14'),('456ffe4f-0efc-4a5a-9b19-e3b625c6e698','87614619-405d-44cd-b7a1-5c30464e166b','Tuesday','14:57:00','15:32:00','2024-01-30 14:21:13','2024-01-30 14:21:13'),('457a7a7b-e51c-47d0-9859-f89315e746af','1fe05d71-b16e-4940-967f-4551645ce145','Tuesday','07:50:00','16:57:00','2024-01-30 14:21:12','2024-01-30 14:21:12'),('466f87bd-7d37-4ffd-9c44-693c934d0c4a','74b3ee8d-f55d-424e-86c4-56b658ff68a7','Tuesday','09:16:00','14:28:00','2024-01-30 14:21:12','2024-01-30 14:21:12'),('4704dbd2-8720-416e-a12b-120b284b7278','17ebd1c9-7d72-472f-9b23-a4e131a15197','Friday','11:19:00','19:12:00','2024-01-30 14:21:13','2024-01-30 14:21:13'),('476c5b9e-be15-4bf0-9e9a-285deca3d655','f242dd15-0b6c-422d-8aa0-297531ed08d3','Thursday','04:14:00','10:23:00','2024-01-30 14:21:13','2024-01-30 14:21:13'),('47814558-538f-43af-bce8-9753b955e6e8','c5eec628-5eed-4eff-ad70-db78f28092ff','Saturday','09:17:00','22:13:00','2024-01-30 14:21:14','2024-01-30 14:21:14'),('483019c2-4eed-4918-98fb-6f6f32d4a840','3a526da1-32f0-4a8e-a6f9-5cbbe31a706d','Tuesday','14:47:00','20:25:00','2024-01-30 14:21:13','2024-01-30 14:21:13'),('49a56d92-4675-405f-839d-668905260ee4','3f7a242e-b9cc-4e5b-ab7a-561979cd878d','Wednesday','14:43:00','23:09:00','2024-01-30 14:21:14','2024-01-30 14:21:14'),('49bf83f1-ec2a-4164-b3e9-80c574b5fe80','5a60b2cd-1c6e-4fdd-99b8-bfdb8e73d182','Monday','09:47:00','17:54:00','2024-01-30 14:21:13','2024-01-30 14:21:13'),('4aefdb86-777f-4161-907d-bbfc13494de0','74e4231b-941e-4eea-8a15-c993e77c8341','Wednesday','07:21:00','16:11:00','2024-01-30 14:21:13','2024-01-30 14:21:13'),('4b3302ff-2eee-4bc0-b402-82bc83dbffba','1fe05d71-b16e-4940-967f-4551645ce145','Tuesday','20:04:00','21:53:00','2024-01-30 14:21:12','2024-01-30 14:21:12'),('4b342740-71c2-4335-8919-c0a1fad7d44e','29ad7e08-890c-410b-be78-76810619fe47','Saturday','23:02:00','23:07:00','2024-01-30 14:21:14','2024-01-30 14:21:14'),('4bae0d5c-e723-474a-b734-75361a306b02','e5d946e7-412e-445d-b294-f8b9e45a159f','Saturday','04:33:00','16:13:00','2024-01-30 14:21:12','2024-01-30 14:21:12'),('4bdb0f6d-8b39-475f-9866-0f425e055fd7','0c22f297-93ba-40e8-bc22-28d4416f8af1','Monday','12:32:00','15:00:00','2024-01-30 14:21:14','2024-01-30 14:21:14'),('4c1225a3-8de0-4d1e-a107-b79d30adb4d8','ad0e9eb8-3922-496d-ae53-af49690199b5','Monday','07:32:00','15:38:00','2024-01-30 14:21:13','2024-01-30 14:21:13'),('4cb58e6c-b33e-4f6d-b58a-ac92a0cac634','31a7b355-50f7-4771-8c2a-fd906f32688e','Monday','23:20:00','23:41:00','2024-01-30 14:21:14','2024-01-30 14:21:14'),('4ce88fd8-8a2b-41ad-b73f-057f26097ec1','636dae18-ecbc-477a-a754-2c74a4295847','Saturday','02:09:00','16:18:00','2024-01-30 14:21:14','2024-01-30 14:21:14'),('4d2d74cd-68f4-4461-b1b6-afd0e4f89dbc','1fe05d71-b16e-4940-967f-4551645ce145','Saturday','01:14:00','19:01:00','2024-01-30 14:21:13','2024-01-30 14:21:13'),('4f0c3199-db7c-4902-a657-23b6a531096e','40036af2-c271-4c12-9bc9-96d97a34e1c0','Friday','20:24:00','20:46:00','2024-01-30 14:21:14','2024-01-30 14:21:14'),('4f5e0c2d-d24a-47dc-9db6-0dbb19c9b11f','338ab4f1-c4eb-45e8-8bac-3d683bcc2207','Friday','00:53:00','01:59:00','2024-01-30 14:21:12','2024-01-30 14:21:12'),('5049c5b9-3398-4883-91b1-10202fcff858','3a526da1-32f0-4a8e-a6f9-5cbbe31a706d','Saturday','00:43:00','12:48:00','2024-01-30 14:21:12','2024-01-30 14:21:12'),('5052e9f1-51d5-4d95-accb-34c180456f4a','3f7a242e-b9cc-4e5b-ab7a-561979cd878d','Monday','11:45:00','20:18:00','2024-01-30 14:21:14','2024-01-30 14:21:14'),('5106771f-35ba-4f28-b5dd-fef6092829f2','639a5ed9-1e00-493d-94b8-fdb9613da2ae','Wednesday','05:13:00','23:54:00','2024-01-30 14:21:14','2024-01-30 14:21:14'),('5121dff4-ae3a-43b2-81e0-b97c0e928d61','74201cf2-1de7-4b08-b7ac-9d5b62481055','Saturday','09:36:00','17:03:00','2024-01-30 14:21:13','2024-01-30 14:21:13'),('51998ea7-8e84-4c6b-9e8b-757a00fbd742','31a7b355-50f7-4771-8c2a-fd906f32688e','Friday','13:11:00','15:46:00','2024-01-30 14:21:12','2024-01-30 14:21:12'),('5226a8dc-7630-44ee-a836-7fe8f96484b0','6fefcc53-9730-4e9b-917c-4205c03c9e5f','Saturday','07:49:00','19:46:00','2024-01-30 14:21:13','2024-01-30 14:21:13'),('526dc959-d031-4162-9443-ff9a5dd6751f','f4fb6f32-2871-4ab4-a0d2-ad28edb356b8','Friday','03:09:00','20:05:00','2024-01-30 14:21:12','2024-01-30 14:21:12'),('535bcedd-e539-412a-8a2e-e3087c5a544c','7cd3da48-d594-42c0-9ed8-3536e9abb2d8','Thursday','09:44:00','19:02:00','2024-01-30 14:21:12','2024-01-30 14:21:12'),('55a00c7d-cfb7-4c68-866d-589a408e9bb7','b7fd702d-11c8-42a2-ab9c-317442cf7bba','Thursday','19:16:00','21:13:00','2024-01-30 14:21:12','2024-01-30 14:21:12'),('55a9122c-f6e8-4fa8-9a7d-3b05bfedb43a','70a49233-b59f-44a1-8ca7-5b9b8b311677','Friday','11:32:00','11:57:00','2024-01-30 14:21:14','2024-01-30 14:21:14'),('5644d92f-37f7-4cca-9c69-50f0b432f189','3f7a242e-b9cc-4e5b-ab7a-561979cd878d','Saturday','13:11:00','17:57:00','2024-01-30 14:21:14','2024-01-30 14:21:14'),('56462bea-82b4-4b2e-86fb-32df4a0b2a46','b7fd702d-11c8-42a2-ab9c-317442cf7bba','Monday','15:14:00','23:40:00','2024-01-30 14:21:14','2024-01-30 14:21:14'),('565e1e7e-f597-464a-84d2-e5d78d668202','636dae18-ecbc-477a-a754-2c74a4295847','Friday','14:48:00','21:43:00','2024-01-30 14:21:13','2024-01-30 14:21:13'),('5700ddb9-2c29-40b6-8767-08cfbde93694','7ad23043-4e5d-4e54-a91d-d30314a1c8b7','Thursday','01:12:00','09:24:00','2024-01-30 14:21:12','2024-01-30 14:21:12'),('577404b0-9764-41f2-b3d5-6312a1ab6478','31a7b355-50f7-4771-8c2a-fd906f32688e','Thursday','22:07:00','23:01:00','2024-01-30 14:21:13','2024-01-30 14:21:13'),('58246699-0dfc-42b7-a9ce-a9c2077ed6ab','1bc0cbb4-7607-4bc2-8616-5f8cb6c061e9','Tuesday','02:49:00','08:06:00','2024-01-30 14:21:12','2024-01-30 14:21:12'),('588a5cf2-c432-4b03-80a5-b1b8cfcd3c57','636dae18-ecbc-477a-a754-2c74a4295847','Friday','06:44:00','15:49:00','2024-01-30 14:21:13','2024-01-30 14:21:13'),('58c28b1a-0a75-403e-9630-b41e9393b5ec','29ad7e08-890c-410b-be78-76810619fe47','Thursday','14:49:00','23:29:00','2024-01-30 14:21:13','2024-01-30 14:21:13'),('58fd4b09-5b67-44f3-8641-1c3399b2babc','7cd3da48-d594-42c0-9ed8-3536e9abb2d8','Tuesday','14:42:00','21:48:00','2024-01-30 14:21:12','2024-01-30 14:21:12'),('593a1479-cc6a-4256-86ff-c4e83bb6204e','2ca75df0-908b-431c-b612-300deec89edc','Friday','23:26:00','23:54:00','2024-01-30 14:21:13','2024-01-30 14:21:13'),('5980d62a-fdc4-41f0-997c-2767d5bb8a60','12650147-112b-4fe6-81fd-b5e27e4c7ad1','Saturday','02:48:00','04:57:00','2024-01-30 14:21:13','2024-01-30 14:21:13'),('5a0c7cc3-4d9c-4a0e-ab35-63a5dcf40367','636dae18-ecbc-477a-a754-2c74a4295847','Saturday','02:44:00','20:56:00','2024-01-30 14:21:13','2024-01-30 14:21:13'),('5a160510-ac6f-41dd-95d0-c435b5946447','846bbb25-3763-426a-adf3-4b801adbf01f','Tuesday','14:58:00','23:18:00','2024-01-30 14:21:13','2024-01-30 14:21:13'),('5a6d3d2b-bcd7-4bb9-9a46-9a4b7f14b39c','1fe05d71-b16e-4940-967f-4551645ce145','Wednesday','07:59:00','20:39:00','2024-01-30 14:21:14','2024-01-30 14:21:14'),('5aa532e3-a427-4332-af86-9905a1014b14','74e4231b-941e-4eea-8a15-c993e77c8341','Thursday','02:46:00','21:55:00','2024-01-30 14:21:14','2024-01-30 14:21:14'),('5ac3f6fd-76e5-45ba-b302-ecebf4641721','31a7b355-50f7-4771-8c2a-fd906f32688e','Saturday','20:05:00','21:03:00','2024-01-30 14:21:12','2024-01-30 14:21:12'),('5aef9f79-9dd8-4e5f-9e8b-59d10b9c3907','29ad7e08-890c-410b-be78-76810619fe47','Tuesday','14:15:00','19:23:00','2024-01-30 14:21:13','2024-01-30 14:21:13'),('5b0d0a12-3677-443e-8474-f793b8755dd1','f4fb6f32-2871-4ab4-a0d2-ad28edb356b8','Friday','12:02:00','14:53:00','2024-01-30 14:21:14','2024-01-30 14:21:14'),('5b12df7a-32d5-4bf8-bf7d-679af4e9065b','c5eec628-5eed-4eff-ad70-db78f28092ff','Tuesday','00:23:00','21:45:00','2024-01-30 14:21:13','2024-01-30 14:21:13'),('5b310c34-19cc-45c1-b353-09d1705bb374','3f7a242e-b9cc-4e5b-ab7a-561979cd878d','Wednesday','12:58:00','14:35:00','2024-01-30 14:21:14','2024-01-30 14:21:14'),('5b8d7c9d-44ba-4a05-a67d-afcbfff6fe95','40036af2-c271-4c12-9bc9-96d97a34e1c0','Monday','23:24:00','23:51:00','2024-01-30 14:21:14','2024-01-30 14:21:14'),('5be522ec-0be4-41b7-9422-5f13ebccfc38','846bbb25-3763-426a-adf3-4b801adbf01f','Friday','05:03:00','09:33:00','2024-01-30 14:21:14','2024-01-30 14:21:14'),('5bef621e-4017-4563-bee9-7e979dc69437','338ab4f1-c4eb-45e8-8bac-3d683bcc2207','Monday','18:59:00','19:29:00','2024-01-30 14:21:12','2024-01-30 14:21:12'),('5c31bce9-f0f2-4b1b-a3ed-8af0571ef6d3','7cd3da48-d594-42c0-9ed8-3536e9abb2d8','Thursday','04:18:00','21:12:00','2024-01-30 14:21:14','2024-01-30 14:21:14'),('5c700535-a7ad-4ea1-8041-39405016c924','7ad23043-4e5d-4e54-a91d-d30314a1c8b7','Friday','13:19:00','21:30:00','2024-01-30 14:21:13','2024-01-30 14:21:13'),('5d254139-5d77-4a8e-a611-d220193bf098','12650147-112b-4fe6-81fd-b5e27e4c7ad1','Tuesday','20:23:00','21:29:00','2024-01-30 14:21:13','2024-01-30 14:21:13'),('5d8681a2-0a4c-4064-9801-f0280ef0aa31','12650147-112b-4fe6-81fd-b5e27e4c7ad1','Monday','13:12:00','23:23:00','2024-01-30 14:21:13','2024-01-30 14:21:13'),('5dca5194-13ab-465b-8f74-879666291531','1fe05d71-b16e-4940-967f-4551645ce145','Monday','05:37:00','07:20:00','2024-01-30 14:21:13','2024-01-30 14:21:13'),('5dd2a325-cc5f-45d2-a7f2-51d58871fb8a','e5d946e7-412e-445d-b294-f8b9e45a159f','Thursday','18:39:00','22:06:00','2024-01-30 14:21:13','2024-01-30 14:21:13'),('5e410518-0a69-457f-89c6-0b2b6fec23b4','3c8d52ae-2e9b-4fc1-b00e-663af234a3b1','Friday','17:51:00','23:02:00','2024-01-30 14:21:13','2024-01-30 14:21:13'),('5eb0e0c6-3877-4bf7-8067-22614106acb5','29ad7e08-890c-410b-be78-76810619fe47','Tuesday','08:11:00','17:58:00','2024-01-30 14:21:13','2024-01-30 14:21:13'),('5eb10e91-a355-45ea-84a0-a008694a8cf9','6f324ce8-bba8-4da7-8b01-efa106ec62b7','Wednesday','18:10:00','22:52:00','2024-01-30 14:21:13','2024-01-30 14:21:13'),('606aa6b2-6dc7-4cef-84c4-7cce8f9b36b1','5db481b2-73e8-42df-8491-a795f19511de','Monday','04:41:00','07:44:00','2024-01-30 14:21:14','2024-01-30 14:21:14'),('61430954-4c42-4aa7-b13a-36d766172033','7ad23043-4e5d-4e54-a91d-d30314a1c8b7','Thursday','03:15:00','19:05:00','2024-01-30 14:21:13','2024-01-30 14:21:13'),('63223f05-6c4a-4907-9aa1-559ebe2e0053','1bc0cbb4-7607-4bc2-8616-5f8cb6c061e9','Saturday','04:09:00','07:57:00','2024-01-30 14:21:13','2024-01-30 14:21:13'),('634e09e6-3011-4b15-9256-494e44ee1074','7cd3da48-d594-42c0-9ed8-3536e9abb2d8','Tuesday','07:26:00','22:25:00','2024-01-30 14:21:13','2024-01-30 14:21:13'),('6360afb8-0f97-462d-bade-0100c4fe8f43','f785b10b-b699-45ab-8cf7-1ff6f2eb7429','Saturday','16:43:00','22:56:00','2024-01-30 14:21:12','2024-01-30 14:21:12'),('636b6dca-0e1b-4228-9c05-9cf44f5c77a7','4821a071-71a2-43ed-9c55-f61bd75c75c3','Monday','11:03:00','11:16:00','2024-01-30 14:21:12','2024-01-30 14:21:12'),('64fb1323-4f0c-4907-ab27-764ca4e4095e','31a7b355-50f7-4771-8c2a-fd906f32688e','Thursday','21:01:00','22:26:00','2024-01-30 14:21:13','2024-01-30 14:21:13'),('652f10bd-b25c-4e62-a32c-0f1328fb9cec','17ebd1c9-7d72-472f-9b23-a4e131a15197','Saturday','21:00:00','23:28:00','2024-01-30 14:21:14','2024-01-30 14:21:14'),('65802e2f-aee8-4467-a4dd-33af130b6c7c','1fe05d71-b16e-4940-967f-4551645ce145','Tuesday','04:21:00','06:49:00','2024-01-30 14:21:12','2024-01-30 14:21:12'),('65a7557b-a3c2-4577-bc66-edc5ca2cf77e','e5d946e7-412e-445d-b294-f8b9e45a159f','Saturday','20:18:00','22:08:00','2024-01-30 14:21:12','2024-01-30 14:21:12'),('65f981d1-70df-4f94-acae-73e92ea7b4fa','c8aa7cd9-8f32-4823-944a-bddc9be2c543','Wednesday','08:04:00','12:52:00','2024-01-30 14:21:13','2024-01-30 14:21:13'),('66623dc4-079f-4149-8c5b-daf1e6b06737','846bbb25-3763-426a-adf3-4b801adbf01f','Wednesday','17:52:00','21:27:00','2024-01-30 14:21:14','2024-01-30 14:21:14'),('66b07fce-43d4-4299-91ce-e1d56e46afcb','78947f09-7143-4f06-8dd1-1fa25f496d9a','Friday','08:26:00','23:57:00','2024-01-30 14:21:14','2024-01-30 14:21:14'),('67777394-6625-4098-8989-c59b8bddcb58','f785b10b-b699-45ab-8cf7-1ff6f2eb7429','Saturday','00:42:00','19:35:00','2024-01-30 14:21:12','2024-01-30 14:21:12'),('67ca82c2-a9cb-43b6-ba75-3ed070cff6b3','6f5f253a-7905-410f-94ef-ac42e4173143','Friday','01:42:00','21:25:00','2024-01-30 14:21:13','2024-01-30 14:21:13'),('685581ff-8fc4-4a94-a382-d9f6dd041a05','b79662f8-fce9-44b6-ac46-91c1fd11a55d','Wednesday','05:38:00','12:50:00','2024-01-30 14:21:13','2024-01-30 14:21:13'),('6870a2b9-3f67-4d43-b107-3c11fcfaa488','70a49233-b59f-44a1-8ca7-5b9b8b311677','Monday','07:22:00','13:39:00','2024-01-30 14:21:14','2024-01-30 14:21:14'),('687ba5a9-bbed-4193-afe1-193229f9ffe7','636dae18-ecbc-477a-a754-2c74a4295847','Saturday','20:01:00','23:02:00','2024-01-30 14:21:14','2024-01-30 14:21:14'),('68e00f01-75c6-4c85-be7a-004db2eb5234','0072bc75-0e9c-4294-8d40-402abd9261a0','Saturday','21:48:00','22:59:00','2024-01-30 14:21:14','2024-01-30 14:21:14'),('6994d45a-858f-4d5c-a4b0-b34e1232214e','0072bc75-0e9c-4294-8d40-402abd9261a0','Wednesday','15:21:00','20:29:00','2024-01-30 14:21:14','2024-01-30 14:21:14'),('699676af-bb90-4132-8264-3d57295382e0','f9535ab3-6447-4f3e-942d-400cea226a39','Saturday','05:57:00','16:34:00','2024-01-30 14:21:13','2024-01-30 14:21:13'),('6ac8f708-f22e-4280-8932-06432377f20b','2df6e06b-ca85-4fee-a1db-e8a21caacdd4','Friday','02:18:00','06:51:00','2024-01-30 14:21:14','2024-01-30 14:21:14'),('6ac960fa-7fa0-4155-bb0e-5a9addd59a44','f785b10b-b699-45ab-8cf7-1ff6f2eb7429','Monday','23:23:00','23:24:00','2024-01-30 14:21:12','2024-01-30 14:21:12'),('6acbf796-70f2-4a3f-ab07-c3a741ae60bf','3f7a242e-b9cc-4e5b-ab7a-561979cd878d','Friday','11:37:00','21:34:00','2024-01-30 14:21:13','2024-01-30 14:21:13'),('6addc077-c1f2-49f6-97d3-13e7899e0fec','29ad7e08-890c-410b-be78-76810619fe47','Tuesday','10:22:00','20:33:00','2024-01-30 14:21:12','2024-01-30 14:21:12'),('6afdb285-eb33-4b52-8d93-0ccddc93f8cc','40036af2-c271-4c12-9bc9-96d97a34e1c0','Thursday','06:18:00','08:15:00','2024-01-30 14:21:12','2024-01-30 14:21:12'),('6c2dcacb-165e-448e-b198-15ec49a8374b','31a7b355-50f7-4771-8c2a-fd906f32688e','Thursday','08:57:00','13:50:00','2024-01-30 14:21:12','2024-01-30 14:21:12'),('6d2d2723-cd1d-4711-9ede-845a8027fba7','74e4231b-941e-4eea-8a15-c993e77c8341','Tuesday','13:49:00','17:32:00','2024-01-30 14:21:14','2024-01-30 14:21:14'),('6d4ac9ba-b702-410b-a550-9d20bd86c9e3','0c22f297-93ba-40e8-bc22-28d4416f8af1','Saturday','21:32:00','23:54:00','2024-01-30 14:21:13','2024-01-30 14:21:13'),('6d6ce092-83c1-4500-8670-3f1cc8a5256a','29ad7e08-890c-410b-be78-76810619fe47','Thursday','04:33:00','17:09:00','2024-01-30 14:21:13','2024-01-30 14:21:13'),('6d806c1c-b9d7-41b6-b26b-2ed956dd631c','a3489374-7753-4be8-80f7-3b9cfede976d','Wednesday','10:05:00','12:29:00','2024-01-30 14:21:13','2024-01-30 14:21:13'),('6e2059b0-608c-478f-b4a6-fc9b19c6f6a4','70608146-01d1-4df9-be29-e0f9822e3af2','Monday','08:23:00','22:16:00','2024-01-30 14:21:12','2024-01-30 14:21:12'),('6e8c9424-73ba-4a43-aae2-6ee95eb08e54','1fe05d71-b16e-4940-967f-4551645ce145','Saturday','07:12:00','22:46:00','2024-01-30 14:21:12','2024-01-30 14:21:12'),('6ed9c52e-c5fb-43e7-9809-b6a4f4269a17','0c22f297-93ba-40e8-bc22-28d4416f8af1','Friday','13:31:00','21:14:00','2024-01-30 14:21:12','2024-01-30 14:21:12'),('6f1ea69c-773d-43c7-9642-59692bf2c186','f8a18596-3a97-4925-8f63-cb62ef647da9','Saturday','19:22:00','20:43:00','2024-01-30 14:21:12','2024-01-30 14:21:12'),('6f3ec068-3157-4466-ae0a-a62d95ef51a0','87614619-405d-44cd-b7a1-5c30464e166b','Saturday','08:36:00','20:34:00','2024-01-30 14:21:13','2024-01-30 14:21:13'),('7144aba0-db65-4258-9954-ed4455c29ce9','fbdfaa7b-5ce2-4902-9774-5bc6a11ac4a0','Wednesday','07:04:00','12:05:00','2024-01-30 14:21:12','2024-01-30 14:21:12'),('72605df9-8b35-4221-9077-023e5aaf6e0f','f785b10b-b699-45ab-8cf7-1ff6f2eb7429','Wednesday','09:10:00','18:26:00','2024-01-30 14:21:12','2024-01-30 14:21:12'),('7277ea78-582a-42ad-8fa3-56435be162c6','2ca75df0-908b-431c-b612-300deec89edc','Monday','08:50:00','15:00:00','2024-01-30 14:21:12','2024-01-30 14:21:12'),('72d80ae4-d1e8-4add-92c1-7156b52af77c','87614619-405d-44cd-b7a1-5c30464e166b','Friday','16:12:00','17:32:00','2024-01-30 14:21:14','2024-01-30 14:21:14'),('73d4c372-6ce2-4fa2-b762-2e8bce56d2af','14f30992-265f-45d1-afb4-269f56051a36','Thursday','16:53:00','17:27:00','2024-01-30 14:21:14','2024-01-30 14:21:14'),('74dfd020-fcf3-472a-a948-6b612c8900f0','87614619-405d-44cd-b7a1-5c30464e166b','Wednesday','22:58:00','23:25:00','2024-01-30 14:21:14','2024-01-30 14:21:14'),('75d1e66c-a39e-437c-9ff9-8f4cb011fe60','70608146-01d1-4df9-be29-e0f9822e3af2','Friday','20:00:00','20:08:00','2024-01-30 14:21:13','2024-01-30 14:21:13'),('763616d9-1e36-47a6-aa53-d2c426da731a','1bc0cbb4-7607-4bc2-8616-5f8cb6c061e9','Tuesday','10:22:00','12:04:00','2024-01-30 14:21:14','2024-01-30 14:21:14'),('77afbbfc-e83a-47e7-9b2e-9ee9617a89e7','f785b10b-b699-45ab-8cf7-1ff6f2eb7429','Thursday','00:13:00','01:00:00','2024-01-30 14:21:13','2024-01-30 14:21:13'),('77c940f3-6eba-49f0-a00d-75397bde5b80','b79662f8-fce9-44b6-ac46-91c1fd11a55d','Thursday','00:51:00','23:20:00','2024-01-30 14:21:13','2024-01-30 14:21:13'),('783b7afe-2e0c-43c0-840b-9489acc66a5b','fbdfaa7b-5ce2-4902-9774-5bc6a11ac4a0','Friday','22:34:00','22:48:00','2024-01-30 14:21:12','2024-01-30 14:21:12'),('79185422-9894-428d-a1a3-35e8ce76f4d2','40036af2-c271-4c12-9bc9-96d97a34e1c0','Friday','05:39:00','14:12:00','2024-01-30 14:21:13','2024-01-30 14:21:13'),('7937b123-3bd9-428d-ba52-2cfbd085ac2d','70a49233-b59f-44a1-8ca7-5b9b8b311677','Saturday','12:34:00','12:37:00','2024-01-30 14:21:13','2024-01-30 14:21:13'),('7aa456a5-c25b-4ce5-a85e-e8012e24232f','3a526da1-32f0-4a8e-a6f9-5cbbe31a706d','Thursday','00:59:00','01:20:00','2024-01-30 14:21:13','2024-01-30 14:21:13'),('7ad91c06-086c-4ef7-a582-0cc32744029f','c8aa7cd9-8f32-4823-944a-bddc9be2c543','Monday','16:39:00','18:24:00','2024-01-30 14:21:14','2024-01-30 14:21:14'),('7b8f8f0f-4882-4972-b3f3-b49ea707aaf7','14f30992-265f-45d1-afb4-269f56051a36','Wednesday','02:06:00','03:58:00','2024-01-30 14:21:13','2024-01-30 14:21:13'),('7bf92774-693c-4e58-b098-60d3f7a42e55','f4fb6f32-2871-4ab4-a0d2-ad28edb356b8','Wednesday','05:41:00','07:37:00','2024-01-30 14:21:13','2024-01-30 14:21:13'),('7ccfdf09-5484-4de7-899d-d9db912969a9','2ca75df0-908b-431c-b612-300deec89edc','Monday','03:51:00','23:45:00','2024-01-30 14:21:13','2024-01-30 14:21:13'),('7d210ed2-bcf5-4a9e-b665-626a41089ece','636dae18-ecbc-477a-a754-2c74a4295847','Monday','01:40:00','13:08:00','2024-01-30 14:21:13','2024-01-30 14:21:13'),('7dc9c7b4-f118-4ade-84b6-807c10fb6495','12650147-112b-4fe6-81fd-b5e27e4c7ad1','Monday','03:47:00','23:46:00','2024-01-30 14:21:14','2024-01-30 14:21:14'),('7dda8535-056f-4d25-a47c-72c696af8713','c8aa7cd9-8f32-4823-944a-bddc9be2c543','Saturday','21:19:00','23:36:00','2024-01-30 14:21:12','2024-01-30 14:21:12'),('7ddeb2e5-7e17-4b4a-b757-d933644273e2','846bbb25-3763-426a-adf3-4b801adbf01f','Thursday','19:59:00','21:21:00','2024-01-30 14:21:14','2024-01-30 14:21:14'),('7dfda125-65ee-4c12-87b6-3a924e79dc29','17ebd1c9-7d72-472f-9b23-a4e131a15197','Tuesday','06:37:00','15:08:00','2024-01-30 14:21:14','2024-01-30 14:21:14'),('7e211dae-c6e4-4eb0-904a-01d460b0402f','3c8d52ae-2e9b-4fc1-b00e-663af234a3b1','Friday','16:42:00','20:42:00','2024-01-30 14:21:12','2024-01-30 14:21:12'),('7ea3cb18-d981-4afa-a914-8941a56e3892','70608146-01d1-4df9-be29-e0f9822e3af2','Thursday','12:37:00','13:53:00','2024-01-30 14:21:13','2024-01-30 14:21:13'),('8021f28d-db59-4186-b7f0-3f42d61bb343','846bbb25-3763-426a-adf3-4b801adbf01f','Monday','09:17:00','10:12:00','2024-01-30 14:21:13','2024-01-30 14:21:13'),('804f9d2d-63c4-4836-ab4c-dfa43ffe6d6b','1765dd0e-9767-4da4-9204-093ccb821d7f','Saturday','19:16:00','21:24:00','2024-01-30 14:21:13','2024-01-30 14:21:13'),('80576f20-6bff-4194-8f26-fcc88626a1c5','5a60b2cd-1c6e-4fdd-99b8-bfdb8e73d182','Thursday','11:03:00','13:58:00','2024-01-30 14:21:12','2024-01-30 14:21:12'),('80d89196-2053-4b4b-a43c-ae02e5bda242','846bbb25-3763-426a-adf3-4b801adbf01f','Tuesday','10:46:00','15:22:00','2024-01-30 14:21:14','2024-01-30 14:21:14'),('811cdac9-b4a9-4de2-8795-9a1798a81ab8','70608146-01d1-4df9-be29-e0f9822e3af2','Tuesday','21:44:00','22:56:00','2024-01-30 14:21:13','2024-01-30 14:21:13'),('81a53258-f0c2-491c-b2ec-2a913670de8e','78947f09-7143-4f06-8dd1-1fa25f496d9a','Thursday','16:32:00','17:44:00','2024-01-30 14:21:13','2024-01-30 14:21:13'),('82447bc8-bc54-42c5-9a89-c44f62b6019b','31a7b355-50f7-4771-8c2a-fd906f32688e','Wednesday','00:37:00','10:07:00','2024-01-30 14:21:14','2024-01-30 14:21:14'),('82e51d8e-67c5-4bea-9e0f-2e008b73838f','f9535ab3-6447-4f3e-942d-400cea226a39','Friday','08:08:00','18:26:00','2024-01-30 14:21:13','2024-01-30 14:21:13'),('84a5fed3-06dd-402e-95ba-93242f2ea87e','e5d946e7-412e-445d-b294-f8b9e45a159f','Thursday','00:16:00','13:37:00','2024-01-30 14:21:14','2024-01-30 14:21:14'),('84b4727e-16a8-406d-8693-cac144aac849','70a49233-b59f-44a1-8ca7-5b9b8b311677','Monday','16:59:00','20:15:00','2024-01-30 14:21:13','2024-01-30 14:21:13'),('850c19c8-d02c-4bfd-8f0b-1fb3237896ad','52c41bb1-085b-4b8a-a361-387c5996a8d7','Tuesday','16:02:00','16:10:00','2024-01-30 14:21:12','2024-01-30 14:21:12'),('8511cc14-69e9-471a-b08c-b5dd509df44d','7ad23043-4e5d-4e54-a91d-d30314a1c8b7','Thursday','15:11:00','18:42:00','2024-01-30 14:21:14','2024-01-30 14:21:14'),('851470dd-ab31-42f3-9e63-d9d9f3c12b00','7cd3da48-d594-42c0-9ed8-3536e9abb2d8','Friday','01:31:00','09:59:00','2024-01-30 14:21:12','2024-01-30 14:21:12'),('8552d8de-487c-43b4-ad02-c262b351bcdc','f8a18596-3a97-4925-8f63-cb62ef647da9','Friday','09:44:00','23:45:00','2024-01-30 14:21:13','2024-01-30 14:21:13'),('8624c771-f1d2-49bd-b42b-4247168b6354','846bbb25-3763-426a-adf3-4b801adbf01f','Friday','18:53:00','23:40:00','2024-01-30 14:21:14','2024-01-30 14:21:14'),('86ef44ad-7805-4364-81b6-d00d221a54b7','636dae18-ecbc-477a-a754-2c74a4295847','Friday','15:56:00','16:33:00','2024-01-30 14:21:13','2024-01-30 14:21:13'),('874c5dc9-df4a-4084-9585-06410bc935ec','78947f09-7143-4f06-8dd1-1fa25f496d9a','Wednesday','16:23:00','19:07:00','2024-01-30 14:21:14','2024-01-30 14:21:14'),('8804bfe3-aad4-4bf4-9cba-d48bb90c8df1','14f30992-265f-45d1-afb4-269f56051a36','Saturday','16:27:00','21:54:00','2024-01-30 14:21:13','2024-01-30 14:21:13'),('8809d1d4-9bdc-4818-b8bb-75d74b9ed47b','c5eec628-5eed-4eff-ad70-db78f28092ff','Friday','23:25:00','23:35:00','2024-01-30 14:21:14','2024-01-30 14:21:14'),('88371671-a177-4fb5-ba85-2391a379d212','6f324ce8-bba8-4da7-8b01-efa106ec62b7','Monday','18:58:00','23:12:00','2024-01-30 14:21:13','2024-01-30 14:21:13'),('88c591b3-3121-48ef-80d7-bac33589b5fa','78947f09-7143-4f06-8dd1-1fa25f496d9a','Tuesday','16:55:00','23:08:00','2024-01-30 14:21:14','2024-01-30 14:21:14'),('8c76b71b-476a-4d35-9f1f-da9a61ff0441','f4fb6f32-2871-4ab4-a0d2-ad28edb356b8','Thursday','16:31:00','20:05:00','2024-01-30 14:21:13','2024-01-30 14:21:13'),('8c98882a-b6d7-477e-a909-26bf9426971c','96d22a59-afe4-418b-9c06-57241a541fc6','Monday','22:13:00','23:08:00','2024-01-30 14:21:14','2024-01-30 14:21:14'),('8ce12787-76a6-4c7a-b6f9-bc156efaa4fb','14f30992-265f-45d1-afb4-269f56051a36','Tuesday','05:46:00','14:13:00','2024-01-30 14:21:13','2024-01-30 14:21:13'),('8d115353-e912-41ac-92be-375ea7e670c1','5db481b2-73e8-42df-8491-a795f19511de','Monday','14:25:00','15:25:00','2024-01-30 14:21:14','2024-01-30 14:21:14'),('8d5c4b09-2030-4954-bc6a-324a3c29ddd7','a3489374-7753-4be8-80f7-3b9cfede976d','Monday','03:11:00','19:27:00','2024-01-30 14:21:13','2024-01-30 14:21:13'),('8e091900-248e-46f0-b821-d8cc3c550250','c8aa7cd9-8f32-4823-944a-bddc9be2c543','Saturday','16:18:00','18:21:00','2024-01-30 14:21:13','2024-01-30 14:21:13'),('8e26b49e-0ae5-47e2-8fe1-646359ad36fa','6fefcc53-9730-4e9b-917c-4205c03c9e5f','Thursday','11:16:00','20:49:00','2024-01-30 14:21:13','2024-01-30 14:21:13'),('8ec326fb-ff3a-415b-bcc8-5eecd2101944','b79662f8-fce9-44b6-ac46-91c1fd11a55d','Friday','16:38:00','18:39:00','2024-01-30 14:21:14','2024-01-30 14:21:14'),('8ed616ad-db39-4b48-986b-978aed3a3cba','c8aa7cd9-8f32-4823-944a-bddc9be2c543','Monday','21:47:00','23:58:00','2024-01-30 14:21:14','2024-01-30 14:21:14'),('8ee1a70f-35aa-4ee1-99aa-d2d354cf7228','7ad23043-4e5d-4e54-a91d-d30314a1c8b7','Wednesday','23:22:00','23:42:00','2024-01-30 14:21:13','2024-01-30 14:21:13'),('8f3bc28e-f143-4ca6-8977-d7b07ede276b','846bbb25-3763-426a-adf3-4b801adbf01f','Friday','12:14:00','17:48:00','2024-01-30 14:21:13','2024-01-30 14:21:13'),('9024c421-503b-4cef-8a10-967f55d31e44','1765dd0e-9767-4da4-9204-093ccb821d7f','Saturday','01:38:00','03:45:00','2024-01-30 14:21:13','2024-01-30 14:21:13'),('90363382-5049-4917-bb57-5e388e43b02d','b7fd702d-11c8-42a2-ab9c-317442cf7bba','Tuesday','05:49:00','08:08:00','2024-01-30 14:21:12','2024-01-30 14:21:12'),('90c9718b-f16b-483c-881e-fc36d9adf1fe','ad0e9eb8-3922-496d-ae53-af49690199b5','Wednesday','11:53:00','13:33:00','2024-01-30 14:21:13','2024-01-30 14:21:13'),('90cd0886-be09-4901-8f16-920bb9e69f1d','2ca75df0-908b-431c-b612-300deec89edc','Wednesday','01:40:00','03:28:00','2024-01-30 14:21:13','2024-01-30 14:21:13'),('91dcdcd3-6879-4b92-ad7e-c3f791c24afd','3a526da1-32f0-4a8e-a6f9-5cbbe31a706d','Monday','08:13:00','20:20:00','2024-01-30 14:21:13','2024-01-30 14:21:13'),('91e3d6d3-db33-4f47-b00c-04c277030732','fbdfaa7b-5ce2-4902-9774-5bc6a11ac4a0','Monday','20:59:00','22:50:00','2024-01-30 14:21:12','2024-01-30 14:21:12'),('91f2d866-85f3-4e36-a443-57f01441dcc2','6fefcc53-9730-4e9b-917c-4205c03c9e5f','Tuesday','11:45:00','12:38:00','2024-01-30 14:21:14','2024-01-30 14:21:14'),('91fa46d0-2af4-4a60-afd1-968a5c50735d','3f7a242e-b9cc-4e5b-ab7a-561979cd878d','Saturday','21:44:00','22:24:00','2024-01-30 14:21:14','2024-01-30 14:21:14'),('92ba2532-0072-42e4-b412-2ec775a1b0de','78947f09-7143-4f06-8dd1-1fa25f496d9a','Tuesday','15:40:00','22:11:00','2024-01-30 14:21:13','2024-01-30 14:21:13'),('93da9f6c-2007-4d18-97e2-34f8b7c487dd','6f324ce8-bba8-4da7-8b01-efa106ec62b7','Friday','22:35:00','22:40:00','2024-01-30 14:21:14','2024-01-30 14:21:14'),('950e1f9d-7c33-4e3d-b8d8-7cf8ff1421ae','2ca75df0-908b-431c-b612-300deec89edc','Tuesday','13:10:00','18:36:00','2024-01-30 14:21:13','2024-01-30 14:21:13'),('958647f4-368b-4c6e-90d7-7eb4a2583f73','636dae18-ecbc-477a-a754-2c74a4295847','Thursday','10:42:00','19:04:00','2024-01-30 14:21:14','2024-01-30 14:21:14'),('959ebf2a-9466-4334-bde2-1d6c3f65d08d','0c22f297-93ba-40e8-bc22-28d4416f8af1','Thursday','13:06:00','15:19:00','2024-01-30 14:21:12','2024-01-30 14:21:12'),('95d44d14-48e6-4e55-9652-2103439ebd8a','74b3ee8d-f55d-424e-86c4-56b658ff68a7','Wednesday','16:34:00','22:00:00','2024-01-30 14:21:14','2024-01-30 14:21:14'),('95f936c7-e033-42aa-a9f2-7895d6053f36','7cd3da48-d594-42c0-9ed8-3536e9abb2d8','Thursday','17:56:00','21:36:00','2024-01-30 14:21:13','2024-01-30 14:21:13'),('96dcda2f-160e-456a-9a5e-0f27bc926ebd','74b3ee8d-f55d-424e-86c4-56b658ff68a7','Saturday','02:14:00','13:16:00','2024-01-30 14:21:13','2024-01-30 14:21:13'),('96f81d63-cbd9-46b2-89b0-1a4afb2f8f0d','1fe05d71-b16e-4940-967f-4551645ce145','Thursday','02:13:00','02:59:00','2024-01-30 14:21:13','2024-01-30 14:21:13'),('970113c4-658b-460a-9d8f-a930ca777fce','74b3ee8d-f55d-424e-86c4-56b658ff68a7','Tuesday','21:55:00','23:46:00','2024-01-30 14:21:14','2024-01-30 14:21:14'),('97974d34-a4a7-4592-8796-6f739154519e','b79662f8-fce9-44b6-ac46-91c1fd11a55d','Wednesday','19:04:00','20:45:00','2024-01-30 14:21:14','2024-01-30 14:21:14'),('97f61991-d33a-4555-a74c-99d3824e501a','70a49233-b59f-44a1-8ca7-5b9b8b311677','Friday','23:45:00','23:52:00','2024-01-30 14:21:13','2024-01-30 14:21:13'),('9827be22-4f44-4e52-b88f-6c2ceb85ea3c','f8a18596-3a97-4925-8f63-cb62ef647da9','Monday','07:46:00','16:04:00','2024-01-30 14:21:13','2024-01-30 14:21:13'),('985f6293-a9c1-46c8-b490-1973b734c54f','96d22a59-afe4-418b-9c06-57241a541fc6','Tuesday','12:01:00','19:15:00','2024-01-30 14:21:14','2024-01-30 14:21:14'),('98c081c6-6606-4a82-aae9-5c18bae1ecdb','2ca75df0-908b-431c-b612-300deec89edc','Friday','10:15:00','18:39:00','2024-01-30 14:21:14','2024-01-30 14:21:14'),('98f1c29e-2741-445d-808b-df5e8377cb1c','0c22f297-93ba-40e8-bc22-28d4416f8af1','Thursday','19:21:00','20:56:00','2024-01-30 14:21:13','2024-01-30 14:21:13'),('99b70b95-c18c-455f-9878-cdfca4106e7e','1bc0cbb4-7607-4bc2-8616-5f8cb6c061e9','Saturday','05:34:00','15:13:00','2024-01-30 14:21:14','2024-01-30 14:21:14'),('9a5e21c6-66ce-47af-8d2e-d47810886a6f','639a5ed9-1e00-493d-94b8-fdb9613da2ae','Tuesday','23:11:00','23:32:00','2024-01-30 14:21:12','2024-01-30 14:21:12'),('9ae07300-23eb-4b86-9288-93e0d34523de','b79662f8-fce9-44b6-ac46-91c1fd11a55d','Saturday','04:48:00','17:19:00','2024-01-30 14:21:14','2024-01-30 14:21:14'),('9b70ac15-d90d-441f-8a29-f4051a8b662f','7cd3da48-d594-42c0-9ed8-3536e9abb2d8','Friday','23:55:00','23:55:00','2024-01-30 14:21:13','2024-01-30 14:21:13'),('9c3ae88b-8ead-45fe-a806-420f56366532','f9535ab3-6447-4f3e-942d-400cea226a39','Saturday','11:47:00','13:30:00','2024-01-30 14:21:13','2024-01-30 14:21:13'),('9c4d6560-4243-42df-b610-1ca2ef5a7c32','6f5f253a-7905-410f-94ef-ac42e4173143','Friday','18:28:00','23:19:00','2024-01-30 14:21:13','2024-01-30 14:21:13'),('9c63c58f-02da-483a-9806-c5484241f23a','639a5ed9-1e00-493d-94b8-fdb9613da2ae','Monday','18:53:00','22:50:00','2024-01-30 14:21:12','2024-01-30 14:21:12'),('9d624b92-5539-4667-a368-c0a2fc44bfb9','1765dd0e-9767-4da4-9204-093ccb821d7f','Saturday','21:40:00','22:17:00','2024-01-30 14:21:13','2024-01-30 14:21:13'),('9e84400d-9f7e-44ce-9f7e-4425b8d193c7','1765dd0e-9767-4da4-9204-093ccb821d7f','Monday','21:13:00','21:58:00','2024-01-30 14:21:12','2024-01-30 14:21:12'),('9f11aa20-90aa-47a6-a164-f73a1e6db1d1','31a7b355-50f7-4771-8c2a-fd906f32688e','Saturday','15:48:00','16:46:00','2024-01-30 14:21:14','2024-01-30 14:21:14'),('9f313dd1-bc98-49c6-a5f6-5aa5bd36ee78','1765dd0e-9767-4da4-9204-093ccb821d7f','Tuesday','14:38:00','21:33:00','2024-01-30 14:21:12','2024-01-30 14:21:12'),('a0c7ebe8-4f0a-4c27-9c9f-0dbf68eb930a','f4fb6f32-2871-4ab4-a0d2-ad28edb356b8','Tuesday','10:41:00','22:29:00','2024-01-30 14:21:12','2024-01-30 14:21:12'),('a166a230-d89b-4fa0-9435-754ac1055282','0072bc75-0e9c-4294-8d40-402abd9261a0','Saturday','12:47:00','14:49:00','2024-01-30 14:21:14','2024-01-30 14:21:14'),('a17855e3-2db7-4ff4-8aa3-81204ea91b23','f785b10b-b699-45ab-8cf7-1ff6f2eb7429','Monday','21:30:00','23:22:00','2024-01-30 14:21:13','2024-01-30 14:21:13'),('a195f4b2-9a48-4d12-b106-8a0f81e38819','c8aa7cd9-8f32-4823-944a-bddc9be2c543','Monday','00:39:00','16:43:00','2024-01-30 14:21:12','2024-01-30 14:21:12'),('a23a84d3-b56b-4bdc-95a2-5ebbeac8104c','70a49233-b59f-44a1-8ca7-5b9b8b311677','Tuesday','12:30:00','22:57:00','2024-01-30 14:21:13','2024-01-30 14:21:13'),('a253588c-c477-4c55-acd6-89bd237682fe','5db481b2-73e8-42df-8491-a795f19511de','Tuesday','06:42:00','21:14:00','2024-01-30 14:21:12','2024-01-30 14:21:12'),('a2d78b11-4974-404c-bb15-4fed6c31112f','5db481b2-73e8-42df-8491-a795f19511de','Monday','06:16:00','22:57:00','2024-01-30 14:21:12','2024-01-30 14:21:12'),('a3690250-454f-48d0-b450-b874a91fdebf','87614619-405d-44cd-b7a1-5c30464e166b','Friday','18:32:00','19:33:00','2024-01-30 14:21:12','2024-01-30 14:21:12'),('a3be68cb-d50e-445a-a520-b40dcde297d5','4821a071-71a2-43ed-9c55-f61bd75c75c3','Monday','07:30:00','10:13:00','2024-01-30 14:21:14','2024-01-30 14:21:14'),('a567bb16-b481-4a5a-be96-a72e6f0b21b8','f9535ab3-6447-4f3e-942d-400cea226a39','Saturday','20:13:00','21:46:00','2024-01-30 14:21:13','2024-01-30 14:21:13'),('a6a8ab64-96c4-4d2d-b7ef-9aaed6b81b31','ad0e9eb8-3922-496d-ae53-af49690199b5','Friday','13:19:00','19:17:00','2024-01-30 14:21:12','2024-01-30 14:21:12'),('a6fc5ecb-4a1a-45ca-93f2-7750313da6b5','70a49233-b59f-44a1-8ca7-5b9b8b311677','Tuesday','18:23:00','18:56:00','2024-01-30 14:21:13','2024-01-30 14:21:13'),('a707f691-db6a-46a3-9b58-44c539d4544e','f242dd15-0b6c-422d-8aa0-297531ed08d3','Monday','09:10:00','21:59:00','2024-01-30 14:21:13','2024-01-30 14:21:13'),('a7117cde-95b3-4818-a2a8-9aa1f2864b7f','ad0e9eb8-3922-496d-ae53-af49690199b5','Saturday','23:13:00','23:19:00','2024-01-30 14:21:14','2024-01-30 14:21:14'),('a84faf65-43f9-47cf-991c-0ffe9ff75838','5a60b2cd-1c6e-4fdd-99b8-bfdb8e73d182','Friday','04:16:00','22:02:00','2024-01-30 14:21:14','2024-01-30 14:21:14'),('a8b71cc8-6d9f-487f-bc8a-8503e42e27c5','87614619-405d-44cd-b7a1-5c30464e166b','Saturday','19:21:00','20:37:00','2024-01-30 14:21:14','2024-01-30 14:21:14'),('a8fcd29f-b7a6-47b2-a634-f58c277d716d','f242dd15-0b6c-422d-8aa0-297531ed08d3','Tuesday','02:22:00','18:50:00','2024-01-30 14:21:13','2024-01-30 14:21:13'),('a97a99a6-93cf-49ad-919a-adff40d243a3','87614619-405d-44cd-b7a1-5c30464e166b','Wednesday','06:42:00','18:51:00','2024-01-30 14:21:14','2024-01-30 14:21:14'),('aa682e5e-2d01-4f89-b7eb-61c231c3f408','40036af2-c271-4c12-9bc9-96d97a34e1c0','Thursday','21:14:00','22:00:00','2024-01-30 14:21:14','2024-01-30 14:21:14'),('aaf27c92-a2de-4d99-82b2-cb73a5778c3b','78947f09-7143-4f06-8dd1-1fa25f496d9a','Wednesday','06:57:00','08:05:00','2024-01-30 14:21:12','2024-01-30 14:21:12'),('ab2c7e46-7fbe-499c-b1a3-2f7062c732d0','c5eec628-5eed-4eff-ad70-db78f28092ff','Tuesday','07:42:00','11:34:00','2024-01-30 14:21:13','2024-01-30 14:21:13'),('abfa63b2-845f-4004-834c-f6b6e3778b5b','3c8d52ae-2e9b-4fc1-b00e-663af234a3b1','Thursday','11:09:00','21:06:00','2024-01-30 14:21:13','2024-01-30 14:21:13'),('ac73cd9b-1612-4320-ac7b-87e5b273135e','5db481b2-73e8-42df-8491-a795f19511de','Tuesday','01:15:00','15:55:00','2024-01-30 14:21:13','2024-01-30 14:21:13'),('aced3e16-8df1-4faa-9d07-d01337d7d9d3','846bbb25-3763-426a-adf3-4b801adbf01f','Wednesday','11:28:00','17:27:00','2024-01-30 14:21:13','2024-01-30 14:21:13'),('ad0c533e-9c38-4c2a-ab59-37df68ced2a9','e5d946e7-412e-445d-b294-f8b9e45a159f','Thursday','02:26:00','11:04:00','2024-01-30 14:21:14','2024-01-30 14:21:14'),('ad411a4a-c623-49d0-91fb-26edf05032e2','c5eec628-5eed-4eff-ad70-db78f28092ff','Friday','15:25:00','21:26:00','2024-01-30 14:21:14','2024-01-30 14:21:14'),('ad6253cf-0c93-4702-8df5-71aa454d43e5','636dae18-ecbc-477a-a754-2c74a4295847','Wednesday','00:43:00','09:35:00','2024-01-30 14:21:12','2024-01-30 14:21:12'),('adbd76c1-249e-4539-927b-ddfada455257','f785b10b-b699-45ab-8cf7-1ff6f2eb7429','Saturday','02:09:00','21:51:00','2024-01-30 14:21:13','2024-01-30 14:21:13'),('b0fe2969-3f89-4eaf-9492-b3f4fd250bee','e5d946e7-412e-445d-b294-f8b9e45a159f','Friday','02:59:00','19:47:00','2024-01-30 14:21:13','2024-01-30 14:21:13'),('b1d57b9e-4eb4-457d-97f1-f6a6875dad73','29ad7e08-890c-410b-be78-76810619fe47','Friday','01:00:00','22:37:00','2024-01-30 14:21:12','2024-01-30 14:21:12'),('b1fd041e-c7de-488d-9ce2-fcfba7d48292','636dae18-ecbc-477a-a754-2c74a4295847','Tuesday','17:58:00','22:46:00','2024-01-30 14:21:14','2024-01-30 14:21:14'),('b21b9e4d-b613-4f5f-9401-74265331a7da','ad0e9eb8-3922-496d-ae53-af49690199b5','Saturday','16:53:00','21:35:00','2024-01-30 14:21:13','2024-01-30 14:21:13'),('b307d1dc-16c1-4ba6-a05c-2b3e0e105139','3f7a242e-b9cc-4e5b-ab7a-561979cd878d','Saturday','16:50:00','22:11:00','2024-01-30 14:21:13','2024-01-30 14:21:13'),('b316b3b4-145e-4a5f-a95f-0fd32c8840a4','f8a18596-3a97-4925-8f63-cb62ef647da9','Saturday','06:47:00','16:49:00','2024-01-30 14:21:13','2024-01-30 14:21:13'),('b4376128-bb91-4435-b4f5-33d229d1712b','f242dd15-0b6c-422d-8aa0-297531ed08d3','Friday','02:01:00','15:18:00','2024-01-30 14:21:12','2024-01-30 14:21:12'),('b454cb2e-d9f8-4ddf-8dc6-13968219e5e2','5a60b2cd-1c6e-4fdd-99b8-bfdb8e73d182','Monday','19:30:00','19:58:00','2024-01-30 14:21:13','2024-01-30 14:21:13'),('b45e0a8e-9624-4a69-95da-f380d79745da','0c22f297-93ba-40e8-bc22-28d4416f8af1','Friday','14:21:00','18:22:00','2024-01-30 14:21:13','2024-01-30 14:21:13'),('b61ff7eb-763e-443b-a2fb-3f19312d0494','12650147-112b-4fe6-81fd-b5e27e4c7ad1','Monday','06:42:00','18:40:00','2024-01-30 14:21:14','2024-01-30 14:21:14'),('b678989d-20eb-4817-8203-ee44aa2ac230','3c8d52ae-2e9b-4fc1-b00e-663af234a3b1','Friday','13:34:00','18:36:00','2024-01-30 14:21:12','2024-01-30 14:21:12'),('b6e9c382-86d3-41e3-98f7-1a1c7e234034','2df6e06b-ca85-4fee-a1db-e8a21caacdd4','Wednesday','19:03:00','21:03:00','2024-01-30 14:21:14','2024-01-30 14:21:14'),('b7700c44-9538-4267-b90e-e00796c6e571','fbdfaa7b-5ce2-4902-9774-5bc6a11ac4a0','Wednesday','23:36:00','23:52:00','2024-01-30 14:21:13','2024-01-30 14:21:13'),('b7aa44fb-b37a-44e5-92b8-dda6a36c2676','f785b10b-b699-45ab-8cf7-1ff6f2eb7429','Saturday','04:03:00','06:36:00','2024-01-30 14:21:13','2024-01-30 14:21:13'),('b7e992ec-f3d3-4349-b6a0-f80eb72050b7','5a60b2cd-1c6e-4fdd-99b8-bfdb8e73d182','Friday','04:03:00','14:35:00','2024-01-30 14:21:13','2024-01-30 14:21:13'),('b96049ff-f08a-492b-ad62-006a3ef9a4fe','0072bc75-0e9c-4294-8d40-402abd9261a0','Friday','02:32:00','20:01:00','2024-01-30 14:21:12','2024-01-30 14:21:12'),('ba01920d-7a1c-4dc0-beeb-fd5495dd2a5d','3c8d52ae-2e9b-4fc1-b00e-663af234a3b1','Friday','10:38:00','11:17:00','2024-01-30 14:21:12','2024-01-30 14:21:12'),('ba50ef68-4dd6-4182-a51a-13bd6322bb42','846bbb25-3763-426a-adf3-4b801adbf01f','Friday','16:27:00','17:42:00','2024-01-30 14:21:13','2024-01-30 14:21:13'),('bb022273-2768-45d8-9e94-6e12734e78ba','f4fb6f32-2871-4ab4-a0d2-ad28edb356b8','Thursday','11:28:00','13:48:00','2024-01-30 14:21:12','2024-01-30 14:21:12'),('bb8d1f96-eac7-4625-ad14-5aca933803e4','5db481b2-73e8-42df-8491-a795f19511de','Monday','16:50:00','19:43:00','2024-01-30 14:21:13','2024-01-30 14:21:13'),('bc113ef4-981c-48d2-b1ae-d794e4b55761','17ebd1c9-7d72-472f-9b23-a4e131a15197','Friday','17:16:00','22:46:00','2024-01-30 14:21:12','2024-01-30 14:21:12'),('bd344591-0b45-484d-ba5e-41665ba81934','b79662f8-fce9-44b6-ac46-91c1fd11a55d','Saturday','23:51:00','23:53:00','2024-01-30 14:21:13','2024-01-30 14:21:13'),('bd79b22b-97b3-455e-9ff8-74431ed9e628','5db481b2-73e8-42df-8491-a795f19511de','Friday','11:48:00','23:10:00','2024-01-30 14:21:13','2024-01-30 14:21:13'),('bdd61ecd-c161-48d1-ae64-09897f6eb09f','e5d946e7-412e-445d-b294-f8b9e45a159f','Friday','12:05:00','13:12:00','2024-01-30 14:21:13','2024-01-30 14:21:13'),('be54ff31-99e6-4bd8-abe7-4ed7ff39b9e2','f242dd15-0b6c-422d-8aa0-297531ed08d3','Tuesday','08:52:00','14:10:00','2024-01-30 14:21:14','2024-01-30 14:21:14'),('bed5572d-4527-4113-b1a9-89fd3298cacf','4821a071-71a2-43ed-9c55-f61bd75c75c3','Wednesday','00:54:00','11:07:00','2024-01-30 14:21:13','2024-01-30 14:21:13'),('bed9353e-6bf5-4ca4-acab-1fde9745323d','4821a071-71a2-43ed-9c55-f61bd75c75c3','Tuesday','20:06:00','22:24:00','2024-01-30 14:21:13','2024-01-30 14:21:13'),('bf8d8242-ca03-4a1c-97d6-37224fa02d60','f242dd15-0b6c-422d-8aa0-297531ed08d3','Monday','18:20:00','21:24:00','2024-01-30 14:21:13','2024-01-30 14:21:13'),('bfe6d49c-78df-45f2-af90-ddf6aba972c1','52c41bb1-085b-4b8a-a361-387c5996a8d7','Monday','18:40:00','21:23:00','2024-01-30 14:21:13','2024-01-30 14:21:13'),('bfe846c3-945f-4f32-9402-7a2845b9f86a','96d22a59-afe4-418b-9c06-57241a541fc6','Wednesday','09:36:00','10:40:00','2024-01-30 14:21:12','2024-01-30 14:21:12'),('bfee99df-15a6-4077-a49b-2f7c49e082ed','40036af2-c271-4c12-9bc9-96d97a34e1c0','Thursday','03:44:00','10:32:00','2024-01-30 14:21:13','2024-01-30 14:21:13'),('c01c217f-975d-4a2b-92b2-befb0461fe44','5a60b2cd-1c6e-4fdd-99b8-bfdb8e73d182','Friday','05:33:00','19:12:00','2024-01-30 14:21:13','2024-01-30 14:21:13'),('c07aadf3-6a45-453c-a794-6d8dc51b1521','636dae18-ecbc-477a-a754-2c74a4295847','Tuesday','23:45:00','23:54:00','2024-01-30 14:21:12','2024-01-30 14:21:12'),('c0f515f5-76d3-4b45-b626-cbb55a143498','7ad23043-4e5d-4e54-a91d-d30314a1c8b7','Monday','18:01:00','22:04:00','2024-01-30 14:21:13','2024-01-30 14:21:13'),('c1836c55-0500-44a0-9892-039f1ff32e87','e5d946e7-412e-445d-b294-f8b9e45a159f','Friday','14:27:00','14:34:00','2024-01-30 14:21:13','2024-01-30 14:21:13'),('c1870d7c-e0e0-4569-b677-15577fb6ee45','338ab4f1-c4eb-45e8-8bac-3d683bcc2207','Monday','11:23:00','16:30:00','2024-01-30 14:21:13','2024-01-30 14:21:13'),('c18e3d66-965c-4ced-8fe3-484a06b5fc5b','78947f09-7143-4f06-8dd1-1fa25f496d9a','Monday','03:28:00','23:46:00','2024-01-30 14:21:14','2024-01-30 14:21:14'),('c2151408-b88c-4444-a9c7-71e807b6d619','e5d946e7-412e-445d-b294-f8b9e45a159f','Monday','17:32:00','18:12:00','2024-01-30 14:21:12','2024-01-30 14:21:12'),('c2234731-e19f-4c25-a63d-8e07580a3de8','a3489374-7753-4be8-80f7-3b9cfede976d','Thursday','05:54:00','11:52:00','2024-01-30 14:21:13','2024-01-30 14:21:13'),('c223aef6-e181-4e26-b712-fd675ef5a6ad','6f5f253a-7905-410f-94ef-ac42e4173143','Saturday','04:07:00','07:06:00','2024-01-30 14:21:13','2024-01-30 14:21:13'),('c22a5883-3192-459b-a46d-68e12cb18898','3f7a242e-b9cc-4e5b-ab7a-561979cd878d','Tuesday','23:36:00','23:44:00','2024-01-30 14:21:14','2024-01-30 14:21:14'),('c24477dc-d092-4888-8611-deadb1d8d51f','74e4231b-941e-4eea-8a15-c993e77c8341','Wednesday','09:41:00','21:29:00','2024-01-30 14:21:12','2024-01-30 14:21:12'),('c2b118c2-cae3-4f38-9def-5bbc85423f19','70a49233-b59f-44a1-8ca7-5b9b8b311677','Thursday','07:39:00','23:29:00','2024-01-30 14:21:13','2024-01-30 14:21:13'),('c2e04a3f-c581-45d9-b35d-1fd93644a0d3','c8aa7cd9-8f32-4823-944a-bddc9be2c543','Monday','19:47:00','22:42:00','2024-01-30 14:21:13','2024-01-30 14:21:13'),('c311aa7a-be9a-4d06-9156-24c030f25535','40036af2-c271-4c12-9bc9-96d97a34e1c0','Friday','04:02:00','12:50:00','2024-01-30 14:21:13','2024-01-30 14:21:13'),('c345843f-ca79-4241-8de5-22b61f29e5d5','b79662f8-fce9-44b6-ac46-91c1fd11a55d','Wednesday','18:58:00','19:48:00','2024-01-30 14:21:13','2024-01-30 14:21:13'),('c37b1b9d-61f6-476d-aa45-bab2030e4ad0','0c22f297-93ba-40e8-bc22-28d4416f8af1','Monday','21:23:00','21:41:00','2024-01-30 14:21:13','2024-01-30 14:21:13'),('c40a168a-a6b8-4b72-99bb-20f6fd18c703','c8aa7cd9-8f32-4823-944a-bddc9be2c543','Saturday','02:11:00','23:39:00','2024-01-30 14:21:13','2024-01-30 14:21:13'),('c42e833d-d3ef-47ea-a1ad-e72c6adbb17d','e5d946e7-412e-445d-b294-f8b9e45a159f','Friday','15:46:00','19:29:00','2024-01-30 14:21:13','2024-01-30 14:21:13'),('c45a0e14-2dc1-441d-87df-44a2444c6eb2','636dae18-ecbc-477a-a754-2c74a4295847','Friday','16:06:00','21:13:00','2024-01-30 14:21:13','2024-01-30 14:21:13'),('c46af04d-2ad0-40e0-98a6-8418b83517ee','ad0e9eb8-3922-496d-ae53-af49690199b5','Wednesday','04:53:00','06:25:00','2024-01-30 14:21:13','2024-01-30 14:21:13'),('c525d1b0-d2c0-4b27-9ade-d7e5c28d37b1','17ebd1c9-7d72-472f-9b23-a4e131a15197','Friday','13:54:00','16:19:00','2024-01-30 14:21:14','2024-01-30 14:21:14'),('c61336dc-2237-4e5c-9aad-7220a7f4a340','f785b10b-b699-45ab-8cf7-1ff6f2eb7429','Friday','10:37:00','12:23:00','2024-01-30 14:21:12','2024-01-30 14:21:12'),('c6394269-f8f0-4453-ae7c-af74002bd4ea','636dae18-ecbc-477a-a754-2c74a4295847','Wednesday','16:35:00','18:52:00','2024-01-30 14:21:13','2024-01-30 14:21:13'),('c67f0477-9d07-4568-a7da-062ed86eddbd','2ca75df0-908b-431c-b612-300deec89edc','Saturday','01:14:00','01:57:00','2024-01-30 14:21:13','2024-01-30 14:21:13'),('c702d2b4-cd40-4139-a9e3-af888e7376ac','52c41bb1-085b-4b8a-a361-387c5996a8d7','Saturday','06:04:00','15:23:00','2024-01-30 14:21:13','2024-01-30 14:21:13'),('c7a7f148-0d0c-452d-8d9f-f32d84e930d6','2ca75df0-908b-431c-b612-300deec89edc','Friday','16:14:00','19:45:00','2024-01-30 14:21:13','2024-01-30 14:21:13'),('c7ad4e66-c6ab-4d2d-8dae-dac6b400a0e0','2ca75df0-908b-431c-b612-300deec89edc','Wednesday','08:03:00','18:14:00','2024-01-30 14:21:14','2024-01-30 14:21:14'),('c88c8587-8c05-4db0-bbd1-2d5af991278a','3c8d52ae-2e9b-4fc1-b00e-663af234a3b1','Monday','20:21:00','23:54:00','2024-01-30 14:21:13','2024-01-30 14:21:13'),('c8cbe44f-3f95-4f6e-8035-c46183030bf0','1bc0cbb4-7607-4bc2-8616-5f8cb6c061e9','Thursday','03:39:00','15:13:00','2024-01-30 14:21:13','2024-01-30 14:21:13'),('c9920813-53fa-4b98-9a83-96663d28a4e3','3c8d52ae-2e9b-4fc1-b00e-663af234a3b1','Thursday','08:49:00','16:05:00','2024-01-30 14:21:13','2024-01-30 14:21:13'),('c9f6d708-f38a-4878-8158-25d4213ecd51','78947f09-7143-4f06-8dd1-1fa25f496d9a','Thursday','02:45:00','06:00:00','2024-01-30 14:21:13','2024-01-30 14:21:13'),('ca4a6fd8-b785-4eef-98c9-0315e4864f06','0c22f297-93ba-40e8-bc22-28d4416f8af1','Friday','12:40:00','14:03:00','2024-01-30 14:21:14','2024-01-30 14:21:14'),('cbe4ae84-cfcc-47fe-90a9-2c0ebec5ae19','2df6e06b-ca85-4fee-a1db-e8a21caacdd4','Saturday','06:03:00','08:30:00','2024-01-30 14:21:12','2024-01-30 14:21:12'),('cc3328d8-2da8-475f-b5b1-65a1c8a4abc6','f8a18596-3a97-4925-8f63-cb62ef647da9','Monday','17:33:00','20:12:00','2024-01-30 14:21:14','2024-01-30 14:21:14'),('ccef119f-7614-446d-8677-801a40e531ee','29ad7e08-890c-410b-be78-76810619fe47','Saturday','13:44:00','19:42:00','2024-01-30 14:21:12','2024-01-30 14:21:12'),('cd6e2d8c-f8b1-49e1-be1c-899490698910','96d22a59-afe4-418b-9c06-57241a541fc6','Saturday','18:12:00','19:18:00','2024-01-30 14:21:14','2024-01-30 14:21:14'),('cd87c50a-00f3-4de7-a7cc-455d0149414a','40036af2-c271-4c12-9bc9-96d97a34e1c0','Friday','23:08:00','23:15:00','2024-01-30 14:21:14','2024-01-30 14:21:14'),('cdf570f6-f612-4ce8-a6b1-c0f4ecb1c8ce','636dae18-ecbc-477a-a754-2c74a4295847','Tuesday','15:18:00','21:11:00','2024-01-30 14:21:13','2024-01-30 14:21:13'),('cdfa92be-c65a-4a38-ad0e-129eb191707c','c5eec628-5eed-4eff-ad70-db78f28092ff','Saturday','23:51:00','23:57:00','2024-01-30 14:21:12','2024-01-30 14:21:12'),('ce0b7d6c-7b9d-4cd3-8616-5408b1a0ec72','7ad23043-4e5d-4e54-a91d-d30314a1c8b7','Thursday','22:08:00','23:42:00','2024-01-30 14:21:12','2024-01-30 14:21:12'),('ce39850d-f510-4bc2-86e1-87f538442ec9','f8a18596-3a97-4925-8f63-cb62ef647da9','Friday','16:08:00','19:42:00','2024-01-30 14:21:14','2024-01-30 14:21:14'),('ce6de8db-f984-475d-8182-5e5ffb18c1d3','14f30992-265f-45d1-afb4-269f56051a36','Tuesday','19:51:00','23:14:00','2024-01-30 14:21:13','2024-01-30 14:21:13'),('cfa372ac-2422-4268-9702-b9bd6e9a3d23','ad0e9eb8-3922-496d-ae53-af49690199b5','Wednesday','15:21:00','22:20:00','2024-01-30 14:21:13','2024-01-30 14:21:13'),('d018fd59-278a-462e-8f3e-f0361db98207','2df6e06b-ca85-4fee-a1db-e8a21caacdd4','Tuesday','15:36:00','16:26:00','2024-01-30 14:21:13','2024-01-30 14:21:13'),('d126642c-e3a1-4a1b-bcf9-4481ca7c5e78','31a7b355-50f7-4771-8c2a-fd906f32688e','Tuesday','19:17:00','19:36:00','2024-01-30 14:21:14','2024-01-30 14:21:14'),('d130962d-6b93-4f9c-9317-850e9bf04832','7ad23043-4e5d-4e54-a91d-d30314a1c8b7','Tuesday','09:44:00','23:24:00','2024-01-30 14:21:12','2024-01-30 14:21:12'),('d1bca979-ce99-412f-8f17-f7edd223b827','f785b10b-b699-45ab-8cf7-1ff6f2eb7429','Tuesday','22:35:00','22:53:00','2024-01-30 14:21:13','2024-01-30 14:21:13'),('d1da96af-3475-4c26-bfde-017ebc0b27e3','639a5ed9-1e00-493d-94b8-fdb9613da2ae','Wednesday','22:59:00','23:42:00','2024-01-30 14:21:13','2024-01-30 14:21:13'),('d2e8026d-3222-440b-b9b4-7edc5144ed3b','1765dd0e-9767-4da4-9204-093ccb821d7f','Friday','20:11:00','21:23:00','2024-01-30 14:21:13','2024-01-30 14:21:13'),('d30ad997-8674-4afa-8aa4-f73253d36c35','3c8d52ae-2e9b-4fc1-b00e-663af234a3b1','Wednesday','04:28:00','09:23:00','2024-01-30 14:21:13','2024-01-30 14:21:13'),('d3865a58-adc5-4f74-a796-c6a52c7436cb','31a7b355-50f7-4771-8c2a-fd906f32688e','Friday','09:41:00','23:27:00','2024-01-30 14:21:13','2024-01-30 14:21:13'),('d59a89b7-4059-4e51-8b75-6b477d080073','70608146-01d1-4df9-be29-e0f9822e3af2','Wednesday','12:36:00','18:26:00','2024-01-30 14:21:13','2024-01-30 14:21:13'),('d5c8cd20-5298-4bfb-944c-f42759b9cbdd','a3489374-7753-4be8-80f7-3b9cfede976d','Monday','09:56:00','15:08:00','2024-01-30 14:21:12','2024-01-30 14:21:12'),('d6c74cba-8b76-4ba1-93f0-be390a471ffa','1765dd0e-9767-4da4-9204-093ccb821d7f','Wednesday','09:56:00','17:50:00','2024-01-30 14:21:13','2024-01-30 14:21:13'),('d7291032-ca82-4fa1-ba3d-7eab0783e5be','31a7b355-50f7-4771-8c2a-fd906f32688e','Saturday','02:33:00','23:42:00','2024-01-30 14:21:13','2024-01-30 14:21:13'),('d7922285-446a-4601-9501-88c8516c64c1','1fe05d71-b16e-4940-967f-4551645ce145','Friday','04:07:00','05:33:00','2024-01-30 14:21:12','2024-01-30 14:21:12'),('d98afe5c-be4e-40ca-9848-581a5526e6f6','70a49233-b59f-44a1-8ca7-5b9b8b311677','Saturday','21:06:00','22:01:00','2024-01-30 14:21:13','2024-01-30 14:21:13'),('da2fa265-f575-414e-8884-a1875117e9ff','40036af2-c271-4c12-9bc9-96d97a34e1c0','Saturday','19:34:00','22:19:00','2024-01-30 14:21:13','2024-01-30 14:21:13'),('da8aafc9-4981-46db-af63-f6ced089d4f9','7ad23043-4e5d-4e54-a91d-d30314a1c8b7','Monday','05:23:00','21:08:00','2024-01-30 14:21:14','2024-01-30 14:21:14'),('da96b7d6-e6c0-4824-8b6d-e43ec417d55b','f785b10b-b699-45ab-8cf7-1ff6f2eb7429','Wednesday','03:04:00','03:45:00','2024-01-30 14:21:14','2024-01-30 14:21:14'),('dad9d175-b10a-4d38-a585-d2eef6ae6726','f785b10b-b699-45ab-8cf7-1ff6f2eb7429','Thursday','19:31:00','19:55:00','2024-01-30 14:21:12','2024-01-30 14:21:12'),('daed360b-52b4-4aff-8212-60c52f1933a5','ad0e9eb8-3922-496d-ae53-af49690199b5','Saturday','22:11:00','22:38:00','2024-01-30 14:21:13','2024-01-30 14:21:13'),('dc20e840-f265-4be8-b166-c8092bebda26','338ab4f1-c4eb-45e8-8bac-3d683bcc2207','Wednesday','00:19:00','06:24:00','2024-01-30 14:21:13','2024-01-30 14:21:13'),('dc6bb7c9-6543-4c8e-978f-195e91115f1e','31a7b355-50f7-4771-8c2a-fd906f32688e','Tuesday','19:54:00','23:43:00','2024-01-30 14:21:12','2024-01-30 14:21:12'),('debfc512-d5e0-40ef-8122-4e92a0befed0','6f5f253a-7905-410f-94ef-ac42e4173143','Monday','13:37:00','21:09:00','2024-01-30 14:21:14','2024-01-30 14:21:14'),('dfb94b09-6f09-427a-9d33-3fa3f6bf877f','639a5ed9-1e00-493d-94b8-fdb9613da2ae','Wednesday','22:13:00','22:16:00','2024-01-30 14:21:12','2024-01-30 14:21:12'),('e035fd55-5827-4f36-bdb6-469b8d6443bc','0072bc75-0e9c-4294-8d40-402abd9261a0','Monday','15:52:00','22:44:00','2024-01-30 14:21:13','2024-01-30 14:21:13'),('e074f8e6-de32-4512-ae96-645ccceb457f','2ca75df0-908b-431c-b612-300deec89edc','Thursday','11:27:00','12:22:00','2024-01-30 14:21:14','2024-01-30 14:21:14'),('e0d6a472-11a5-4a25-a692-f1d403e23537','12650147-112b-4fe6-81fd-b5e27e4c7ad1','Saturday','02:02:00','11:03:00','2024-01-30 14:21:12','2024-01-30 14:21:12'),('e11df9e3-390e-4d7d-a6a2-6cb60a9b277b','3a526da1-32f0-4a8e-a6f9-5cbbe31a706d','Saturday','23:20:00','23:49:00','2024-01-30 14:21:13','2024-01-30 14:21:13'),('e13cd556-12da-46bc-bd1c-3e9f1c85bd4a','31a7b355-50f7-4771-8c2a-fd906f32688e','Wednesday','13:36:00','15:34:00','2024-01-30 14:21:12','2024-01-30 14:21:12'),('e1506830-8b66-49c5-81d7-519c61b9783d','74b3ee8d-f55d-424e-86c4-56b658ff68a7','Monday','23:51:00','23:56:00','2024-01-30 14:21:13','2024-01-30 14:21:13'),('e22f7aa4-b280-44a8-a23b-83f94af216b5','0072bc75-0e9c-4294-8d40-402abd9261a0','Friday','23:37:00','23:41:00','2024-01-30 14:21:13','2024-01-30 14:21:13'),('e28296ef-3805-4ea6-bc63-68c57400d24f','5a60b2cd-1c6e-4fdd-99b8-bfdb8e73d182','Thursday','06:04:00','17:42:00','2024-01-30 14:21:12','2024-01-30 14:21:12'),('e32032c2-c577-4ad6-9ccc-a6798fdd1cf6','846bbb25-3763-426a-adf3-4b801adbf01f','Thursday','16:20:00','17:28:00','2024-01-30 14:21:12','2024-01-30 14:21:12'),('e4b3a44a-4792-46ef-8384-1d42b75007c0','74b3ee8d-f55d-424e-86c4-56b658ff68a7','Thursday','00:13:00','06:42:00','2024-01-30 14:21:12','2024-01-30 14:21:12'),('e51dfc82-8535-416d-b8ec-114b4745fe98','636dae18-ecbc-477a-a754-2c74a4295847','Tuesday','20:32:00','21:45:00','2024-01-30 14:21:13','2024-01-30 14:21:13'),('e521ff32-b3fd-4610-b8e2-c1527977a911','12650147-112b-4fe6-81fd-b5e27e4c7ad1','Friday','20:56:00','22:50:00','2024-01-30 14:21:14','2024-01-30 14:21:14'),('e5294405-cf2f-4e6e-b236-2a51b9b18635','4821a071-71a2-43ed-9c55-f61bd75c75c3','Friday','04:10:00','04:58:00','2024-01-30 14:21:13','2024-01-30 14:21:13'),('e56c3ad9-8d9e-4f18-aefa-2627c80de097','639a5ed9-1e00-493d-94b8-fdb9613da2ae','Tuesday','19:59:00','22:46:00','2024-01-30 14:21:12','2024-01-30 14:21:12'),('e585ff87-f5e9-4ce8-8162-60a34f3c1b16','87614619-405d-44cd-b7a1-5c30464e166b','Thursday','09:11:00','20:55:00','2024-01-30 14:21:14','2024-01-30 14:21:14'),('e5a5d7a8-6b49-46b9-b308-7f01039c9646','4821a071-71a2-43ed-9c55-f61bd75c75c3','Monday','08:04:00','16:25:00','2024-01-30 14:21:12','2024-01-30 14:21:12'),('e5c5c58d-09a9-4c15-9850-37a329c3bfd4','96d22a59-afe4-418b-9c06-57241a541fc6','Tuesday','10:19:00','21:52:00','2024-01-30 14:21:14','2024-01-30 14:21:14'),('e6cc97c7-49b6-4cfe-8da2-c859c4d68192','0072bc75-0e9c-4294-8d40-402abd9261a0','Thursday','18:44:00','20:47:00','2024-01-30 14:21:14','2024-01-30 14:21:14'),('e6eed6b5-f022-48b5-a2b8-da8be08343c6','12650147-112b-4fe6-81fd-b5e27e4c7ad1','Monday','20:05:00','23:48:00','2024-01-30 14:21:13','2024-01-30 14:21:13'),('e8411e5b-69fb-458b-b946-59c1a6134f4b','70608146-01d1-4df9-be29-e0f9822e3af2','Thursday','09:42:00','14:56:00','2024-01-30 14:21:13','2024-01-30 14:21:13'),('e980cb28-4a27-4e48-8899-3cad3784d24e','b7fd702d-11c8-42a2-ab9c-317442cf7bba','Friday','11:43:00','18:55:00','2024-01-30 14:21:13','2024-01-30 14:21:13'),('ea6d3bac-f50d-4c06-867a-0e3f24ed7f72','1765dd0e-9767-4da4-9204-093ccb821d7f','Wednesday','05:32:00','11:36:00','2024-01-30 14:21:14','2024-01-30 14:21:14'),('eb013c31-fa7f-4daa-bbe8-3bbee90eda27','96d22a59-afe4-418b-9c06-57241a541fc6','Friday','13:26:00','16:20:00','2024-01-30 14:21:13','2024-01-30 14:21:13'),('eb7995fd-835b-41fd-abdf-878a016c3217','c8aa7cd9-8f32-4823-944a-bddc9be2c543','Saturday','21:13:00','23:42:00','2024-01-30 14:21:14','2024-01-30 14:21:14'),('ebb24fcf-635c-41bf-bb60-292716722651','639a5ed9-1e00-493d-94b8-fdb9613da2ae','Wednesday','23:29:00','23:34:00','2024-01-30 14:21:13','2024-01-30 14:21:13'),('ebe23cc2-85d2-4b82-8707-01ae4caec62d','f242dd15-0b6c-422d-8aa0-297531ed08d3','Monday','11:36:00','14:12:00','2024-01-30 14:21:14','2024-01-30 14:21:14'),('ebe78b5f-c4d1-45fc-93ad-38f457e4a71d','f8a18596-3a97-4925-8f63-cb62ef647da9','Friday','22:58:00','23:15:00','2024-01-30 14:21:14','2024-01-30 14:21:14'),('ec26b938-cb34-4f0a-a5a1-c93b56d20295','846bbb25-3763-426a-adf3-4b801adbf01f','Saturday','02:30:00','09:25:00','2024-01-30 14:21:13','2024-01-30 14:21:13'),('ed0be835-4867-4200-9ccf-d0e57192680d','7ad23043-4e5d-4e54-a91d-d30314a1c8b7','Friday','21:35:00','21:51:00','2024-01-30 14:21:14','2024-01-30 14:21:14'),('ed6ba716-ae42-405f-83dc-7086c95435d4','c5eec628-5eed-4eff-ad70-db78f28092ff','Friday','13:29:00','13:38:00','2024-01-30 14:21:14','2024-01-30 14:21:14'),('eda137d8-3b78-4eb0-8db9-8fc0a0eef9f5','6f5f253a-7905-410f-94ef-ac42e4173143','Friday','02:10:00','04:31:00','2024-01-30 14:21:13','2024-01-30 14:21:13'),('edaddc18-c030-4fd0-9279-6e30f55bacf4','5a60b2cd-1c6e-4fdd-99b8-bfdb8e73d182','Wednesday','07:27:00','19:56:00','2024-01-30 14:21:12','2024-01-30 14:21:12'),('eddd141e-ce5d-4f98-a2d6-381025a591bd','f9535ab3-6447-4f3e-942d-400cea226a39','Thursday','20:16:00','20:51:00','2024-01-30 14:21:13','2024-01-30 14:21:13'),('ede55b87-3096-4602-a9d6-e73026330901','846bbb25-3763-426a-adf3-4b801adbf01f','Thursday','03:01:00','05:10:00','2024-01-30 14:21:14','2024-01-30 14:21:14'),('ee0b9f7f-5cbc-4172-8b1f-225cb5c13eb1','7cd3da48-d594-42c0-9ed8-3536e9abb2d8','Thursday','14:55:00','19:39:00','2024-01-30 14:21:12','2024-01-30 14:21:12'),('ee5abfa6-58d6-440a-a962-1a5930983f34','7cd3da48-d594-42c0-9ed8-3536e9abb2d8','Thursday','17:34:00','19:51:00','2024-01-30 14:21:14','2024-01-30 14:21:14'),('eeafddb6-c080-47b4-96ef-10ba0d4f7203','1fe05d71-b16e-4940-967f-4551645ce145','Friday','23:04:00','23:52:00','2024-01-30 14:21:13','2024-01-30 14:21:13'),('ef434c1c-97c6-4476-8323-8e96a8c71cb7','52c41bb1-085b-4b8a-a361-387c5996a8d7','Saturday','16:51:00','22:48:00','2024-01-30 14:21:13','2024-01-30 14:21:13'),('f0867161-d60b-4f88-9b9c-b8433ed2953c','74201cf2-1de7-4b08-b7ac-9d5b62481055','Wednesday','09:42:00','13:08:00','2024-01-30 14:21:13','2024-01-30 14:21:13'),('f1605eb9-cdce-4ec5-9446-7e8de1e62333','52c41bb1-085b-4b8a-a361-387c5996a8d7','Wednesday','09:14:00','14:07:00','2024-01-30 14:21:13','2024-01-30 14:21:13'),('f178755b-597e-423c-beb9-3a50ac4fdc4c','846bbb25-3763-426a-adf3-4b801adbf01f','Friday','21:54:00','23:33:00','2024-01-30 14:21:14','2024-01-30 14:21:14'),('f184e8dd-4e2d-4e10-8b05-7c52889965e1','6f5f253a-7905-410f-94ef-ac42e4173143','Saturday','19:01:00','23:36:00','2024-01-30 14:21:13','2024-01-30 14:21:13'),('f2f871ec-1235-4317-91cb-8a43dd0893b0','1bc0cbb4-7607-4bc2-8616-5f8cb6c061e9','Wednesday','05:59:00','11:30:00','2024-01-30 14:21:13','2024-01-30 14:21:13'),('f458a929-7b87-413d-8597-83fd3f2551fe','6f324ce8-bba8-4da7-8b01-efa106ec62b7','Saturday','15:49:00','22:31:00','2024-01-30 14:21:14','2024-01-30 14:21:14'),('f570ffe7-32a9-4d67-ae18-e3be44e76ecf','1bc0cbb4-7607-4bc2-8616-5f8cb6c061e9','Friday','03:19:00','13:17:00','2024-01-30 14:21:13','2024-01-30 14:21:13'),('f65465e2-af3e-4392-b241-344d5c55facf','c5eec628-5eed-4eff-ad70-db78f28092ff','Tuesday','07:25:00','08:13:00','2024-01-30 14:21:14','2024-01-30 14:21:14'),('f8d0cdb7-97f9-4d2e-a645-384a07dbbfb6','96d22a59-afe4-418b-9c06-57241a541fc6','Monday','12:15:00','12:25:00','2024-01-30 14:21:14','2024-01-30 14:21:14'),('f9337184-dccf-4768-82e2-621049363d3f','2ca75df0-908b-431c-b612-300deec89edc','Saturday','04:35:00','13:41:00','2024-01-30 14:21:13','2024-01-30 14:21:13'),('f9817f55-367d-4852-91ec-6446bf76fcd3','2df6e06b-ca85-4fee-a1db-e8a21caacdd4','Tuesday','11:23:00','18:27:00','2024-01-30 14:21:12','2024-01-30 14:21:12'),('f9bc3743-8701-43cf-b6bf-6cabe3f55f7a','96d22a59-afe4-418b-9c06-57241a541fc6','Monday','00:27:00','04:19:00','2024-01-30 14:21:13','2024-01-30 14:21:13'),('f9e73c6c-1e04-4ec8-a5f1-d1d43b3540f5','31a7b355-50f7-4771-8c2a-fd906f32688e','Tuesday','13:27:00','19:53:00','2024-01-30 14:21:14','2024-01-30 14:21:14'),('fa295a5d-e815-4b33-a2a3-52182f5bbba2','f785b10b-b699-45ab-8cf7-1ff6f2eb7429','Thursday','06:49:00','12:14:00','2024-01-30 14:21:12','2024-01-30 14:21:12'),('fa2f61b6-5014-4f63-849e-4badaed61d60','14f30992-265f-45d1-afb4-269f56051a36','Tuesday','09:11:00','12:07:00','2024-01-30 14:21:13','2024-01-30 14:21:13'),('fa797b30-bba3-47ca-b69f-7a421481ffdd','5db481b2-73e8-42df-8491-a795f19511de','Tuesday','09:22:00','19:37:00','2024-01-30 14:21:14','2024-01-30 14:21:14'),('fb482019-6907-4a62-b1e3-8b16fac5c8b1','c5eec628-5eed-4eff-ad70-db78f28092ff','Monday','09:33:00','14:24:00','2024-01-30 14:21:13','2024-01-30 14:21:13'),('fb772333-3ac1-4adb-b03f-3c8a9f0fd83f','c8aa7cd9-8f32-4823-944a-bddc9be2c543','Friday','15:05:00','16:39:00','2024-01-30 14:21:13','2024-01-30 14:21:13'),('fbe84b22-e5f1-4546-bb52-0b3d9eef775b','5db481b2-73e8-42df-8491-a795f19511de','Wednesday','12:37:00','14:28:00','2024-01-30 14:21:12','2024-01-30 14:21:12'),('fbfc66df-3a73-4dd9-8bdf-12a529f671ff','74201cf2-1de7-4b08-b7ac-9d5b62481055','Monday','00:33:00','06:56:00','2024-01-30 14:21:13','2024-01-30 14:21:13'),('fc2e1b9e-0b3c-48fa-9aa8-716d5967b07f','6f324ce8-bba8-4da7-8b01-efa106ec62b7','Wednesday','18:12:00','20:32:00','2024-01-30 14:21:12','2024-01-30 14:21:12'),('fc56ea81-ba29-470e-a02d-c5ada266c094','ad0e9eb8-3922-496d-ae53-af49690199b5','Friday','21:55:00','22:08:00','2024-01-30 14:21:13','2024-01-30 14:21:13'),('fc76899f-b85a-42e7-852e-478c658f5783','636dae18-ecbc-477a-a754-2c74a4295847','Thursday','13:13:00','22:41:00','2024-01-30 14:21:13','2024-01-30 14:21:13'),('fe0314a7-eb54-4bdf-a65e-fc07287f3eac','f785b10b-b699-45ab-8cf7-1ff6f2eb7429','Wednesday','03:44:00','04:22:00','2024-01-30 14:21:13','2024-01-30 14:21:13'),('fe47b769-e168-4d21-b222-2f5c0e48eec3','74e4231b-941e-4eea-8a15-c993e77c8341','Monday','23:41:00','23:49:00','2024-01-30 14:21:13','2024-01-30 14:21:13'),('fe9dfb75-14bd-4215-b03d-d44b3f98b072','52c41bb1-085b-4b8a-a361-387c5996a8d7','Tuesday','22:08:00','22:29:00','2024-01-30 14:21:13','2024-01-30 14:21:13'),('fef5eb1e-5d12-4a01-9ee5-bfd2e1eb215f','87614619-405d-44cd-b7a1-5c30464e166b','Monday','20:23:00','23:34:00','2024-01-30 14:21:14','2024-01-30 14:21:14'),('ff460f6b-1406-4668-b16e-1dd306185b43','ad0e9eb8-3922-496d-ae53-af49690199b5','Monday','13:34:00','14:47:00','2024-01-30 14:21:12','2024-01-30 14:21:12'),('ff97e3a9-ba5e-4634-a3f8-bc1338c6ab27','1765dd0e-9767-4da4-9204-093ccb821d7f','Thursday','05:45:00','18:26:00','2024-01-30 14:21:14','2024-01-30 14:21:14'),('ffd4a977-60c7-4bee-8bc1-7c7993c7e7ef','639a5ed9-1e00-493d-94b8-fdb9613da2ae','Tuesday','14:11:00','22:03:00','2024-01-30 14:21:14','2024-01-30 14:21:14');
/*!40000 ALTER TABLE `timetables` ENABLE KEYS */;
UNLOCK TABLES;

--
-- Table structure for table `users`
--

DROP TABLE IF EXISTS `users`;
/*!40101 SET @saved_cs_client     = @@character_set_client */;
/*!50503 SET character_set_client = utf8mb4 */;
CREATE TABLE `users` (
  `id` char(36) COLLATE utf8mb4_unicode_ci NOT NULL,
  `nom` varchar(255) COLLATE utf8mb4_unicode_ci NOT NULL,
  `postnom` varchar(255) COLLATE utf8mb4_unicode_ci DEFAULT NULL,
  `prenom` varchar(255) COLLATE utf8mb4_unicode_ci NOT NULL,
  `email` varchar(255) COLLATE utf8mb4_unicode_ci DEFAULT NULL,
  `blood_group` varchar(255) COLLATE utf8mb4_unicode_ci DEFAULT NULL,
  `gender_id` bigint unsigned NOT NULL,
  `phone` varchar(255) COLLATE utf8mb4_unicode_ci DEFAULT NULL,
  `birth` date NOT NULL,
  `medical_history` text COLLATE utf8mb4_unicode_ci,
  `address` text COLLATE utf8mb4_unicode_ci NOT NULL,
  `password` varchar(255) COLLATE utf8mb4_unicode_ci NOT NULL,
  `userable_id` char(36) COLLATE utf8mb4_unicode_ci NOT NULL,
  `userable_type` varchar(255) COLLATE utf8mb4_unicode_ci NOT NULL,
  `created_at` timestamp NULL DEFAULT NULL,
  `updated_at` timestamp NULL DEFAULT NULL,
  `token` varchar(255) COLLATE utf8mb4_unicode_ci DEFAULT NULL,
  PRIMARY KEY (`id`),
  UNIQUE KEY `users_email_unique` (`email`),
  UNIQUE KEY `users_token_unique` (`token`),
  KEY `users_gender_id_foreign` (`gender_id`),
  CONSTRAINT `users_gender_id_foreign` FOREIGN KEY (`gender_id`) REFERENCES `genders` (`id`) ON UPDATE CASCADE
) ENGINE=InnoDB DEFAULT CHARSET=utf8mb4 COLLATE=utf8mb4_unicode_ci;
/*!40101 SET character_set_client = @saved_cs_client */;

--
-- Dumping data for table `users`
--

LOCK TABLES `users` WRITE;
/*!40000 ALTER TABLE `users` DISABLE KEYS */;
INSERT INTO `users` VALUES ('02cdd441-7f9d-4298-abef-cc1dae68e922','Harvey','Maybell Kuhic','Milan','chesley.halvorson@gmail.com','AB+',1,'+1-240-697-0488','2016-04-03','Ut animi dolore alias. Sequi modi nesciunt culpa molestias unde tenetur sunt reiciendis.','9497 Alexandrine Drive\nWestshire, TX 10566-1863','$2y$10$92IXUNpkjO0rOQ5byMi.Ye4oKoEa3Ro9llC/.og/at2.uheWG/igi','87464a67-1eb9-43cc-b51c-75de921d05b4','App\\Models\\Student','2024-01-30 14:21:07','2024-01-30 14:21:07',NULL),('038324b1-538e-4447-b89c-17fe6facdcba','Carroll','Margaretta Heaney','Jacquelyn','zmcglynn@schmeler.com','B+',2,'+1-510-353-5460','2017-03-24','Corrupti labore explicabo aut. Totam ut sed perspiciatis corrupti. Cumque tempore numquam nulla voluptatum accusamus. Et veritatis autem at odit.','786 Shea Run Suite 001\nLeuschkemouth, NE 65191-5012','$2y$10$92IXUNpkjO0rOQ5byMi.Ye4oKoEa3Ro9llC/.og/at2.uheWG/igi','0fd8efae-74fb-44ec-8d5d-8e431a7e3764','App\\Models\\Teacher','2024-01-30 14:21:05','2024-01-30 14:21:05',NULL),('04e0be3a-b32b-41e0-8d4e-c4ec0c1b302d','Goodwin','Herbert Gorczany','Aric','blanda.dana@hotmail.com','O-',1,'380-245-1515','2015-10-05','Numquam consequatur accusamus esse. Unde dolorem rerum dicta accusamus. Aut eos quia quis dicta cum qui neque at. Repellat tempore consequatur minus deleniti neque.','2238 Amina Rest\nWest Carloville, MS 46007-4720','$2y$10$92IXUNpkjO0rOQ5byMi.Ye4oKoEa3Ro9llC/.og/at2.uheWG/igi','d2dfd393-5bf3-4dd2-909a-c3b12c297f10','App\\Models\\Guardian','2024-01-30 14:21:06','2024-01-30 14:21:06',NULL),('0532e779-565c-4e33-bb45-3689dc215a6e','Bartell','Arvid Feeney','Marlin','winifred16@pouros.com','AB-',1,'(508) 228-1500','2014-08-15','Libero quo sunt reprehenderit eveniet ut suscipit. Quia quos voluptatum ut et doloremque eos aspernatur. Tempora alias perferendis laudantium voluptatem. Et sint accusamus quos in et repellendus.','984 Uriah Vista\nParkermouth, CO 40655','$2y$10$92IXUNpkjO0rOQ5byMi.Ye4oKoEa3Ro9llC/.og/at2.uheWG/igi','6692bd5d-8b88-4e9c-9233-ac699fd8985c','App\\Models\\Administrator','2024-01-30 14:10:42','2024-01-30 14:10:42',NULL),('0632e8de-5ca3-471f-aabd-22f5a7a0252b','Wunsch','Durward Bins','Everette','funk.barrett@yahoo.com','A+',2,'+1.303.231.9078','2014-07-04','Expedita sed sit consequatur sed dolores alias. Aut a voluptatem excepturi occaecati. Aspernatur quis dolorem sint consectetur architecto cumque molestias. Accusantium veritatis est et in ratione.','70662 Bosco Gateway\nEbbahaven, DE 15188-3684','$2y$10$92IXUNpkjO0rOQ5byMi.Ye4oKoEa3Ro9llC/.og/at2.uheWG/igi','855e8807-57be-4094-8184-1ae8112816c4','App\\Models\\Student','2024-01-30 14:21:08','2024-01-30 14:21:08',NULL),('07c629b9-9a31-4c96-a64a-0363e5224989','Hahn','Kenyatta Collins','Rosamond','uconn@hoppe.org','AB-',1,'+1.517.669.5945','2023-12-05','Molestias voluptatibus sequi asperiores ut. Consequatur officia reiciendis et. Optio omnis harum enim aut. Quos ad repudiandae architecto consectetur.','2091 Dennis Course\nWest Abbigail, MS 70461-7216','$2y$10$92IXUNpkjO0rOQ5byMi.Ye4oKoEa3Ro9llC/.og/at2.uheWG/igi','0fe94e6e-76e3-4c03-b73c-9e386a07384e','App\\Models\\Student','2024-01-30 14:21:09','2024-01-30 14:21:09',NULL),('08bde6ca-e72c-426a-ad22-ea79dd1388ac','Harris','Pauline Botsford','Florida','beryl.flatley@krajcik.org','AB+',2,'+1-959-404-7619','2016-06-12','Minima aut in eum sed ut. Quia possimus corrupti sequi corrupti. Perferendis odit voluptatem quia voluptates velit repellat voluptatum voluptatem. Saepe qui corrupti beatae earum.','9560 Mack Ramp Suite 272\nNorth Aaliyahborough, MN 25635','$2y$10$92IXUNpkjO0rOQ5byMi.Ye4oKoEa3Ro9llC/.og/at2.uheWG/igi','97894e61-bc47-4114-bc09-4fa288390541','App\\Models\\Teacher','2024-01-30 14:21:05','2024-01-30 14:21:05',NULL),('08cd4101-2bc4-462a-bf64-ee5ab27f1045','Considine','Doyle Schuppe','Rodrigo','dhodkiewicz@gmail.com','A+',1,'(838) 632-5448','2021-10-26','Accusantium dolores magni itaque. Et officia soluta perferendis aspernatur expedita aperiam quia. Est nihil recusandae est eveniet.','8988 Hermann Rue Suite 182\nZulauftown, GA 39723-6218','$2y$10$92IXUNpkjO0rOQ5byMi.Ye4oKoEa3Ro9llC/.og/at2.uheWG/igi','c0cbb9fe-9b25-4ec7-9e0b-2998a0e2aee6','App\\Models\\Student','2024-01-30 14:21:07','2024-01-30 14:21:07',NULL),('0b3bd479-560c-410f-9218-fca12c6a666d','Welch','Jarrell Cormier','Braeden','rory.kuhlman@gmail.com','O+',2,'+1.785.810.3899','2014-03-16','Blanditiis quia illum quaerat voluptatum. Voluptatem maxime esse sapiente ab quia numquam eos. Facilis autem et voluptatem architecto.','796 Bernier Summit Suite 549\nBlickberg, NE 35010-5031','$2y$10$92IXUNpkjO0rOQ5byMi.Ye4oKoEa3Ro9llC/.og/at2.uheWG/igi','36b79414-73fc-49ba-a8df-01b3dc6a9cb6','App\\Models\\Student','2024-01-30 14:21:08','2024-01-30 14:21:08',NULL),('0fc91be7-a42c-4757-9b1e-6310cd742e82','Stanton','Kailee Skiles','Leif','ignacio63@yahoo.com','B+',1,'+1-986-317-8100','2018-11-15','Inventore quo dolor impedit voluptas inventore nostrum aut. Quia impedit enim magnam sint ex. Consequatur vel rerum reiciendis numquam quas sed dolorem officiis.','310 Bergstrom Bypass\nBruenstad, WV 46993-1553','$2y$10$92IXUNpkjO0rOQ5byMi.Ye4oKoEa3Ro9llC/.og/at2.uheWG/igi','e4fb8caa-c0d4-432b-b73a-3fa24a611696','App\\Models\\Guardian','2024-01-30 14:21:06','2024-01-30 14:21:06',NULL),('10ad3bae-cb89-4595-8383-90cc45f68072','O\'Kon','Jamarcus Koepp PhD','Aylin','mohr.sonya@johnston.org','B-',2,'+1-940-694-4112','2023-07-12','Sit quo neque est aliquid modi. Deleniti quos et sed commodi. Quia ipsum perspiciatis qui quis. Aut amet qui sequi velit.','14419 Angel Estates Suite 549\nKeshawnfort, ID 41576','$2y$10$92IXUNpkjO0rOQ5byMi.Ye4oKoEa3Ro9llC/.og/at2.uheWG/igi','c54eb499-ad62-4442-9115-f6bb59a15e0a','App\\Models\\Teacher','2024-01-30 14:21:05','2024-01-30 14:21:05',NULL),('12311a02-7cf3-4947-a25c-d6a15540d165','Cole','Prof. Rogers Rodriguez','Guillermo','hosea81@yahoo.com','O+',1,'424.646.4683','2021-11-17','Doloribus vel ut animi quia et. Adipisci quasi animi aperiam qui corporis alias nostrum aliquid. Saepe quae enim dignissimos. Voluptates aut qui cum quaerat.','70918 Hayes Fords\nEdwardstad, LA 04360','$2y$10$92IXUNpkjO0rOQ5byMi.Ye4oKoEa3Ro9llC/.og/at2.uheWG/igi','7c2dd58f-d0a8-4195-849b-11df1f059797','App\\Models\\Student','2024-01-30 14:21:08','2024-01-30 14:21:08',NULL),('138f5c64-4cfa-472a-92f8-9e1f9c1949b0','Turner','Adrien Davis','Laura','rylee37@romaguera.net','AB-',1,'+1 (817) 550-4251','2022-04-07','Similique ab voluptatem nobis officia eum esse deserunt. Ut voluptates ut similique.','22103 Shanel Loop Suite 745\nMosciskiview, CA 34843','$2y$10$92IXUNpkjO0rOQ5byMi.Ye4oKoEa3Ro9llC/.og/at2.uheWG/igi','7284e6ac-688b-4b35-86c9-e034c22f6988','App\\Models\\Guardian','2024-01-30 14:21:06','2024-01-30 14:21:06',NULL),('1480105b-9f27-428b-954a-acea11f80cdf','Koelpin','Niko Lebsack','Renee','percival.thompson@schinner.info','B+',2,'+13616799880','2015-11-10','Et et laborum ratione exercitationem. Rerum distinctio molestias rerum ut eum similique possimus. Ut a maiores soluta a quis rerum eius accusantium.','820 Darion Dale Suite 625\nIdellport, WA 49172-8951','$2y$10$92IXUNpkjO0rOQ5byMi.Ye4oKoEa3Ro9llC/.og/at2.uheWG/igi','dd248070-045b-43c6-86f9-983e3436b32c','App\\Models\\Student','2024-01-30 14:21:08','2024-01-30 14:21:08',NULL),('14d8c6a1-c98d-4e6e-a6d6-51a146e32f5d','Hyatt','Dejuan Pfeffer','Blanca','hanna.rempel@satterfield.org','O-',1,'+1-925-646-2359','2018-01-14','Voluptas et error omnis dolorem consequatur cupiditate cum. Eos soluta aut vel commodi qui at veniam. Dolor sit ad sit aut ut saepe quia. Fugit doloremque exercitationem et quos.','859 Schoen Path\nPort Kaycee, WA 94557-8943','$2y$10$92IXUNpkjO0rOQ5byMi.Ye4oKoEa3Ro9llC/.og/at2.uheWG/igi','ee6df62c-2a43-4638-aba3-37207cb8fcd6','App\\Models\\Guardian','2024-01-30 14:21:06','2024-01-30 14:21:06',NULL),('15e40a86-94af-4cfb-aefc-80b186f81179','Monahan','Mrs. Mertie Corkery','Lilly','jayme48@yahoo.com','B-',2,'520-215-0363','2017-11-18','Quia velit aliquid vero hic animi similique. Totam eius cumque ea voluptatibus odit numquam et quia. Quam sed blanditiis corporis voluptatem sint voluptate sed sed.','90328 Cristal Mall\nSouth Clay, DE 58856','$2y$10$92IXUNpkjO0rOQ5byMi.Ye4oKoEa3Ro9llC/.og/at2.uheWG/igi','dfafe12f-6777-419a-b154-89685d72f2f3','App\\Models\\Student','2024-01-30 14:21:08','2024-01-30 14:21:08',NULL),('1753f37e-6c43-4ec0-8044-031b14fcada0','Lemke','Hank Fadel','Anibal','stamm.elton@yahoo.com','B+',2,'+1 (678) 207-4995','2014-02-17','Recusandae nesciunt quam alias quo est incidunt. Sit nihil beatae voluptatem cumque eos atque. Ut consequuntur id consectetur voluptates doloremque temporibus.','20333 Greenfelder Crossing\nWest Keithville, HI 74661-8979','$2y$10$92IXUNpkjO0rOQ5byMi.Ye4oKoEa3Ro9llC/.og/at2.uheWG/igi','e842fdaf-2201-4b09-baaa-4fc6585baad4','App\\Models\\Student','2024-01-30 14:21:08','2024-01-30 14:21:08',NULL),('185adab8-9422-4f4c-b24d-73fe826f0a16','Erdman','Prince Huel','Petra','cstreich@gmail.com','AB-',1,'301-535-7246','2018-09-15','Quidem adipisci qui sed sed et enim ut. Voluptas labore molestiae optio fugiat et. Ut ipsa iusto amet et aut. Itaque magnam quisquam aut quia aliquid.','6889 Shane Highway Apt. 578\nHarrisbury, NM 72694-9058','$2y$10$92IXUNpkjO0rOQ5byMi.Ye4oKoEa3Ro9llC/.og/at2.uheWG/igi','6c5e3e73-8123-422f-8305-388e49055330','App\\Models\\Student','2024-01-30 14:21:07','2024-01-30 14:21:07',NULL),('18bc7beb-a028-4f03-8ec8-492cbe523385','Hickle','Sophie Bruen','Nathan','monahan.misael@yahoo.com','AB-',2,'+1-434-992-6361','2014-10-29','Quaerat est ducimus odio sint eos eum. Dolores sunt assumenda aut aliquid. Explicabo maxime dolores est tempore porro beatae saepe et.','76984 Stroman Squares\nRoxanetown, AL 56244','$2y$10$92IXUNpkjO0rOQ5byMi.Ye4oKoEa3Ro9llC/.og/at2.uheWG/igi','83020315-7814-4e9b-bc4f-ec4374ebecd1','App\\Models\\Student','2024-01-30 14:21:08','2024-01-30 14:21:08',NULL),('19521a3a-f9cf-4dc1-9ddf-dba6963876cc','Will','Josephine Trantow','Beth','leila.stoltenberg@gmail.com','B-',1,'1-360-304-3184','2018-09-15','Omnis id sed aliquam qui officiis sapiente eum. Unde rerum repudiandae sunt qui voluptatibus sit.','4168 Zieme Estate\nNew Pollymouth, AZ 57399','$2y$10$92IXUNpkjO0rOQ5byMi.Ye4oKoEa3Ro9llC/.og/at2.uheWG/igi','172ba848-a2fa-461b-94bb-bad43aea376d','App\\Models\\Teacher','2024-01-30 14:21:05','2024-01-30 14:21:05',NULL),('19fa64b2-c970-4bd1-8dec-8bc69a03f9e0','Ortiz','Yasmeen Renner','Meta','fhowe@fahey.com','B-',2,'949.903.4015','2017-12-03','Esse aut sunt incidunt reprehenderit numquam similique ut. Exercitationem eos et at quae odit repudiandae soluta. Et eum occaecati consequuntur. Et aut vitae nostrum omnis sed enim.','21746 Mills Throughway Suite 178\nSchmelermouth, NM 60820','$2y$10$92IXUNpkjO0rOQ5byMi.Ye4oKoEa3Ro9llC/.og/at2.uheWG/igi','c648ddb0-094b-4b3f-bb38-0ed96639a5e1','App\\Models\\Guardian','2024-01-30 14:21:06','2024-01-30 14:21:06',NULL),('1c41db21-17d6-473f-8ce8-b7f16db5ac4c','Rau','Julien Reynolds','Florine','predovic.maryjane@bode.biz','B+',2,'281-635-6232','2015-02-15','Iste aliquam sequi adipisci est. Iusto debitis aut voluptates quae animi ut sunt. Aut molestiae et iure unde esse voluptas quis id.','298 Swift Estate Apt. 407\nNew Kaylee, OK 99970-9644','$2y$10$92IXUNpkjO0rOQ5byMi.Ye4oKoEa3Ro9llC/.og/at2.uheWG/igi','42676c79-3487-42b0-b827-d46a430e15b8','App\\Models\\Student','2024-01-30 14:21:08','2024-01-30 14:21:08',NULL),('1c7cbb47-e9d0-4f65-928c-011405478122','Welch','Raquel Hodkiewicz','Brycen','chase39@wisoky.com','O+',2,'1-925-692-4567','2023-06-06','Suscipit quia et qui tempora blanditiis tempora quo. Hic quia et placeat dolorem consequatur fuga hic. Beatae optio nulla dolore sed nisi quis dolorem. Quo veniam sint nam aut.','502 Gusikowski Row Suite 925\nRupertfort, ME 08290','$2y$10$92IXUNpkjO0rOQ5byMi.Ye4oKoEa3Ro9llC/.og/at2.uheWG/igi','528f08c2-2f36-4875-90a2-ef724d295004','App\\Models\\Guardian','2024-01-30 14:21:06','2024-01-30 14:21:06',NULL),('1ce8228a-0855-461b-834f-587b290975d5','Gaylord','Mrs. Yazmin Greenholt','Noemi','carter.reta@gmail.com','O+',2,'283-423-0572','2018-09-04','Aperiam ea labore debitis dolores. Et aliquid non deleniti consequatur et cumque. Vero molestias dicta assumenda repellendus sapiente amet.','9882 Gutmann Knolls Suite 530\nMarcusport, WA 82337','$2y$10$92IXUNpkjO0rOQ5byMi.Ye4oKoEa3Ro9llC/.og/at2.uheWG/igi','cff82189-a235-459a-a512-2bf92b9c3817','App\\Models\\Administrator','2024-01-30 14:10:42','2024-01-30 14:10:42',NULL),('1e7d2bf1-7fcb-451a-906e-f1ba930d4ca5','Rippin','Prof. Rosalia Weber PhD','Oda','orland.leuschke@okuneva.com','B+',1,'+1-248-805-6648','2016-04-19','Debitis dolores eos itaque et ullam. Provident nesciunt et debitis qui impedit temporibus. Omnis quidem dolore qui sint consequatur eum quod.','5300 Bruen Island\nMacyview, MI 65067','$2y$10$92IXUNpkjO0rOQ5byMi.Ye4oKoEa3Ro9llC/.og/at2.uheWG/igi','77960f38-882b-4979-aedd-475a1f4d3f18','App\\Models\\Student','2024-01-30 14:21:07','2024-01-30 14:21:07',NULL),('1f1cc026-f861-468e-a6ee-d32470b02077','Cormier','Carleton Waters','Percy','mdamore@yahoo.com','B+',2,'+1-878-348-1622','2022-09-08','Architecto aperiam distinctio maiores ea. Voluptatibus facilis hic autem non. Qui rerum sed tenetur sint id inventore enim. Natus at vero voluptas quam ut sed.','28767 Nick Tunnel\nLake Violet, NC 45690-3666','$2y$10$92IXUNpkjO0rOQ5byMi.Ye4oKoEa3Ro9llC/.og/at2.uheWG/igi','b5f3849a-752e-493f-b3cf-f975074c9868','App\\Models\\Guardian','2024-01-30 14:21:06','2024-01-30 14:21:06',NULL),('21659f86-59cd-48b8-8f54-369ce251b1a1','Veum','Prof. Bernie Cummings II','Caleb','herman.grayce@gmail.com','AB+',1,'1-380-332-6354','2017-05-07','Eligendi qui culpa suscipit reprehenderit aut ipsum. Odit dolor corporis odio ipsa veniam. A aut ut ut ut consequatur.','55975 Hirthe Coves Apt. 002\nHarbermouth, NE 85601-9576','$2y$10$92IXUNpkjO0rOQ5byMi.Ye4oKoEa3Ro9llC/.og/at2.uheWG/igi','77582d3e-a5af-4458-8e2a-1082a18058e0','App\\Models\\Guardian','2024-01-30 14:21:06','2024-01-30 14:21:06',NULL),('218d5684-a908-4385-9bc6-39bc007c3d14','Nicolas','Ms. Camilla Yost V','Tyrique','alayna.west@yahoo.com','AB-',1,'+1-380-767-6931','2015-10-10','Molestiae fugiat at dolorem ratione. Occaecati aliquid laboriosam natus sit laborum. Autem et animi blanditiis exercitationem. Esse itaque laborum quae aut rerum dicta at.','8567 Nicolas Flat\nNew Kiera, ME 23693-5003','$2y$10$92IXUNpkjO0rOQ5byMi.Ye4oKoEa3Ro9llC/.og/at2.uheWG/igi','3c6db5b5-a8f6-4887-95cc-0c02423d7fd1','App\\Models\\Guardian','2024-01-30 14:21:06','2024-01-30 14:21:06',NULL),('23a13825-b369-48ef-a101-854ba74f9456','Mosciski','Ethan VonRueden Sr.','Adam','cummerata.timothy@kemmer.com','A+',1,'(479) 303-4474','2019-08-18','Molestiae dolores enim et expedita est accusantium. Odit explicabo laboriosam est qui. Voluptates porro voluptatem rem maxime ducimus.','28743 Kaci Club\nPort Shermanmouth, KS 47468-8523','$2y$10$92IXUNpkjO0rOQ5byMi.Ye4oKoEa3Ro9llC/.og/at2.uheWG/igi','c111ba8f-2310-46a8-b4ce-f81a2d6b2685','App\\Models\\Guardian','2024-01-30 14:21:06','2024-01-30 14:21:06',NULL),('24969045-37a9-44cc-8611-a612c6d95825','Bergstrom','Miss Whitney Hansen I','Marcelino','meghan.considine@stracke.com','O-',2,'+1-531-488-9039','2021-07-04','Sunt nulla rerum velit reiciendis consequatur. Adipisci provident qui dolores vitae voluptas excepturi quaerat. Et at aut quis neque. Recusandae non sapiente repellat quibusdam.','56193 Rosa Islands\nMillermouth, MS 31256-8214','$2y$10$92IXUNpkjO0rOQ5byMi.Ye4oKoEa3Ro9llC/.og/at2.uheWG/igi','ae5920ec-2f79-4802-ac9c-7781fd8c68aa','App\\Models\\Student','2024-01-30 14:21:07','2024-01-30 14:21:07',NULL),('2eaa604c-32d5-427d-aa21-ed517b884681','Mante','Adonis Flatley','Gregorio','boehm.keagan@hotmail.com','A-',1,'534-902-5847','2021-05-15','Aut dolore quia consequatur itaque soluta enim. Eveniet illo velit ut ea. Saepe molestias sapiente omnis omnis deleniti. Necessitatibus nemo sit sint voluptas.','86821 Jadyn Estates\nNew Janice, CO 61746-1196','$2y$10$92IXUNpkjO0rOQ5byMi.Ye4oKoEa3Ro9llC/.og/at2.uheWG/igi','3b9a1a18-2663-4678-8557-21e59b20c4be','App\\Models\\Student','2024-01-30 14:21:08','2024-01-30 14:21:08',NULL),('2ff52159-1b79-4147-9056-ed2d62170cbd','Cole','Amiya Ratke','Sim','fay.mandy@cronin.com','A+',1,'+1-408-581-2752','2016-05-20','Nesciunt iure recusandae dicta quaerat consectetur. Et temporibus molestiae fugit fugit. Dicta commodi numquam nobis quas.','247 Bailey Pass Apt. 649\nRosendoton, DC 94354-5225','$2y$10$92IXUNpkjO0rOQ5byMi.Ye4oKoEa3Ro9llC/.og/at2.uheWG/igi','d4197b66-a316-47a7-8329-b21feae3050e','App\\Models\\Student','2024-01-30 14:21:08','2024-01-30 14:21:08',NULL),('301f460d-fe92-4d1d-9b13-2439a5996acd','Dietrich','Luigi Stokes III','Modesta','monahan.teagan@hills.com','A+',1,'+19082291894','2014-02-23','Perspiciatis cum odio doloremque adipisci qui. Iste sint iure modi quo autem qui sit quia. Possimus saepe sint culpa fugit. Nostrum enim sint quidem libero quod et. Iste earum dolorem quibusdam.','4656 Kilback Crossroad\nPort Jadefort, SC 18982','$2y$10$92IXUNpkjO0rOQ5byMi.Ye4oKoEa3Ro9llC/.og/at2.uheWG/igi','40760330-bec4-43f5-92a9-4a832393f831','App\\Models\\Student','2024-01-30 14:21:07','2024-01-30 14:21:07',NULL),('319cd08a-87ab-409a-8319-a1126fb94b30','Stamm','Ashton Breitenberg Jr.','Garrett','jerod.bernhard@gmail.com','A+',1,'(469) 276-4774','2022-08-01','Ad atque et delectus enim. Qui qui enim asperiores rem sit sed. Possimus culpa nobis tenetur voluptas. Ea saepe et accusamus corrupti. Harum ullam eum libero atque sequi dolores rerum odio.','5012 Metz Flat\nPagacshire, RI 77980-0040','$2y$10$92IXUNpkjO0rOQ5byMi.Ye4oKoEa3Ro9llC/.og/at2.uheWG/igi','390c0dcd-e036-4d57-8ea8-ad40968d0598','App\\Models\\Student','2024-01-30 14:21:08','2024-01-30 14:21:08',NULL),('32a7f786-bfbe-4268-b4e7-ae4026cbcd4c','Williamson','Mckayla Spencer','Amanda','brionna70@gmail.com','B+',2,'505-953-5599','2015-02-17','Modi mollitia reiciendis architecto aut. Temporibus odit facilis eius voluptas est iusto. Nihil voluptate est rerum consequatur ipsam praesentium atque. Delectus quos consequatur eum atque.','156 Darrel Hills\nLake Janis, NH 70396','$2y$10$92IXUNpkjO0rOQ5byMi.Ye4oKoEa3Ro9llC/.og/at2.uheWG/igi','35bdce56-0d81-481f-849c-349964ca20f4','App\\Models\\Student','2024-01-30 14:21:07','2024-01-30 14:21:07',NULL),('34e93771-23ad-4008-a511-8eb849b4bb22','McLaughlin','Kylie Streich PhD','Elvera','kconsidine@bartell.com','AB+',2,'1-520-560-9704','2014-10-12','Est aut debitis aut veniam eos alias eveniet et. Qui placeat labore et quo pariatur ut ipsum. Adipisci enim sit totam ut commodi. Ut amet aspernatur eum nulla id non cum.','8488 Theresia Keys\nWest Kellie, DE 55131-4748','$2y$10$92IXUNpkjO0rOQ5byMi.Ye4oKoEa3Ro9llC/.og/at2.uheWG/igi','61e9cd0f-4db8-4d89-a4da-24269a13264b','App\\Models\\Student','2024-01-30 14:21:07','2024-01-30 14:21:07',NULL),('34f634a8-11c9-444d-bded-d1f2a2a31029','Lakin','Kaela Romaguera Jr.','Adam','reilly.antonina@hotmail.com','O-',1,'845-472-0796','2015-07-17','Atque sapiente esse quasi numquam non distinctio. Fuga earum ipsum nam id. Ipsum deserunt et ut quos omnis et.','38238 Garland Cliff Suite 095\nLake Cathrinechester, AL 93966','$2y$10$92IXUNpkjO0rOQ5byMi.Ye4oKoEa3Ro9llC/.og/at2.uheWG/igi','1f49c5e6-daf9-4d09-a80c-0d48eb75d327','App\\Models\\Teacher','2024-01-30 14:21:04','2024-01-30 14:21:04',NULL),('3871523c-8ae9-4a16-8e80-4ddb7a47f180','Legros','Prof. Makenzie Dibbert','Reymundo','ifritsch@gmail.com','B-',2,'734.945.8479','2020-04-03','Tempore mollitia voluptatem fugit et. Temporibus temporibus fugiat rem omnis vel rerum vero deserunt. Rerum et laudantium qui inventore sapiente.','3464 Wilfredo River\nTrentonmouth, IN 12279','$2y$10$92IXUNpkjO0rOQ5byMi.Ye4oKoEa3Ro9llC/.og/at2.uheWG/igi','0db3eae5-4005-45c3-8521-0bef6836125a','App\\Models\\Student','2024-01-30 14:21:08','2024-01-30 14:21:08',NULL),('39c730b3-7c49-460b-a2e9-c1eb12ec0982','Cruickshank','Afton Labadie','Arvilla','camille24@schaefer.net','B+',1,'+12562750689','2021-07-22','Est libero sequi deleniti. Non porro ut tempora quisquam vel. Dolorem ducimus ducimus itaque nihil et.','43340 Hulda Points Suite 238\nAlejandraburgh, PA 80839','$2y$10$92IXUNpkjO0rOQ5byMi.Ye4oKoEa3Ro9llC/.og/at2.uheWG/igi','59e3d9e2-ce15-4d71-8f3f-07330fb349aa','App\\Models\\Student','2024-01-30 14:21:07','2024-01-30 14:21:07',NULL),('39d89980-bf7a-4148-a540-0fbde1023de9','Schamberger','Agustin Reinger','Colleen','ybednar@okeefe.org','AB+',1,'973.464.7995','2021-03-20','Possimus ducimus fugiat maxime pariatur atque culpa enim. Consequuntur saepe reiciendis consequuntur a saepe molestiae. Nam sit optio quisquam quae veritatis.','7040 Ramon Square Suite 367\nRiceberg, IA 51394-0877','$2y$10$92IXUNpkjO0rOQ5byMi.Ye4oKoEa3Ro9llC/.og/at2.uheWG/igi','cdf37ec8-44d9-405f-bba1-96c2c19acc86','App\\Models\\Student','2024-01-30 14:21:09','2024-01-30 14:21:09',NULL),('39f25241-7b6f-4bc7-b15d-b94c70db1388','Shanahan','Erling Murphy','Joanne','hkovacek@parisian.com','B+',2,'281.670.9837','2019-08-05','Cupiditate aut autem dolor sed. Praesentium et dolores quisquam necessitatibus. Iusto illum officia quia et. Est consequatur maiores et. At quo sunt consectetur sit. Et nam velit non quia non est.','52450 Carroll Cliffs\nPort Sven, NV 30594-9416','$2y$10$92IXUNpkjO0rOQ5byMi.Ye4oKoEa3Ro9llC/.og/at2.uheWG/igi','9648eff5-f1e2-4dfc-83b4-dca58c26110b','App\\Models\\Guardian','2024-01-30 14:21:06','2024-01-30 14:21:06',NULL),('3aa79eaa-a100-4e23-954f-4aae33e79695','McClure','Ryan Fisher IV','Hilbert','clement.rutherford@gmail.com','AB-',1,'1-908-888-4042','2014-05-18','Voluptatum est non magni soluta. Odit corrupti exercitationem sint. Et ex numquam non asperiores.','73640 Kelsie Isle Suite 433\nHammesview, GA 89850','$2y$10$92IXUNpkjO0rOQ5byMi.Ye4oKoEa3Ro9llC/.og/at2.uheWG/igi','a846e6fe-252d-4664-ad64-ff6b2b7a50db','App\\Models\\Student','2024-01-30 14:21:07','2024-01-30 14:21:07',NULL),('3be73229-2f37-4dd9-ba6d-96802aaf4f39','Deckow','Elyssa Willms DDS','Loyce','dibbert.kyleigh@johnston.com','O+',2,'+16266386396','2021-07-24','Ipsum earum distinctio deleniti amet sunt molestiae. Fugit explicabo sapiente nemo sint deleniti odit itaque dolore. Commodi hic illum ut. Sunt esse placeat qui dolor vel.','8903 Travon Hills Suite 588\nSchmittfort, MO 51990-7279','$2y$10$92IXUNpkjO0rOQ5byMi.Ye4oKoEa3Ro9llC/.og/at2.uheWG/igi','e3117125-b7ef-43c3-80df-66a0cc57fe92','App\\Models\\Student','2024-01-30 14:21:07','2024-01-30 14:21:07',NULL),('3da6561c-e0db-4859-acbf-0e3a1df30153','Gutkowski','Edwin Bailey','Linnie','kathryn.brown@hotmail.com','A+',2,'(848) 829-6052','2015-07-01','Molestiae aut sed cumque id. Sequi vitae earum adipisci impedit a et. Consectetur consequatur voluptatibus error dignissimos officiis ipsa.','2041 Lizzie Place\nBlickside, AL 25381','$2y$10$92IXUNpkjO0rOQ5byMi.Ye4oKoEa3Ro9llC/.og/at2.uheWG/igi','58b1aa03-535a-4688-89e5-8d2ff90af3e4','App\\Models\\Student','2024-01-30 14:21:07','2024-01-30 14:21:07',NULL),('3efba979-1f44-414f-82cc-873e2bc0ef3b','Gleason','Arnulfo Medhurst V','Annabelle','brendon.reilly@fahey.com','A-',1,'256.809.8424','2022-10-20','Ab facilis at accusantium eveniet. Suscipit enim blanditiis qui. Voluptatem cum iste odio eos quos dignissimos omnis.','375 Danial Glen\nPacochaburgh, MT 97674','$2y$10$92IXUNpkjO0rOQ5byMi.Ye4oKoEa3Ro9llC/.og/at2.uheWG/igi','f6be5930-24d9-4dd5-891e-4e81ad273254','App\\Models\\Student','2024-01-30 14:21:08','2024-01-30 14:21:08',NULL),('40e00ddc-5e47-4bc7-9506-878b7e71c3c0','Reinger','Vilma Watsica','Christina','kub.jadyn@gmail.com','A-',1,'440.317.6899','2017-04-19','Et odit inventore voluptas. Cum ut vel et et. Accusantium sed harum quis molestiae. Enim dolor occaecati fugit ad aut.','71346 Maggio Walk\nWest Elenaville, VT 89448-7063','$2y$10$92IXUNpkjO0rOQ5byMi.Ye4oKoEa3Ro9llC/.og/at2.uheWG/igi','abf438e9-3eda-42d1-bd8c-cbb70f7f97e0','App\\Models\\Guardian','2024-01-30 14:21:06','2024-01-30 14:21:06',NULL),('43f436cc-57a5-4c4b-95ff-012a46ed5c36','Nicolas','Carol Dickinson','Maria','micheal.beatty@smith.com','B+',2,'+1-341-973-1395','2018-07-20','Inventore beatae est vel quo. Nihil atque omnis sapiente explicabo iusto dolorem. Et rerum dicta enim dolorem.','56172 Muller Mountain Suite 478\nVicenteberg, ND 97349-5799','$2y$10$92IXUNpkjO0rOQ5byMi.Ye4oKoEa3Ro9llC/.og/at2.uheWG/igi','665d0984-fa87-4f3a-8e48-6bcdf802e1ba','App\\Models\\Student','2024-01-30 14:21:09','2024-01-30 14:21:09',NULL),('442f484a-9099-4854-b819-31424a24b7ef','Lynch','Mr. Garth Dietrich DVM','Violette','uconnelly@schuster.com','B+',2,'972.356.8533','2020-02-22','Sapiente nemo sint asperiores ut quis provident dolor. Facere eum eaque minima incidunt et et asperiores qui. Nihil architecto eum sit dolorem animi autem. Omnis tempore nam iste est est quidem.','77975 Carter Land Apt. 255\nGislasonburgh, MT 42264-5476','$2y$10$92IXUNpkjO0rOQ5byMi.Ye4oKoEa3Ro9llC/.og/at2.uheWG/igi','5580d207-43f1-4174-8e15-b97a3fa2b1bf','App\\Models\\Guardian','2024-01-30 14:21:06','2024-01-30 14:21:06',NULL),('45326a57-ec13-4bec-8b11-8c3521d94f65','Dicki','Brendon Klocko','Nikko','carter.anya@feest.com','O+',1,'947.616.8738','2023-11-26','Consectetur et officia ipsum facere consequatur corrupti rerum mollitia. Aliquid est id quis. Quo quaerat perspiciatis in ut eaque.','1912 Turner Brook\nMandyberg, KS 03843-0719','$2y$10$92IXUNpkjO0rOQ5byMi.Ye4oKoEa3Ro9llC/.og/at2.uheWG/igi','53951628-5665-40de-ba2b-cb7418be83a1','App\\Models\\Guardian','2024-01-30 14:21:05','2024-01-30 14:21:05',NULL),('45f4cf1c-8a89-442d-83a5-bc8d93557ce6','Emard','Frederique Hoeger','Lurline','blanda.dortha@roberts.com','AB+',1,'+1-562-913-4725','2022-03-03','Est et expedita est consequatur itaque. Eum dolor minima animi voluptas odio molestias dignissimos.','5153 Schowalter Greens Apt. 026\nConnport, NY 42477-1483','$2y$10$92IXUNpkjO0rOQ5byMi.Ye4oKoEa3Ro9llC/.og/at2.uheWG/igi','a44b5b91-b47e-4d01-b727-9edd19b26303','App\\Models\\Student','2024-01-30 14:21:08','2024-01-30 14:21:08',NULL),('48a435f4-e18e-45ef-9e0b-52ef8fe09be3','Ebert','Gus Conn','Ciara','maymie.swaniawski@yahoo.com','O-',2,'(276) 204-2980','2017-10-28','Unde eligendi omnis sit provident quis. Deleniti laboriosam in nam eligendi dolores quasi tempora. Incidunt laborum maiores animi. Similique quos deleniti enim qui veritatis molestiae.','8707 Mikel Rest Suite 560\nNew Guadalupefurt, KS 60202-1936','$2y$10$92IXUNpkjO0rOQ5byMi.Ye4oKoEa3Ro9llC/.og/at2.uheWG/igi','9d17e64d-a7b0-4263-bde2-224493d77d89','App\\Models\\Guardian','2024-01-30 14:21:06','2024-01-30 14:21:06',NULL),('495a5c60-e349-42ca-9428-b7cc0fb9208f','Schuster','Dr. Jeramie Torp DDS','Ewald','padberg.antonina@pfannerstill.net','O-',1,'(940) 774-0347','2021-12-11','Minima illo sed aut et neque aliquid. Quos nihil dignissimos ea est nobis. Sed et sint cum officia.','335 Okuneva Common Apt. 244\nEast Nick, RI 63053-4827','$2y$10$92IXUNpkjO0rOQ5byMi.Ye4oKoEa3Ro9llC/.og/at2.uheWG/igi','daf0f1ff-5f39-4105-8e16-56214a55d05c','App\\Models\\Student','2024-01-30 14:21:08','2024-01-30 14:21:08',NULL),('4ad63ba5-7b11-4b9f-8425-0894b0cc6bf2','Littel','Gertrude Miller','Alexie','dina.von@hermiston.com','AB-',1,'+1 (276) 422-3134','2021-06-24','Praesentium et aperiam eaque. Et harum sint cupiditate illum dicta. Quia sunt occaecati quisquam laborum vitae. Commodi rem voluptatibus quia laborum commodi.','3401 Delia Corners Apt. 436\nThompsontown, AK 81561-0644','$2y$10$92IXUNpkjO0rOQ5byMi.Ye4oKoEa3Ro9llC/.og/at2.uheWG/igi','26642613-9c59-4637-b7fe-0508d2528756','App\\Models\\Teacher','2024-01-30 14:21:05','2024-01-30 14:21:05',NULL),('4cf30abe-2882-4c16-b067-66e09fd7a604','Wilkinson','Rowan Pfannerstill','Aliya','agustin.christiansen@hotmail.com','A+',1,'+1-234-466-0433','2024-01-22','Dignissimos qui est rerum deserunt et voluptas. Odio esse eum aliquam excepturi earum nisi. Sed repellendus et nihil quam quia. Fugiat repellat explicabo non sed praesentium aliquid illo.','374 Elias Knolls Apt. 733\nMcCulloughstad, NC 70844-5216','$2y$10$92IXUNpkjO0rOQ5byMi.Ye4oKoEa3Ro9llC/.og/at2.uheWG/igi','f5ef5a89-1359-4dfd-a499-ff9a2cfaf446','App\\Models\\Guardian','2024-01-30 14:21:06','2024-01-30 14:21:06',NULL),('51c92d88-6547-4d6f-9305-0cb5d3ca0830','Ryan','Demarcus Von II','Kira','monica81@lind.com','B-',1,'+1-817-685-0360','2017-10-21','Est est non accusantium qui animi iure quo. Enim inventore sit eligendi ut. Distinctio tenetur aut id a dignissimos aspernatur reiciendis.','291 Odessa Passage\nPort Daniella, CT 01892','$2y$10$92IXUNpkjO0rOQ5byMi.Ye4oKoEa3Ro9llC/.og/at2.uheWG/igi','944ef95f-1360-4b89-bfb7-236d2b575ad7','App\\Models\\Student','2024-01-30 14:21:07','2024-01-30 14:21:07',NULL),('53bf2613-7178-47c0-ac8c-58acd0e5b4b4','Bergstrom','Dr. Reinhold Stamm DVM','Eli','luis76@lowe.com','AB-',2,'+13318108148','2016-03-08','Accusantium qui dignissimos soluta non dolorem accusamus error laboriosam. Soluta molestiae numquam placeat consectetur. Inventore ipsa porro sint voluptatem recusandae quis aliquid et.','28294 O\'Conner Freeway Suite 591\nTurnermouth, LA 34242-2968','$2y$10$92IXUNpkjO0rOQ5byMi.Ye4oKoEa3Ro9llC/.og/at2.uheWG/igi','e759417f-2065-4dd5-873e-5e0c2e696846','App\\Models\\Student','2024-01-30 14:21:07','2024-01-30 14:21:07',NULL),('53fb0d68-d4bb-49ea-b10a-94f5f88edf70','Strosin','Mr. Cooper Herman','Maye','imraz@schowalter.biz','B-',1,'(463) 786-9977','2017-09-14','Mollitia ea dolore nesciunt error. A fuga voluptas dolorum doloremque dolor praesentium optio. Ducimus dignissimos qui iusto et vel qui saepe. Perferendis et qui praesentium odit corrupti maxime qui.','847 Earline Mission Suite 804\nEast Helenville, KS 83110-5140','$2y$10$92IXUNpkjO0rOQ5byMi.Ye4oKoEa3Ro9llC/.og/at2.uheWG/igi','5c736db6-4e73-4391-a0f6-4cd624396b4c','App\\Models\\Guardian','2024-01-30 14:21:06','2024-01-30 14:21:06',NULL),('55d968f4-935d-48c1-9f40-8e07d092dba7','Ferry','Miss Bridie Fritsch V','Raheem','godfrey.rippin@gmail.com','A-',1,'678-572-1790','2016-08-25','Doloribus labore earum qui qui inventore nam id. Odit ducimus aut deleniti sit eveniet. In doloremque corporis est ex. Nemo eum tempora tempore soluta unde tempora voluptates.','2627 Max Ramp Apt. 398\nZoeyberg, OH 24852-4350','$2y$10$92IXUNpkjO0rOQ5byMi.Ye4oKoEa3Ro9llC/.og/at2.uheWG/igi','53228600-cd0e-48f1-9367-aa72196a2248','App\\Models\\Student','2024-01-30 14:21:09','2024-01-30 14:21:09',NULL),('569ea314-5793-42cf-98c5-99181fb82b5b','Block','Ms. Jane Romaguera MD','Raegan','waldo71@gmail.com','O-',2,'+1-681-228-3048','2015-01-06','Omnis expedita est ea sit. Sequi aspernatur ad officia eos. Assumenda et rerum cum asperiores ea omnis est.','78188 Powlowski Mall Suite 546\nKundeview, KY 96505','$2y$10$92IXUNpkjO0rOQ5byMi.Ye4oKoEa3Ro9llC/.og/at2.uheWG/igi','a6b9e490-d17e-45dc-abb5-17be0ee02a09','App\\Models\\Student','2024-01-30 14:21:08','2024-01-30 14:21:08',NULL),('570a8d39-b12b-4cd0-b4f1-71d15229b248','Waters','Abigail Kihn','Rose','qschiller@gmail.com','A-',1,'(239) 410-5126','2019-12-11','Aut voluptas corporis dolor et cum. Eveniet voluptatem quo facilis neque delectus aut et. Quo qui et omnis temporibus quis. Officia est qui architecto voluptatem.','6424 Chanel Lodge\nYosttown, NY 82005','$2y$10$92IXUNpkjO0rOQ5byMi.Ye4oKoEa3Ro9llC/.og/at2.uheWG/igi','1d76c2a1-b9e6-4e3a-b819-bdf946c4cdb2','App\\Models\\Student','2024-01-30 14:21:07','2024-01-30 14:21:07',NULL),('57902c73-71d0-4a26-a94b-54fca0c7fd43','Cummings','Angelica Mayert','Isaac','kylee.pagac@wolf.biz','AB+',1,'325.745.8372','2014-03-25','Quos ea qui voluptas et nostrum porro alias. Temporibus nobis qui dolor aut tempore dolore. Officiis similique quaerat laboriosam. Temporibus recusandae ea ad.','8409 Chelsea Manor Apt. 945\nBotsfordfurt, VT 22230','$2y$10$92IXUNpkjO0rOQ5byMi.Ye4oKoEa3Ro9llC/.og/at2.uheWG/igi','2a0f3edd-0bec-4dba-92d1-d5175bb9d211','App\\Models\\Student','2024-01-30 14:21:08','2024-01-30 14:21:08',NULL),('57fb3b3a-992b-459b-bccf-e8135cca47a4','Ledner','Rae Purdy','Alverta','oheaney@yahoo.com','O+',2,'+1-210-885-0048','2023-10-28','Commodi minus maxime tempore repudiandae sint laboriosam. Consequuntur dolores impedit ducimus. Voluptatem libero recusandae est quas. Et voluptatum omnis eligendi quis velit asperiores tempora.','73940 Spencer Extension\nSouth Ellis, MN 81402-1822','$2y$10$92IXUNpkjO0rOQ5byMi.Ye4oKoEa3Ro9llC/.og/at2.uheWG/igi','617a39fc-78bf-4351-81bc-0cc820882702','App\\Models\\Student','2024-01-30 14:21:08','2024-01-30 14:21:08',NULL),('596f0f93-38df-471f-9d47-4cf7b917b7cb','Huels','Olen Fay','Geovanni','napoleon.lynch@yahoo.com','A+',1,'515.877.8502','2014-12-21','Odit aspernatur ipsam et possimus ut. Ut et molestiae placeat saepe omnis a. Reiciendis numquam voluptatem aut sed corrupti. Natus consequuntur aut natus aut atque cupiditate.','17926 Casper Loop\nLake Vito, MI 48992-0123','$2y$10$92IXUNpkjO0rOQ5byMi.Ye4oKoEa3Ro9llC/.og/at2.uheWG/igi','25a57789-a44a-42eb-bc74-ab6d4de2a42a','App\\Models\\Guardian','2024-01-30 14:21:06','2024-01-30 14:21:06',NULL),('5aa115cb-c27f-4b8e-9b75-8f06b45ea8d2','Volkman','Dr. Lorenz Tillman','Bethel','johnson.morton@hotmail.com','B+',2,'1-845-664-0738','2015-09-18','Soluta mollitia dolores eum iure ipsum atque. Et nisi blanditiis voluptates ducimus deleniti non. Et harum quam aut necessitatibus incidunt vel.','1755 Sydni Ports\nSouth Raheemland, NH 77321-3992','$2y$10$92IXUNpkjO0rOQ5byMi.Ye4oKoEa3Ro9llC/.og/at2.uheWG/igi','8942a1e4-8049-4cb0-a454-7b723556f8fe','App\\Models\\Guardian','2024-01-30 14:21:06','2024-01-30 14:21:06',NULL),('5ac31bd2-5fe6-4e21-a316-d5a1ba70e876','Conroy','Alexandre Orn PhD','Madilyn','omills@hotmail.com','A+',1,'+1.951.493.6989','2022-06-22','Vero amet cupiditate incidunt consectetur ex sit sit. Perspiciatis impedit architecto quisquam deserunt atque. Non voluptatibus tempora id natus autem aliquid dolor praesentium.','8126 Jeanette Fork\nLake Carlosland, AR 06826','$2y$10$92IXUNpkjO0rOQ5byMi.Ye4oKoEa3Ro9llC/.og/at2.uheWG/igi','85c4ea4b-a6fd-43d8-a4a3-08982a634fc0','App\\Models\\Student','2024-01-30 14:21:08','2024-01-30 14:21:08',NULL),('5adc0bc7-9a82-400b-88c6-9b382b1f4d0a','McClure','Priscilla Langosh','Maye','pmuller@glover.com','O+',2,'715.248.8900','2022-09-17','Laborum ipsa et eos ut in optio rerum. Delectus delectus perferendis quas.','558 Marks Ferry Apt. 266\nEast Danielafort, CA 46679-2259','$2y$10$92IXUNpkjO0rOQ5byMi.Ye4oKoEa3Ro9llC/.og/at2.uheWG/igi','b46ccc69-dcbe-4239-9e02-7486f17d4108','App\\Models\\Guardian','2024-01-30 14:21:06','2024-01-30 14:21:06',NULL),('5c8b8afb-0aa9-4b90-adc8-b2e3e90d5067','Gutkowski','Treva Wisoky','Geovany','brando57@hotmail.com','O-',2,'+1-678-864-7829','2022-08-12','Vel quidem est ex totam adipisci id. Quo exercitationem hic porro tempore et. Veritatis accusamus velit quasi sed. Est nulla veniam doloremque deserunt qui ipsum.','972 Volkman Ranch\nSouth Delfinamouth, MN 59243','$2y$10$92IXUNpkjO0rOQ5byMi.Ye4oKoEa3Ro9llC/.og/at2.uheWG/igi','23cc9470-42c4-4e80-af84-f7873b18a7bf','App\\Models\\Administrator','2024-01-30 14:11:35','2024-01-30 14:11:35',NULL),('5df5d86f-061b-488f-ab17-2920a5a7d639','O\'Keefe','Marc Kub','Rogers','bradford52@schaefer.com','B+',2,'(901) 206-0947','2022-01-27','Natus et omnis rerum distinctio ex. Sunt sint soluta repellat magni sapiente. Repellendus autem voluptas itaque harum quae sed beatae. Eum rem excepturi et.','640 Moen Vista\nRathborough, DC 45562','$2y$10$92IXUNpkjO0rOQ5byMi.Ye4oKoEa3Ro9llC/.og/at2.uheWG/igi','c7ccb05d-e2e4-48bc-ad80-2adc20e446e8','App\\Models\\Guardian','2024-01-30 14:21:06','2024-01-30 14:21:06',NULL),('5e15fbe4-cbf5-4682-93a5-aef66ba7ad08','Bosco','Betty Johnson','Flo','karianne.emmerich@cole.com','AB+',1,'1-571-638-2064','2019-01-14','Voluptatibus sed ea sed eum recusandae. Qui aperiam a rerum aspernatur et a laboriosam. Ut est placeat nostrum molestiae ex dolores. Vitae id non ad. Sunt at aut quae deserunt dolorum non quis.','1636 Kreiger Circle\nWest Katarina, MI 68375-6060','$2y$10$92IXUNpkjO0rOQ5byMi.Ye4oKoEa3Ro9llC/.og/at2.uheWG/igi','99b96563-c26d-43e7-a5c6-a241d4578c7b','App\\Models\\Guardian','2024-01-30 14:21:06','2024-01-30 14:21:06',NULL),('5e3dd952-9789-4436-a924-63c0a9ebfb67','Turner','Lura Yundt','Sheldon','marcelina27@hotmail.com','O-',2,'+1-845-304-5828','2020-02-24','Deserunt velit dolores et officiis. Similique dolores quisquam sed nobis mollitia placeat sequi. Deserunt dolore aliquam consequatur.','77256 Welch Crossroad\nLake Norris, RI 36737-2733','$2y$10$92IXUNpkjO0rOQ5byMi.Ye4oKoEa3Ro9llC/.og/at2.uheWG/igi','3d3ad414-95ad-40d6-a0f7-b7685ae469fd','App\\Models\\Guardian','2024-01-30 14:21:06','2024-01-30 14:21:06',NULL),('5f9c4378-3f91-4a29-91f8-6f6e78fcb4db','Hagenes','Reginald Walsh','Orie','rodriguez.caitlyn@gmail.com','O-',2,'1-458-944-2284','2016-09-23','Sint adipisci numquam aliquam praesentium et sit. Veritatis sit at deserunt ut dolores culpa aut.','42508 Nova Shore\nWymanstad, WV 25772','$2y$10$92IXUNpkjO0rOQ5byMi.Ye4oKoEa3Ro9llC/.og/at2.uheWG/igi','3f11bbae-b2a5-4b39-bcb8-25d9f97f20db','App\\Models\\Student','2024-01-30 14:21:07','2024-01-30 14:21:07',NULL),('5f9d0219-60e5-4bf0-889b-73353c0156dd','Ortiz','Prof. Hester Homenick','Alvera','holly73@kassulke.net','A+',1,'1-838-529-2274','2020-10-16','Est ad atque voluptate explicabo. Laboriosam voluptatem id dolor et aut aut ut. Et animi aspernatur tempora voluptas quis enim.','10921 Omer Estates\nLake Hannaside, NE 17460-1894','$2y$10$92IXUNpkjO0rOQ5byMi.Ye4oKoEa3Ro9llC/.og/at2.uheWG/igi','90919e62-0268-4f5f-ba24-b5d27c5bd3f2','App\\Models\\Guardian','2024-01-30 14:21:06','2024-01-30 14:21:06',NULL),('6094f529-f7be-4d07-a3b6-afc549295fc1','Smith','Lila Hyatt','Jerad','zakary.huel@hotmail.com','O+',1,'754.338.6116','2021-06-11','Et repellat porro consequatur qui est nulla tempora dolorem. Non quia dicta hic. Non molestiae perferendis error aspernatur consequatur.','65903 Vena Knolls\nSouth Ibrahimstad, HI 96249-0543','$2y$10$92IXUNpkjO0rOQ5byMi.Ye4oKoEa3Ro9llC/.og/at2.uheWG/igi','a5293b86-1d49-4132-8ae9-d80121464264','App\\Models\\Student','2024-01-30 14:21:09','2024-01-30 14:21:09',NULL),('60f7fe48-bb78-4dac-a77c-9e1a8a7c472c','DuBuque','Brendon Ernser','Rolando','ycasper@gmail.com','AB+',2,'+1.831.818.6685','2023-02-14','Ut necessitatibus et ea et. Voluptates esse quo accusantium assumenda. Pariatur aut est aliquam et voluptatem sunt et omnis. Veritatis odio necessitatibus et unde earum.','5331 Graciela Bypass Apt. 527\nMelvinachester, NJ 94415-3954','$2y$10$92IXUNpkjO0rOQ5byMi.Ye4oKoEa3Ro9llC/.og/at2.uheWG/igi','368224fb-f5d8-4b2e-83de-593d71abe9b4','App\\Models\\Student','2024-01-30 14:21:08','2024-01-30 14:21:08',NULL),('62969772-5a62-40a8-ab71-4a3041fc07a5','Paucek','Kyler Terry','Rosalyn','rigoberto38@gmail.com','O+',1,'+15057047019','2024-01-16','Voluptas aut et rem praesentium. Fuga tempora voluptatem inventore cumque sit autem dolor. Sed et eaque nisi. Ab officiis quas suscipit voluptatem nobis debitis.','53777 Ruecker Ranch Apt. 257\nFunkmouth, DE 07408','$2y$10$92IXUNpkjO0rOQ5byMi.Ye4oKoEa3Ro9llC/.og/at2.uheWG/igi','26ebff96-a748-48b4-b1e8-ea7782f451be','App\\Models\\Guardian','2024-01-30 14:21:06','2024-01-30 14:21:06',NULL),('6344ec49-bc2e-4664-b59c-3cb1a57b75e1','Armstrong','Marc Krajcik','Raegan','wgorczany@marvin.info','B+',2,'737.436.7751','2018-08-14','Doloremque sunt vitae consequatur. Ut dolores quae quae sint consectetur quis ea quia. Et sit voluptatem harum odio sit. Unde et beatae necessitatibus non repellat.','52484 Beahan Rapids\nNew Zakary, MO 54195-7516','$2y$10$92IXUNpkjO0rOQ5byMi.Ye4oKoEa3Ro9llC/.og/at2.uheWG/igi','9ead71be-60a4-410a-bc4e-45908ace34f8','App\\Models\\Guardian','2024-01-30 14:21:06','2024-01-30 14:21:06',NULL),('66397c06-e951-42e2-bf32-20b90826f78b','Kemmer','Callie Hermann','Lois','ivy86@hotmail.com','O+',2,'(503) 363-4366','2020-04-12','Quisquam dolor et eaque voluptatum excepturi. Quia eius beatae harum ipsa. Neque error ut magni consequatur optio mollitia illum. Ut voluptatem sunt in optio dolorum laborum et a.','642 Madaline Port\nEast Mattie, MI 42730','$2y$10$92IXUNpkjO0rOQ5byMi.Ye4oKoEa3Ro9llC/.og/at2.uheWG/igi','f8677509-471d-4142-a1fb-47b8e28f1c05','App\\Models\\Teacher','2024-01-30 14:21:05','2024-01-30 14:21:05',NULL),('6683abee-2340-4eac-a5d8-edf8d5f7779f','Lebsack','Arjun Larson','Emmy','joshuah.bode@wintheiser.com','O+',1,'+1.520.648.7266','2023-06-05','Velit commodi minima reprehenderit eaque ut suscipit dolore. Voluptas tempora vitae praesentium quia alias incidunt. Ratione aut recusandae qui in. Accusamus qui ratione qui eos nihil ex nulla.','152 Claudine Gardens\nWest Lonzomouth, KS 45003-8702','$2y$10$92IXUNpkjO0rOQ5byMi.Ye4oKoEa3Ro9llC/.og/at2.uheWG/igi','755b8845-ff6d-4609-b13b-600a79617ae9','App\\Models\\Teacher','2024-01-30 14:21:05','2024-01-30 14:21:05',NULL),('66b25068-7b67-4846-99d1-ddc798317e63','Donnelly','Webster Mosciski','Hobart','robin.koss@hayes.com','A+',2,'1-430-463-1405','2018-02-03','Dolores non labore consequatur pariatur. Dolore omnis maiores quas quibusdam officiis cum. Aut sunt culpa corrupti sapiente. Quia dignissimos eos dolor reprehenderit aliquid.','23450 Renner Centers Suite 587\nConsidinestad, MD 55421-9953','$2y$10$92IXUNpkjO0rOQ5byMi.Ye4oKoEa3Ro9llC/.og/at2.uheWG/igi','9cc91197-ae9f-4337-b2df-68ca7bf7914a','App\\Models\\Student','2024-01-30 14:21:09','2024-01-30 14:21:09',NULL),('69db98ed-17eb-440e-bbfc-6a545f961033','Ortiz','Peggie Homenick V','Dora','santos82@braun.com','AB-',2,'564-545-0724','2018-08-08','Nisi aperiam adipisci ut fugit quaerat corrupti. Placeat ratione ullam unde asperiores autem recusandae id iste. Praesentium ut repellat sunt.','6972 Williamson Manor\nElwinmouth, CT 46133','$2y$10$92IXUNpkjO0rOQ5byMi.Ye4oKoEa3Ro9llC/.og/at2.uheWG/igi','a1db374f-ac43-41c2-ad94-879073e2e137','App\\Models\\Student','2024-01-30 14:21:09','2024-01-30 14:21:09',NULL),('6a85fb5b-dc93-4675-8a59-377270a118b3','Mertz','Kayley Buckridge','Charlotte','richie.nienow@hotmail.com','B+',1,'321.672.4216','2015-04-29','Qui provident sed et iure. Facilis aut ipsum cumque dolorum. Et nam fuga porro.','3918 Balistreri Islands\nSouth Owenborough, TN 21278','$2y$10$92IXUNpkjO0rOQ5byMi.Ye4oKoEa3Ro9llC/.og/at2.uheWG/igi','5dfd6442-76ab-4070-8031-030de8cdaa26','App\\Models\\Teacher','2024-01-30 14:21:05','2024-01-30 14:21:05',NULL),('6adc22b6-f4fa-4c37-8622-f8557edee17e','Ruecker','Joanne Kovacek Sr.','Pablo','atowne@hotmail.com','B-',2,'+1.470.948.4796','2015-05-12','Est suscipit odio cupiditate ut molestias. Aliquid doloribus natus ipsa saepe. Quia neque veritatis iste velit quod nam aspernatur. Neque nemo repellendus et est corrupti omnis sint.','1836 Misty Ports Suite 082\nVonstad, KY 78268-9872','$2y$10$92IXUNpkjO0rOQ5byMi.Ye4oKoEa3Ro9llC/.og/at2.uheWG/igi','69590b68-7291-4601-93e4-c91ee6682cbe','App\\Models\\Student','2024-01-30 14:21:07','2024-01-30 14:21:07',NULL),('6b24b88d-0dc2-48fe-99ca-220866745065','Block','Prof. Leora Heathcote','Rico','imraz@johns.com','A+',2,'334-330-5841','2014-02-27','Sit non reprehenderit dolorem. Ipsa voluptatum nihil est sint delectus ipsam provident. Autem ullam dolorum et nemo eos ex id. Deleniti non quis quis numquam. Ut dignissimos aut exercitationem.','24252 Leuschke Meadows\nWest Destineeview, AR 11519-0924','$2y$10$92IXUNpkjO0rOQ5byMi.Ye4oKoEa3Ro9llC/.og/at2.uheWG/igi','efa0e3de-8fc2-4479-b199-c160802c1796','App\\Models\\Guardian','2024-01-30 14:21:06','2024-01-30 14:21:06',NULL),('6be3eb3e-f982-41e9-8121-bc01335b6e42','Mann','Alessia Wunsch','Lloyd','efeil@bins.com','O+',2,'+1-270-488-7622','2021-08-13','Eos ad eius harum. Enim consequatur quia voluptas aliquam unde magni placeat. Porro dolorem at quibusdam sint delectus.','40063 Terry Fords\nMayerville, MN 00309-4525','$2y$10$92IXUNpkjO0rOQ5byMi.Ye4oKoEa3Ro9llC/.og/at2.uheWG/igi','b75eb3e9-a430-4c88-95b4-0ea6fdff5835','App\\Models\\Student','2024-01-30 14:21:08','2024-01-30 14:21:08',NULL),('6c10e7f6-5216-49cd-8a77-17b9f18df171','Boyer','Elwin Mante','Fanny','vernice.keeling@hotmail.com','AB+',1,'(818) 641-9763','2017-02-20','Est aut nemo culpa cum harum animi. Totam ut fugiat voluptatum necessitatibus molestiae quo sit.','93180 Swift Circle\nMylenestad, ME 09948','$2y$10$92IXUNpkjO0rOQ5byMi.Ye4oKoEa3Ro9llC/.og/at2.uheWG/igi','502e56f4-79fd-4129-ba47-184f3c974b5f','App\\Models\\Student','2024-01-30 14:21:08','2024-01-30 14:21:08',NULL),('6d13b3a4-5d83-423f-a12e-cf3a755e01ac','Douglas','Laverne Kuhn Jr.','Lonny','vernice24@morar.info','B-',2,'1-775-369-1406','2023-07-30','Perferendis dolorum et ducimus qui ea quis. Modi eos excepturi nam accusamus cupiditate earum dignissimos quis. Sed ut quam aut sunt repellat.','96842 Dallas Islands\nNorth Sofiaburgh, DE 78704','$2y$10$92IXUNpkjO0rOQ5byMi.Ye4oKoEa3Ro9llC/.og/at2.uheWG/igi','c27a6ba9-acbe-4dd7-a4ee-1ad59df003ef','App\\Models\\Student','2024-01-30 14:21:07','2024-01-30 14:21:07',NULL),('701b8d81-8151-479d-af4b-6e03bf3225b1','Smith','King King','Marcelina','mueller.hollie@cassin.info','A-',2,'+15413863992','2014-11-22','Nulla ut laudantium vitae neque. Libero aut omnis quisquam natus est quis quis possimus. Nam eveniet eos nesciunt ut. Molestiae officia aliquam id veritatis amet est quis cumque.','89121 Casimer Expressway Apt. 043\nNathanialtown, NC 60429-8195','$2y$10$92IXUNpkjO0rOQ5byMi.Ye4oKoEa3Ro9llC/.og/at2.uheWG/igi','b985584b-4e20-4e34-98a1-ca5e0593fd0d','App\\Models\\Guardian','2024-01-30 14:21:06','2024-01-30 14:21:06',NULL),('70a879cf-118e-466f-8af0-05ed2aeb4a28','Grimes','Prof. Duncan Wolf','Francesca','krunte@gmail.com','A+',2,'843.633.0329','2021-07-12','Maxime dolores nostrum eum quod. Sit aut quia repudiandae dolorum saepe velit. Id tempore voluptatum quaerat sed. Labore earum quisquam id.','741 Rosemary Trace Apt. 379\nNew Barneyfurt, FL 96907','$2y$10$92IXUNpkjO0rOQ5byMi.Ye4oKoEa3Ro9llC/.og/at2.uheWG/igi','1eaeca99-962f-40a0-b014-96f21ead7f3a','App\\Models\\Student','2024-01-30 14:21:08','2024-01-30 14:21:08',NULL),('72b2887a-f3ca-4261-9f49-672f6da21370','Langosh','Wilfred Gutmann DVM','Kaylah','pritchie@gmail.com','O-',2,'+1 (843) 843-0911','2023-04-22','Eius tempore sunt quo nobis numquam. Voluptatibus voluptatibus ut veritatis. Blanditiis autem illum qui minima aut quod dolore.','1288 Richard Inlet Suite 521\nWest Imeldaburgh, WI 28206-3617','$2y$10$92IXUNpkjO0rOQ5byMi.Ye4oKoEa3Ro9llC/.og/at2.uheWG/igi','b3177859-6ac3-4b51-91ac-b63406386a2e','App\\Models\\Guardian','2024-01-30 14:21:06','2024-01-30 14:21:06',NULL),('75b4ce5b-7b21-4080-9ff4-c751bb710fb2','Emmerich','Ms. Aubree Turner DDS','Monte','feil.michelle@homenick.com','A+',2,'+1-505-383-5532','2017-04-11','Repellendus neque omnis nihil beatae sit odit eum. Quia adipisci amet itaque dolor necessitatibus quo sint explicabo. Omnis quidem sed tempora sit eligendi.','2969 Ruben Light\nNew Delphine, FL 21636-9500','$2y$10$92IXUNpkjO0rOQ5byMi.Ye4oKoEa3Ro9llC/.og/at2.uheWG/igi','d1283688-1555-4382-b956-6d5c7579e052','App\\Models\\Guardian','2024-01-30 14:21:06','2024-01-30 14:21:06',NULL),('75ebdeb1-ee8e-4fce-80f9-2021b92e7fc7','Haley','Emelie Romaguera','Winston','king.grimes@willms.com','AB-',2,'323.966.0525','2021-05-09','Modi qui autem accusantium quod ut necessitatibus. Expedita voluptas cupiditate accusantium sequi sit. Sed enim eos ex sapiente quam.','400 Walter Center Apt. 537\nNew Flossieville, OH 27445-0311','$2y$10$92IXUNpkjO0rOQ5byMi.Ye4oKoEa3Ro9llC/.og/at2.uheWG/igi','e276d3c8-f899-47ba-9b6c-041f35888230','App\\Models\\Administrator','2024-01-30 14:12:39','2024-01-30 14:12:39',NULL),('77171db1-8b28-4d6e-8ad2-e52416dd356d','Grimes','Darian Wisoky','Beverly','kenna21@schoen.info','AB-',2,'1-754-213-2199','2018-04-29','Autem possimus odit consequatur eum dignissimos. Illum quis qui pariatur ipsam nihil molestias error. Tenetur optio voluptatem sit nobis maiores.','11126 Nellie Avenue\nCronastad, WY 80820','$2y$10$92IXUNpkjO0rOQ5byMi.Ye4oKoEa3Ro9llC/.og/at2.uheWG/igi','b8d6ef87-0c39-4a06-a8d7-c1989ea904de','App\\Models\\Student','2024-01-30 14:21:08','2024-01-30 14:21:08',NULL),('777dee21-7d51-4124-99e3-3920494c660c','O\'Kon','Eden Harvey','Craig','ernestina.nikolaus@bergstrom.com','A+',1,'361.223.1758','2015-09-06','Doloribus possimus in consequatur provident non dolor quis. Incidunt est ducimus quia beatae libero nesciunt dolorem. Quasi perferendis inventore vitae aperiam fugiat.','86249 Cruickshank Port\nSouth Devyn, WV 69404-6706','$2y$10$92IXUNpkjO0rOQ5byMi.Ye4oKoEa3Ro9llC/.og/at2.uheWG/igi','d0647d81-a18d-46b5-9e99-0693194fb34f','App\\Models\\Teacher','2024-01-30 14:21:05','2024-01-30 14:21:05',NULL),('785061b4-4fe7-4101-83d2-ea95e8e2b170','Veum','Karelle Barrows','Maya','rodolfo.beer@gmail.com','O+',2,'+1-814-414-8664','2021-12-14','Autem optio laudantium laboriosam fugit architecto soluta. Quisquam debitis veritatis ut et. Et porro deleniti magni culpa maiores suscipit quasi.','57395 Gulgowski Mountains\nBrekkefort, AL 30934','$2y$10$92IXUNpkjO0rOQ5byMi.Ye4oKoEa3Ro9llC/.og/at2.uheWG/igi','bab90b84-a56d-479d-b336-818d6bde4c6f','App\\Models\\Student','2024-01-30 14:21:08','2024-01-30 14:21:08',NULL),('79f521e3-a72c-44e2-b2cd-0b412136c514','Mayert','Miss Adeline Tremblay','Marietta','prince.hilpert@yahoo.com','A-',1,'+1 (619) 822-7489','2022-05-11','Culpa autem ea animi autem mollitia consequatur aut. Laboriosam illo optio sed. Fugit provident minus dolorem accusamus hic sint voluptas.','261 Will Vista Suite 482\nWest Kayleybury, WV 17705','$2y$10$92IXUNpkjO0rOQ5byMi.Ye4oKoEa3Ro9llC/.og/at2.uheWG/igi','82177d0e-30d7-4da7-a100-d0f90dad43a1','App\\Models\\Guardian','2024-01-30 14:21:06','2024-01-30 14:21:06',NULL),('7a832bf0-cef5-4783-9ca9-c200fb1f1441','Hickle','Cindy Johnson','Tristin','beatty.sandy@gmail.com','AB+',2,'406-493-7009','2023-02-19','At ipsa sapiente voluptas. Id dolor ipsa nam animi omnis impedit. Est magnam est labore. Et ab ipsum sed.','498 Twila Circles Suite 216\nYundtchester, HI 64796','$2y$10$92IXUNpkjO0rOQ5byMi.Ye4oKoEa3Ro9llC/.og/at2.uheWG/igi','e80ddaf3-b4a3-4264-bf07-fbef5501f2a1','App\\Models\\Guardian','2024-01-30 14:21:06','2024-01-30 14:21:06',NULL),('7b241bf3-8475-4806-a4c2-ac65901d7696','Becker','Gia Feil DVM','Boris','conroy.susan@hermann.com','AB-',2,'1-248-761-4628','2023-08-16','Mollitia provident quos amet alias sed eveniet. Quia maxime illum veritatis dolores repellat. Enim deleniti suscipit quos ut odio iste repellendus maxime.','5901 Mertz Forks Suite 553\nCarrollburgh, WA 75175','$2y$10$92IXUNpkjO0rOQ5byMi.Ye4oKoEa3Ro9llC/.og/at2.uheWG/igi','7dd429ee-4d3e-434c-8db2-d070aa972e1c','App\\Models\\Student','2024-01-30 14:21:08','2024-01-30 14:21:08',NULL),('7ca7f283-c520-40ae-ad66-bc24ab065eb6','Bins','Clifford King III','Maryam','becker.zackery@shanahan.net','AB-',2,'+1.828.701.5232','2018-01-03','Qui animi nisi cumque quia voluptates rerum sed. Beatae adipisci optio illo facilis. Vel ducimus qui molestiae et laudantium ullam qui. Beatae ea saepe occaecati dolorem optio.','6010 Romaguera Extensions\nStokesburgh, OK 24241-5565','$2y$10$92IXUNpkjO0rOQ5byMi.Ye4oKoEa3Ro9llC/.og/at2.uheWG/igi','1737102f-94ce-4d27-885c-d51261c250e5','App\\Models\\Administrator','2024-01-30 14:11:35','2024-01-30 14:11:35',NULL),('7ea8d728-b8b3-4ed0-8a67-f8a396a19e36','Graham','Frederick Fahey','Shirley','armani62@gmail.com','B-',2,'(802) 576-0982','2019-11-05','Molestiae repellat quae quisquam magnam aperiam nemo iure. Nisi numquam reiciendis facilis. Vel nostrum qui dolores nostrum laborum id non.','9450 Emilia Track\nGutmannburgh, IL 42587','$2y$10$92IXUNpkjO0rOQ5byMi.Ye4oKoEa3Ro9llC/.og/at2.uheWG/igi','2be1d9a4-0b57-41c4-9e95-e27d789079dc','App\\Models\\Student','2024-01-30 14:21:08','2024-01-30 14:21:08',NULL),('7fc62b0a-0c88-4a22-9cad-83207d7a93cd','Mann','Deondre O\'Reilly','Francis','ngottlieb@hotmail.com','AB-',1,'(401) 549-4724','2015-10-25','Sunt et omnis aperiam quae odit qui magnam. Neque et ad similique cupiditate illo nemo. Aliquam qui nostrum aut omnis aut. Occaecati eos labore cumque distinctio aut sed.','706 Golda Canyon Suite 376\nWest Linneastad, IL 74074-2405','$2y$10$92IXUNpkjO0rOQ5byMi.Ye4oKoEa3Ro9llC/.og/at2.uheWG/igi','9d1ca466-23d4-4fd0-bb87-bfefc4a18c0b','App\\Models\\Student','2024-01-30 14:21:08','2024-01-30 14:21:08',NULL),('80d9b982-767a-443e-b309-36333d125600','Abbott','Darby Mosciski','Tito','kuhn.rose@pacocha.com','AB+',2,'332-933-8819','2014-10-06','Officiis illo ipsum perferendis quos. Qui qui earum numquam quia. Porro neque voluptatum et quaerat exercitationem incidunt assumenda et.','7391 Casimir Circle\nNorth Larissaborough, VA 77321-1086','$2y$10$92IXUNpkjO0rOQ5byMi.Ye4oKoEa3Ro9llC/.og/at2.uheWG/igi','6aa754a5-d445-4bec-9db8-22671afba833','App\\Models\\Guardian','2024-01-30 14:21:06','2024-01-30 14:21:06',NULL),('838ed31d-f0b0-4996-9dc5-1aeddf6d78e4','Doyle','Buddy Mann','Casimir','gavin52@gmail.com','B+',2,'(870) 289-4037','2020-04-01','Aperiam voluptates et ea perspiciatis nihil at. Optio quia natus maiores facere. Ratione aut enim numquam voluptates ad.','197 Mavis Lodge Suite 191\nWest Manley, WV 05882','$2y$10$92IXUNpkjO0rOQ5byMi.Ye4oKoEa3Ro9llC/.og/at2.uheWG/igi','cb5f9291-e575-4380-8931-492cd05c9142','App\\Models\\Student','2024-01-30 14:21:09','2024-01-30 14:21:09',NULL),('84afe9c8-bb60-40fa-9298-71ac1b341a8b','Trantow','Enos Heathcote','Lavon','cswaniawski@hotmail.com','B-',1,'+1-425-614-3522','2016-02-04','In velit recusandae exercitationem hic perspiciatis qui sint. Minima tempora consequatur iure quos maxime qui id.','7033 Sauer Mill\nNorth Shemarfort, ID 82262-9349','$2y$10$92IXUNpkjO0rOQ5byMi.Ye4oKoEa3Ro9llC/.og/at2.uheWG/igi','c74497d5-943b-452c-8503-a2f0e1675708','App\\Models\\Student','2024-01-30 14:21:08','2024-01-30 14:21:08',NULL),('85e33833-1984-4bc9-8abb-1fc62c1df166','Brakus','Elyse Wolff','Flavie','jody.nolan@gmail.com','AB-',1,'629.793.2930','2020-10-03','Sequi quae nesciunt quia modi. Dolores rerum harum dolores repellendus quis ut. Non expedita totam quam quisquam.','941 Rempel Village Apt. 166\nPort Bridgetteburgh, VA 16370-0517','$2y$10$92IXUNpkjO0rOQ5byMi.Ye4oKoEa3Ro9llC/.og/at2.uheWG/igi','d6ae23a0-ecac-4de3-b955-30503d50ea7f','App\\Models\\Guardian','2024-01-30 14:21:06','2024-01-30 14:21:06',NULL),('88d38a90-1a20-4af8-b675-84c0d2678ca3','Simonis','Ms. Zora Gibson','Jovanny','wwunsch@hotmail.com','B+',1,'321-756-1363','2016-09-14','Officiis modi officiis ut officiis voluptatem asperiores veniam. Asperiores illo nam non dolor beatae aut. Numquam est a iusto omnis consequatur.','807 Casper Square Apt. 367\nNorth Ethanstad, TX 25392-2137','$2y$10$92IXUNpkjO0rOQ5byMi.Ye4oKoEa3Ro9llC/.og/at2.uheWG/igi','f19763d9-6695-4d52-b6b6-e80a717ad6e9','App\\Models\\Guardian','2024-01-30 14:21:06','2024-01-30 14:21:06',NULL),('893f2739-fc8f-444a-811f-85ffe6a216e3','Becker','Prof. Rhianna Wyman','Mafalda','dach.laurel@lesch.com','O+',1,'+1-332-269-2860','2023-04-30','Iusto est sit dolores error accusantium. Sed non iste illo molestias dolores. Velit qui porro quo voluptatem veniam eos modi.','7694 Justyn Brook\nBeertown, CA 94427','$2y$10$92IXUNpkjO0rOQ5byMi.Ye4oKoEa3Ro9llC/.og/at2.uheWG/igi','e2f633ea-a604-44dc-8296-3f6531a746d6','App\\Models\\Student','2024-01-30 14:21:08','2024-01-30 14:21:08',NULL),('8a537f2b-356d-47e6-809c-e5a456c62722','Gaylord','Dr. Jovan O\'Hara MD','Josephine','adeline.wyman@yahoo.com','A+',1,'+1-631-691-6533','2020-12-26','Minima non sunt velit nemo sapiente laborum. Laboriosam ullam vel vel. Ex sunt totam dolorem voluptatem fugiat ut. Tenetur ea et consequuntur quaerat ea quasi. Quidem qui quasi facere consectetur.','58388 Esteban Glen\nNoemyberg, CA 36896','$2y$10$92IXUNpkjO0rOQ5byMi.Ye4oKoEa3Ro9llC/.og/at2.uheWG/igi','6975fe81-ec86-4746-a6b9-8595f81e3b93','App\\Models\\Guardian','2024-01-30 14:21:06','2024-01-30 14:21:06',NULL),('8addb68b-fd84-4452-8bce-ae8024e4e98f','Stark','Eric Dietrich','Gino','eborer@toy.com','A+',1,'+1-463-496-3084','2016-08-08','Iusto sapiente qui eligendi omnis. Omnis et odit eius sint earum. Suscipit et qui tempora voluptatem sed et. Consequatur modi voluptates voluptas in sapiente ut.','8283 Berniece Rue\nPort Burdette, KY 49212-1648','$2y$10$92IXUNpkjO0rOQ5byMi.Ye4oKoEa3Ro9llC/.og/at2.uheWG/igi','61f105a6-f384-469c-bcf6-130080a12f7c','App\\Models\\Student','2024-01-30 14:21:07','2024-01-30 14:21:07',NULL),('8b363b5b-4f1c-473b-ba59-9ce9507b427c','Brekke','Crystel Corkery IV','Ryleigh','beier.keven@yahoo.com','B-',1,'951.672.4729','2023-07-27','Id est rem eligendi sint omnis. Ut maxime architecto dicta consectetur et. Ipsum error alias animi maxime qui fugiat iusto. Voluptatem omnis et modi sequi consectetur.','9444 Beer Court Suite 332\nKshlerintown, ME 87711','$2y$10$92IXUNpkjO0rOQ5byMi.Ye4oKoEa3Ro9llC/.og/at2.uheWG/igi','3216986a-3a89-40f9-8146-55d5aa1912ef','App\\Models\\Teacher','2024-01-30 14:21:05','2024-01-30 14:21:05',NULL),('8c85c30f-ab8b-4dc7-9f9f-f519b87b0a77','Mayert','Stephen Jacobs','Monserrat','kstroman@monahan.org','B+',2,'702.578.2272','2017-06-12','Excepturi ullam vel sit ullam et. Qui possimus consequatur iure tempora temporibus minima voluptatem. Ut alias incidunt vel voluptatibus. Optio maxime eligendi adipisci dolores.','361 Ryan Mission\nMarvinburgh, CT 03193','$2y$10$92IXUNpkjO0rOQ5byMi.Ye4oKoEa3Ro9llC/.og/at2.uheWG/igi','132cdee6-8de2-4642-95f5-54ec4c577c0c','App\\Models\\Student','2024-01-30 14:21:09','2024-01-30 14:21:09',NULL),('8d208da6-89f8-46c4-8488-f43750ad62fa','Erdman','Dr. Brandt Huels I','Tanya','shanahan.roosevelt@gmail.com','AB-',2,'412-906-8170','2021-09-17','Exercitationem omnis nobis omnis dolorum sequi cumque. Expedita cupiditate voluptatem deleniti quasi. Tempore et voluptatem ipsam iusto.','61021 Aufderhar Mountains\nWaterschester, NE 96203-3573','$2y$10$92IXUNpkjO0rOQ5byMi.Ye4oKoEa3Ro9llC/.og/at2.uheWG/igi','5ee22884-4592-43c2-9196-355a51e2bfda','App\\Models\\Student','2024-01-30 14:21:07','2024-01-30 14:21:07',NULL),('8e08b27d-e899-4e7e-bee7-5ee28d06c67c','Armstrong','Miss Audreanne Braun','Erick','chad.west@schinner.com','A+',2,'+1.678.548.8800','2015-05-30','Dolorum facere omnis minus eius nihil. Labore non similique similique cumque id qui. Voluptas quisquam cum ut voluptatem explicabo quam. Animi corrupti assumenda a rerum voluptatem quo vel.','6841 Terrell Shoals\nLake Eleanorefurt, NV 59525','$2y$10$92IXUNpkjO0rOQ5byMi.Ye4oKoEa3Ro9llC/.og/at2.uheWG/igi','d6f289e9-e421-4177-8c7e-433a78aba754','App\\Models\\Student','2024-01-30 14:21:07','2024-01-30 14:21:07',NULL),('8e53d9c2-352d-4c1d-be4c-f0e588ea7da0','Ankunding','Georgiana Tromp','Maybell','mschoen@adams.com','B-',1,'951.705.8496','2018-04-09','Harum maiores minima praesentium ut. Quis et consectetur fugiat natus. Quod est sit magnam quia.','1040 Langworth Loaf Apt. 061\nGoodwinberg, NH 38536','$2y$10$92IXUNpkjO0rOQ5byMi.Ye4oKoEa3Ro9llC/.og/at2.uheWG/igi','f9b8f375-8a6a-47d6-b322-2c3446cec6d8','App\\Models\\Student','2024-01-30 14:21:07','2024-01-30 14:21:07',NULL),('8e7614ea-6ddf-434b-82fc-145c6e9b8eae','Terry','Leora Ritchie','Gerry','eaufderhar@yahoo.com','B+',1,'747-938-2746','2021-05-24','Fugiat fugiat laboriosam doloribus consequatur sunt est voluptatem. Autem exercitationem minus eum. Vitae aut deserunt quas tenetur alias sapiente.','95438 Hamill Orchard Apt. 061\nDasiamouth, TX 93784-2038','$2y$10$92IXUNpkjO0rOQ5byMi.Ye4oKoEa3Ro9llC/.og/at2.uheWG/igi','457524d4-022b-4121-a497-05641f51d13c','App\\Models\\Administrator','2024-01-30 14:21:04','2024-01-30 14:21:04',NULL),('90a4d428-9a6d-4740-966a-8e79df9e28aa','Satterfield','Liam Orn','Maximo','jalyn91@kuhlman.com','AB+',1,'+12254904730','2018-02-16','Eaque expedita voluptatem rerum et vero consequatur. Provident quasi magni dolorum praesentium facere minus. Porro commodi iure nam aut accusamus consequatur. Ea molestiae deserunt porro et ut.','96989 Johns Walks Apt. 200\nLake Lexusmouth, NM 86303','$2y$10$92IXUNpkjO0rOQ5byMi.Ye4oKoEa3Ro9llC/.og/at2.uheWG/igi','d96d829f-a316-4218-9eef-7a83ab4a21e6','App\\Models\\Student','2024-01-30 14:21:08','2024-01-30 14:21:08',NULL),('911e13d0-f1c0-4db1-be7c-24d2bff0252a','Bradtke','Miss Jaida Bednar II','Heber','yundt.halle@yahoo.com','O+',2,'+1.559.947.3548','2015-10-11','Natus amet fuga temporibus et. Voluptatem nesciunt ut quo. Magni excepturi blanditiis ea aut officia magnam. Omnis dicta sint sunt odit eveniet eaque.','17199 Wiza Fork\nLake Kyleighhaven, IL 25453-5083','$2y$10$92IXUNpkjO0rOQ5byMi.Ye4oKoEa3Ro9llC/.og/at2.uheWG/igi','d5f24768-bacd-4b2c-b64b-2d21ed50e54d','App\\Models\\Student','2024-01-30 14:21:07','2024-01-30 14:21:07',NULL),('93160817-fb17-4376-8aa3-df2765f2e541','Stracke','Lucy Erdman','Adah','sharon38@schuster.org','AB-',1,'+1 (314) 451-2705','2022-04-26','Repellendus veniam vero voluptates perferendis sit fugit quaerat. Assumenda atque quis voluptas inventore. Soluta harum voluptas vel quo vel et placeat.','12722 Bayer Mount\nNew Dessiemouth, MT 79223','$2y$10$92IXUNpkjO0rOQ5byMi.Ye4oKoEa3Ro9llC/.og/at2.uheWG/igi','009e5bb1-8c8a-4e63-830f-a36cd8c8244f','App\\Models\\Student','2024-01-30 14:21:07','2024-01-30 14:21:07',NULL),('934a888e-6d57-48a6-a703-a3938373872b','Wyman','Mr. Rhiannon Weissnat Sr.','Clinton','sydnee79@hotmail.com','A-',2,'740-840-6379','2018-05-02','Et aperiam ut amet explicabo in. Sunt ab et est qui omnis fugiat enim iure. Alias esse omnis qui aut. Omnis omnis blanditiis inventore laudantium minus inventore.','7577 Wyman Motorway Suite 441\nNew Alene, NH 05906-4065','$2y$10$92IXUNpkjO0rOQ5byMi.Ye4oKoEa3Ro9llC/.og/at2.uheWG/igi','28d82158-1b2f-446d-bc78-d272017b9b2d','App\\Models\\Student','2024-01-30 14:21:07','2024-01-30 14:21:07',NULL),('9377e65b-15ae-483a-a38c-b74ee7176b39','Champlin','Prof. Mandy Boyle I','Makenna','knicolas@pfeffer.com','AB-',1,'540.729.2094','2017-04-22','Mollitia accusantium autem nemo quos. Eveniet iusto libero voluptatibus et et aut ea. In a dolore hic.','6913 Green Park\nKeaganborough, MN 64808-5399','$2y$10$92IXUNpkjO0rOQ5byMi.Ye4oKoEa3Ro9llC/.og/at2.uheWG/igi','ed282240-5805-49ab-8b24-de13d0f6ca9e','App\\Models\\Guardian','2024-01-30 14:21:06','2024-01-30 14:21:06',NULL),('93abb203-9462-427d-a0fc-202bb533af8f','Rice','Emiliano Waters DDS','Maximillian','dickens.clemmie@yahoo.com','O+',1,'380-491-6256','2015-06-25','Non aliquid asperiores itaque. Adipisci ratione magnam voluptas autem. Odit dolores porro modi nam. Rerum ut repellendus rerum est et eos et. Iure ratione minima voluptatibus.','4924 Malika Wells\nNew Breanne, MI 31562-5260','$2y$10$92IXUNpkjO0rOQ5byMi.Ye4oKoEa3Ro9llC/.og/at2.uheWG/igi','1f13466f-6a9b-489b-a49d-bc4329b06f3b','App\\Models\\Student','2024-01-30 14:21:08','2024-01-30 14:21:08',NULL),('946aa919-e1e9-4743-8c9b-9916da99f209','Conn','Prof. Kirsten Murazik V','Zachery','rogers.bode@hotmail.com','A-',2,'321.516.2939','2018-05-03','Quae eum ullam praesentium veniam aut occaecati voluptas. Pariatur adipisci debitis at veniam amet vero omnis. Est accusamus nihil ullam vel magnam mollitia.','35930 Farrell Brook\nWolffort, NC 15234','$2y$10$92IXUNpkjO0rOQ5byMi.Ye4oKoEa3Ro9llC/.og/at2.uheWG/igi','4cd7f61e-7ed5-4ff4-a20c-23441847f952','App\\Models\\Student','2024-01-30 14:21:08','2024-01-30 14:21:08',NULL),('947fc398-7034-4afc-b05b-9c1416d14d9b','Boehm','Cindy Gibson DDS','Timothy','twila.thompson@hotmail.com','A-',1,'1-205-292-0510','2021-05-17','Sunt sit ea vero vel repudiandae a. Ex dolorem fugit deserunt aut. Nihil et autem ea quidem.','276 Brown Hills\nParisianfurt, TX 88590','$2y$10$92IXUNpkjO0rOQ5byMi.Ye4oKoEa3Ro9llC/.og/at2.uheWG/igi','3a201100-f535-4f25-8487-9f9c082502ef','App\\Models\\Teacher','2024-01-30 14:21:05','2024-01-30 14:21:05',NULL),('97ba9c6d-4678-4e81-b255-6e49b8727ba2','Harber','Dr. Bennett Ziemann','Zola','pagac.demond@hotmail.com','A-',1,'(225) 975-8058','2022-08-20','Autem aspernatur modi ut esse excepturi facilis porro qui. Eaque et et provident amet nihil natus exercitationem quia.','422 Goldner Prairie\nHicklehaven, ND 59360-7488','$2y$10$92IXUNpkjO0rOQ5byMi.Ye4oKoEa3Ro9llC/.og/at2.uheWG/igi','cc28d11a-fe2f-437d-8575-07a72a38244d','App\\Models\\Guardian','2024-01-30 14:21:06','2024-01-30 14:21:06',NULL),('9a8d9076-7747-4a12-a874-1ea59999ce07','Leannon','Prof. Eino Jaskolski','Alejandra','maxwell24@gulgowski.com','O+',2,'+15856392690','2015-08-06','Illo officiis tempora laborum quae ut. Voluptas natus et ea. Cupiditate earum hic omnis officia ut.','17654 Eichmann Villages Apt. 749\nNorth Amari, MN 11152','$2y$10$92IXUNpkjO0rOQ5byMi.Ye4oKoEa3Ro9llC/.og/at2.uheWG/igi','da4a5973-349c-469f-a2ee-b46fe2b44c01','App\\Models\\Guardian','2024-01-30 14:21:06','2024-01-30 14:21:06',NULL),('9be4d6a1-97c5-49f2-82ac-ff7fd2627ea0','Smitham','Stephan Cormier','Hiram','wehner.merle@schaefer.com','A+',1,'+16816582221','2023-01-05','Numquam delectus sapiente accusantium similique. Ipsum non ipsum sint tempora dolorem.','51821 Ullrich Cliffs Apt. 177\nSouth Burdette, SD 05203','$2y$10$92IXUNpkjO0rOQ5byMi.Ye4oKoEa3Ro9llC/.og/at2.uheWG/igi','229fc549-d421-4033-a264-cb1d5669b784','App\\Models\\Teacher','2024-01-30 14:21:05','2024-01-30 14:21:05',NULL),('9c85133b-c840-4023-9b76-92df8d6cfab9','Hessel','Alexzander Steuber','Kyleigh','kovacek.cassie@yahoo.com','O+',1,'351-532-6456','2022-06-06','Nihil id sed voluptatem pariatur. Deserunt necessitatibus sapiente sunt atque. Autem deserunt vel quia quos. Minus dignissimos soluta reprehenderit ratione nisi ipsa.','2447 Aisha Passage\nLake Arliestad, CO 29511','$2y$10$92IXUNpkjO0rOQ5byMi.Ye4oKoEa3Ro9llC/.og/at2.uheWG/igi','d9f7ca11-047e-49ed-8f07-50b708e1f7e5','App\\Models\\Student','2024-01-30 14:21:08','2024-01-30 14:21:08',NULL),('9e35c6dd-423b-4c6d-bb88-57e0af7d262b','Abshire','Miss Della Emard','Marcus','xcorwin@yahoo.com','O+',2,'478.379.4501','2017-07-04','Unde repellat molestiae inventore. Quam provident placeat sint ut dignissimos. Non nisi id atque repellendus. Consequatur harum quis sed enim provident at sed.','473 Kailyn Place Suite 774\nLake Kristopher, CO 42450','$2y$10$92IXUNpkjO0rOQ5byMi.Ye4oKoEa3Ro9llC/.og/at2.uheWG/igi','f2dfcb54-9a35-487f-9aac-7dfb12e4679f','App\\Models\\Administrator','2024-01-30 14:10:42','2024-01-30 14:10:42',NULL),('9e5873a4-e3c3-4b2c-ac2b-87e951ba9b06','Nader','Laura King','Keagan','sasha54@yahoo.com','O-',1,'+1-763-845-9693','2021-03-14','Quas aut est tenetur sunt qui. Consectetur aut blanditiis rem maxime. Eos blanditiis laborum et ea et. Laborum tempora quasi tempore maxime assumenda atque expedita.','361 Parisian Isle Apt. 492\nDooleychester, MO 29727','$2y$10$92IXUNpkjO0rOQ5byMi.Ye4oKoEa3Ro9llC/.og/at2.uheWG/igi','228636df-1f24-4faa-a56e-e1851fbbeb13','App\\Models\\Guardian','2024-01-30 14:21:06','2024-01-30 14:21:06',NULL),('9e7f5001-f6c3-4131-a726-6e37cfb575ba','McClure','Claudine King','Wayne','ivy58@yahoo.com','AB-',2,'+1-740-809-7492','2020-07-16','Nesciunt est dolores debitis aperiam. Aut delectus et porro ut commodi aut excepturi quis. A sint qui ipsa id libero unde consequatur.','871 Braun Canyon Suite 974\nBlandamouth, MS 98337','$2y$10$92IXUNpkjO0rOQ5byMi.Ye4oKoEa3Ro9llC/.og/at2.uheWG/igi','a9370c0b-e01f-4b93-8ce4-0f01fbcba058','App\\Models\\Student','2024-01-30 14:21:07','2024-01-30 14:21:07',NULL),('9e9c34fc-6c70-47fc-9c6f-b8d182dd2cb6','Wolff','Toney Haag','Kavon','kihn.hans@yahoo.com','A+',2,'+1-712-313-2393','2015-11-24','Velit nostrum et debitis eos porro eum. Ad enim quidem et aut officia consequatur harum.','3463 Olson Mill\nLake Velma, HI 59264-5992','$2y$10$92IXUNpkjO0rOQ5byMi.Ye4oKoEa3Ro9llC/.og/at2.uheWG/igi','92bfb97b-6942-45a6-9850-53e1eaf10811','App\\Models\\Student','2024-01-30 14:21:08','2024-01-30 14:21:08',NULL),('9eb1fcb5-8b8c-414a-adde-44eefba1b950','Dietrich','Dr. Allie Schaden','Georgette','ondricka.frederic@gmail.com','B-',1,'515-766-7717','2020-07-22','Cupiditate et quia iusto totam maiores non. Vero nisi aspernatur non est corrupti. Rerum assumenda et quisquam.','663 Karolann Loop\nAnkundingfurt, TX 98868-0369','$2y$10$92IXUNpkjO0rOQ5byMi.Ye4oKoEa3Ro9llC/.og/at2.uheWG/igi','fd9d2d6d-a64a-4ded-8aa7-ebb2efdbd40d','App\\Models\\Student','2024-01-30 14:21:08','2024-01-30 14:21:08',NULL),('9eb5a6ea-918c-44ad-9a12-bad9eeb78c12','Brakus','Victor Rippin','Coty','zula.pagac@hotmail.com','O-',2,'208.266.6932','2014-08-24','Quasi qui consectetur rerum aliquam atque facere. Excepturi illum est et beatae aut aliquid. Dolores tempora eius enim qui iste tempore aut.','50204 Aufderhar Fords\nNorth Roger, GA 75855-9538','$2y$10$92IXUNpkjO0rOQ5byMi.Ye4oKoEa3Ro9llC/.og/at2.uheWG/igi','24d833d3-c71b-43c5-a50d-b7358cfbe4e2','App\\Models\\Student','2024-01-30 14:21:09','2024-01-30 14:21:09',NULL),('9f5c5644-710a-4681-a257-6900490faacf','Casper','Laurence Douglas DDS','Luis','ugerlach@leuschke.org','AB-',2,'(626) 922-5217','2018-12-07','Unde sit natus minima et. Recusandae ipsum iure consequatur voluptatibus iusto. Dolorem beatae doloribus voluptatibus quo ut.','4396 Farrell Corner\nPacochastad, RI 41363','$2y$10$92IXUNpkjO0rOQ5byMi.Ye4oKoEa3Ro9llC/.og/at2.uheWG/igi','e811def5-18c7-4917-b668-96512250ada6','App\\Models\\Student','2024-01-30 14:21:08','2024-01-30 14:21:08',NULL),('a35b2f19-adfe-41cb-965c-1bf1694344d7','Moore','Andreane Marks','America','ndicki@yahoo.com','O-',2,'1-352-784-6891','2014-10-12','Aperiam repellat eos a et soluta culpa. Quas repellendus dolor omnis eum unde aut excepturi. Aspernatur voluptatem consequuntur quis voluptas aut.','47911 Vickie Pine Apt. 193\nFerminshire, IN 34896','$2y$10$92IXUNpkjO0rOQ5byMi.Ye4oKoEa3Ro9llC/.og/at2.uheWG/igi','bb76988e-d904-43fa-8ecb-61efd53f778a','App\\Models\\Student','2024-01-30 14:21:07','2024-01-30 14:21:07',NULL),('a3a6f5e4-0e9c-4daf-9505-7c1aeefddbab','Mraz','Clementine Koepp','Alessandro','zkiehn@bechtelar.biz','B+',2,'281-243-8819','2020-06-09','Quia quo quia repudiandae autem. Ipsam natus ipsam et. Eveniet quis eius placeat aliquam illo accusantium. Expedita necessitatibus ut tempora beatae maxime totam nesciunt consectetur.','6802 Rogahn Ways\nNorth Austin, AR 45936-0651','$2y$10$92IXUNpkjO0rOQ5byMi.Ye4oKoEa3Ro9llC/.og/at2.uheWG/igi','98ffdd14-8928-46fd-8cb6-e0a756a80ffd','App\\Models\\Guardian','2024-01-30 14:21:06','2024-01-30 14:21:06',NULL),('a7178795-c2a9-416f-8824-d10b65928aed','Funk','Olaf Cruickshank','Margie','iluettgen@raynor.net','AB+',2,'+1.626.545.7466','2014-09-05','Qui ut sint qui iste voluptates. Eos quae aut quisquam. Non nesciunt recusandae itaque et. Aut ab perferendis autem suscipit veritatis. Debitis soluta tenetur qui quia cupiditate reiciendis.','810 Feest Gardens Suite 725\nProsaccofurt, KS 14559-9536','$2y$10$92IXUNpkjO0rOQ5byMi.Ye4oKoEa3Ro9llC/.og/at2.uheWG/igi','0cc84d82-4114-4845-8421-0e46258552f1','App\\Models\\Student','2024-01-30 14:21:07','2024-01-30 14:21:07',NULL),('a71ad2db-defd-41cc-bd9b-7547b1d36fdc','Dietrich','Velma Cruickshank','Breanne','gunner.harber@hotmail.com','O-',2,'1-909-423-2814','2018-03-01','Et expedita dicta omnis sint sit harum et. Est consequatur ut aut voluptates. Odio ipsum repellat repellat velit est fugit.','80509 Oceane Spring\nPort Christianafurt, KS 48309','$2y$10$92IXUNpkjO0rOQ5byMi.Ye4oKoEa3Ro9llC/.og/at2.uheWG/igi','ded000e5-9296-466d-8635-c5f65c02fbaa','App\\Models\\Teacher','2024-01-30 14:21:05','2024-01-30 14:21:05',NULL),('a80f6232-ee82-42f3-8f06-a5612b9f1227','O\'Hara','Kayla Champlin','Amelia','camden00@mayert.com','AB+',2,'606.885.3003','2023-08-20','Neque est quasi vel tenetur aliquid. Harum non ipsa repellat. Ipsam architecto voluptates velit. Dicta numquam aspernatur ab sunt.','4430 Frederik Crossing\nMarvinfurt, WI 58710-1424','$2y$10$92IXUNpkjO0rOQ5byMi.Ye4oKoEa3Ro9llC/.og/at2.uheWG/igi','23c51fb0-9f77-4d0c-aa22-92522a845c8a','App\\Models\\Administrator','2024-01-30 14:12:39','2024-01-30 14:12:39',NULL),('a8d0b316-c651-40fa-b3f7-1545956ccf4f','Wilkinson','Dr. Ronny Boyer','June','april41@yahoo.com','B+',1,'573.618.4578','2021-08-21','Dicta veniam officia sed sit. Omnis id repellat repudiandae ut eos sit et. Et dolor dolorem explicabo quos. Neque maiores ea aut hic maxime.','204 Friedrich Gateway Suite 431\nEast Alenahaven, CT 43020','$2y$10$92IXUNpkjO0rOQ5byMi.Ye4oKoEa3Ro9llC/.og/at2.uheWG/igi','effa2c66-87e1-4437-9935-f816c6b248a5','App\\Models\\Student','2024-01-30 14:21:08','2024-01-30 14:21:08',NULL),('aac33b92-6e6d-4a26-9e09-197ad1288981','Ledner','Dr. Blair Mohr PhD','Lacey','marks.elsa@padberg.net','AB+',1,'339-992-0305','2015-03-30','Amet quia laudantium ut. Est dolor hic voluptas ut aspernatur. Aut eligendi reiciendis quidem pariatur dignissimos. Mollitia minus magni laborum qui.','619 Dickens Grove\nNorth Raymundo, SC 32069','$2y$10$92IXUNpkjO0rOQ5byMi.Ye4oKoEa3Ro9llC/.og/at2.uheWG/igi','0a1ba145-3138-470a-98d0-b167aecd01ae','App\\Models\\Guardian','2024-01-30 14:21:06','2024-01-30 14:21:06',NULL),('aceaaf31-dc47-4610-8420-df8548f3f1bb','Goodwin','Trevor Kozey','Abagail','johnpaul80@yahoo.com','AB+',2,'+1-539-460-3592','2019-02-26','Ut explicabo aut expedita cum. Qui ex in voluptatem velit aut. Ex laboriosam dolores suscipit.','965 Bosco Flat\nPort Antonietta, MO 27549-6923','$2y$10$92IXUNpkjO0rOQ5byMi.Ye4oKoEa3Ro9llC/.og/at2.uheWG/igi','8cab8868-6d40-498b-bb87-b8957bfcbf37','App\\Models\\Student','2024-01-30 14:21:07','2024-01-30 14:21:07',NULL),('b0286d4c-fd36-4ede-8707-63d0ea9561d6','White','Miss Ethyl Hayes','Crystal','alda63@gmail.com','O+',1,'+1-270-487-5381','2017-06-21','Amet reprehenderit odit quae culpa. Sapiente ea aut omnis eveniet quaerat officia consequatur. Enim velit facilis recusandae nostrum ut. Sit architecto quam repellat consequatur quia est.','33695 Cielo Mountain\nWalshview, TN 23655','$2y$10$92IXUNpkjO0rOQ5byMi.Ye4oKoEa3Ro9llC/.og/at2.uheWG/igi','6c201624-526a-490b-a251-6f0e469c9205','App\\Models\\Teacher','2024-01-30 14:21:05','2024-01-30 14:21:05',NULL),('b128872e-fb32-4e28-9822-648d5756ad6e','Hagenes','Rubye Kutch','Piper','velva89@waelchi.com','O-',2,'662-527-6025','2015-06-30','Amet optio dolor excepturi esse. Quasi est explicabo quasi dolorem quibusdam. Atque ipsum soluta quia aliquid ut dignissimos illo autem.','5701 Klocko Gardens Apt. 876\nOlinside, FL 08067-4362','$2y$10$92IXUNpkjO0rOQ5byMi.Ye4oKoEa3Ro9llC/.og/at2.uheWG/igi','931af2ab-3a1a-4883-960a-67089d222f11','App\\Models\\Student','2024-01-30 14:21:08','2024-01-30 14:21:08',NULL),('b1ca306d-0d9d-48d5-b845-bbe23fceb515','Cormier','Sheila Bernier','Kaycee','xziemann@gmail.com','A-',1,'319-665-9312','2023-06-01','Saepe qui exercitationem ipsa repudiandae tempora dolore itaque fuga. Suscipit sit nihil sed minima sit pariatur rerum. Ducimus animi rerum voluptatibus temporibus voluptas accusantium eos.','33919 Collier Trafficway\nNew Jailynchester, ME 58459-1811','$2y$10$92IXUNpkjO0rOQ5byMi.Ye4oKoEa3Ro9llC/.og/at2.uheWG/igi','d329975e-df9a-419e-a75d-abdbe2236579','App\\Models\\Guardian','2024-01-30 14:21:06','2024-01-30 14:21:06',NULL),('b25f4b22-a360-4955-b0cd-c1d12b4b49eb','Waters','Kenya Rempel','Kaden','trevion30@gmail.com','O-',2,'380-828-5215','2014-03-20','Quod ut commodi maxime sapiente asperiores. Voluptate et enim quas eum. Ab ut aut quidem nihil impedit corrupti quia. Velit fugiat est labore.','9070 Ebert Mission\nPort Alize, ME 68173','$2y$10$92IXUNpkjO0rOQ5byMi.Ye4oKoEa3Ro9llC/.og/at2.uheWG/igi','daaefba2-c1d8-4172-b9dd-14df68c529f8','App\\Models\\Guardian','2024-01-30 14:21:06','2024-01-30 14:21:06',NULL),('b487e109-9091-48fb-988b-4b58585512c6','Mayert','Loma Deckow III','Nicolas','jgutkowski@mraz.biz','O-',2,'860.327.3697','2018-02-19','Totam in perspiciatis saepe dolorem et sunt corrupti. Voluptas aut in et ut. Enim voluptas nisi dolor aut voluptatem omnis quis accusamus. Ut beatae omnis qui sapiente.','4374 Braun Lane\nSouth Margieport, NV 10625-8278','$2y$10$92IXUNpkjO0rOQ5byMi.Ye4oKoEa3Ro9llC/.og/at2.uheWG/igi','5c89b1db-d5fb-4a6f-9da7-a4fc6ff52d56','App\\Models\\Student','2024-01-30 14:21:07','2024-01-30 14:21:07',NULL),('b7617476-76ef-43c1-9964-8d33b3cfe39e','Mante','Arlie Crist','Mariah','arianna45@bahringer.com','O+',2,'+1-463-858-4532','2022-06-22','Explicabo voluptatem natus in fuga distinctio velit. Voluptas quis ut quisquam tempore omnis qui voluptatem. Enim reiciendis rerum voluptatem omnis exercitationem optio.','190 Bauch River Apt. 851\nKenyonmouth, HI 12940-6999','$2y$10$92IXUNpkjO0rOQ5byMi.Ye4oKoEa3Ro9llC/.og/at2.uheWG/igi','52502b88-99a6-4ddf-9519-a8fc5d623d78','App\\Models\\Guardian','2024-01-30 14:21:06','2024-01-30 14:21:06',NULL),('b7697c39-0a29-41e1-a485-226f7f715c19','Parker','Ellis Schoen','Payton','harry06@hotmail.com','A+',2,'754-750-8271','2023-08-04','Eum ut sint libero beatae ut. Ducimus non earum sapiente. Aspernatur ipsam omnis asperiores dolores vitae. Doloremque similique dolores aliquam officia dolore.','7948 Altenwerth Coves Suite 517\nOmerberg, KS 16176-3747','$2y$10$92IXUNpkjO0rOQ5byMi.Ye4oKoEa3Ro9llC/.og/at2.uheWG/igi','2e7d1ea5-00bc-4f29-aeb1-1461a873bea6','App\\Models\\Guardian','2024-01-30 14:21:06','2024-01-30 14:21:06',NULL),('bc0adcd9-9a88-4976-a419-751399d50368','Kulas','Tessie Nader','Osborne','weber.maxime@hotmail.com','O+',1,'(737) 905-9827','2017-04-27','Sapiente voluptatem assumenda voluptatem quo sit quia omnis. Minima ab cupiditate atque porro. Eos et tempora odit tenetur explicabo.','7222 Dorthy Summit\nLake Shaylee, PA 04892','$2y$10$92IXUNpkjO0rOQ5byMi.Ye4oKoEa3Ro9llC/.og/at2.uheWG/igi','ffc741ae-c985-4588-bc23-13f4a363b19f','App\\Models\\Guardian','2024-01-30 14:21:06','2024-01-30 14:21:06',NULL),('bcfe507f-8938-490d-ac27-925f0a295d1a','Cronin','Sincere Feil','Fleta','mathilde67@kessler.com','AB+',1,'916-432-5227','2014-02-25','Ad accusamus est accusamus ut quasi ratione doloremque quia. Error veniam incidunt aperiam sapiente necessitatibus amet. Voluptatem consequatur praesentium sunt assumenda.','2829 Deven Haven\nWest Lizzie, WA 65544','$2y$10$92IXUNpkjO0rOQ5byMi.Ye4oKoEa3Ro9llC/.og/at2.uheWG/igi','3fdddd39-b0be-4adf-a6f4-6088c99dae92','App\\Models\\Student','2024-01-30 14:21:08','2024-01-30 14:21:08',NULL),('be621d09-ef3c-46e0-b419-3d8818674901','Crona','Nat Zulauf','Cristobal','eleazar19@hotmail.com','A+',1,'(430) 692-6123','2016-01-06','Quae vel recusandae laudantium eos non vitae. Et omnis sint voluptatum molestias laudantium ratione. Odit esse exercitationem officiis unde. Qui est quod temporibus molestias voluptatibus ad facilis.','552 Baumbach Loaf\nReynoldston, NE 90847','$2y$10$92IXUNpkjO0rOQ5byMi.Ye4oKoEa3Ro9llC/.og/at2.uheWG/igi','015b0930-ed0c-4348-810e-07de8119b08c','App\\Models\\Student','2024-01-30 14:21:08','2024-01-30 14:21:08',NULL),('be8df751-f92a-417f-a05f-0f72046572a1','Kassulke','Mrs. Alize Harris','Golda','aric16@kessler.biz','O-',1,'+1-820-724-2162','2016-02-28','Error maxime est laudantium laborum vitae. Facere odio porro vero autem. In explicabo asperiores qui nihil. In maiores qui doloribus animi saepe autem cum. Fugit consequuntur est et maxime.','186 Sophia Mission Apt. 395\nWehnermouth, MD 74527','$2y$10$92IXUNpkjO0rOQ5byMi.Ye4oKoEa3Ro9llC/.og/at2.uheWG/igi','72edf087-2177-4aec-b123-5a61d07706b2','App\\Models\\Guardian','2024-01-30 14:21:06','2024-01-30 14:21:06',NULL),('bf697e7a-a943-458f-a816-25939d596ae3','Hamill','Dr. Jordan Gutkowski','Fabiola','gonzalo.walter@barton.info','A-',1,'1-281-792-2303','2014-03-05','Eaque rerum vel et dolor aut velit quas. Eius quas ut culpa porro et voluptate magni. Consequuntur nulla nobis deserunt odio. Sed reiciendis sit aperiam est mollitia aut architecto nesciunt.','715 Prudence Shoal\nBinsbury, CO 35378','$2y$10$92IXUNpkjO0rOQ5byMi.Ye4oKoEa3Ro9llC/.og/at2.uheWG/igi','f2a2eb3f-b41c-49e3-99fd-55030d1c5243','App\\Models\\Student','2024-01-30 14:21:09','2024-01-30 14:21:09',NULL),('c072f081-1f1a-4903-9a50-39ffff96e688','Pacocha','Meredith Harber','Abigail','schneider.alayna@simonis.com','AB+',1,'+15804166199','2019-09-26','Dolores dolorum similique nulla nemo ut totam. Accusamus omnis vel libero occaecati. Atque esse autem consequatur sapiente velit maxime sit.','94892 Leo Circle Suite 391\nPort Mafalda, GA 18116','$2y$10$92IXUNpkjO0rOQ5byMi.Ye4oKoEa3Ro9llC/.og/at2.uheWG/igi','79346667-07bb-4520-8f96-bb184cbdf3cc','App\\Models\\Student','2024-01-30 14:21:09','2024-01-30 14:21:09',NULL),('c20c1b7e-824f-4292-91cf-b3cd4f915569','Lang','Halie Bosco','Jay','voconner@ziemann.com','O+',1,'704.854.7660','2014-11-04','Atque nihil tempora soluta ex nulla id. In temporibus dolorum cum sint ipsam. Error aspernatur omnis eveniet pariatur. Illum soluta nihil officiis quod et molestiae debitis totam.','9991 Weissnat Mills Apt. 414\nStrosinview, AZ 33578','$2y$10$92IXUNpkjO0rOQ5byMi.Ye4oKoEa3Ro9llC/.og/at2.uheWG/igi','742dcd69-f9cd-4f5c-aa04-4f2d9934fc41','App\\Models\\Teacher','2024-01-30 14:21:04','2024-01-30 14:21:04',NULL),('c2464d54-c477-4b3d-a5a1-41dcf6e3ee8b','Schmitt','Mrs. Amalia Schowalter','Peyton','robyn00@yahoo.com','B+',2,'+1 (929) 548-2876','2014-03-15','Et et officia non sint sint id nihil vitae. Fuga nesciunt aut est provident. Veniam alias magnam ut qui odit officiis neque. Aut asperiores ratione consectetur incidunt eos qui aut.','185 Harris Meadows\nWaelchiside, MT 18623-0742','$2y$10$92IXUNpkjO0rOQ5byMi.Ye4oKoEa3Ro9llC/.og/at2.uheWG/igi','6a3f8b70-16ac-4e2e-aba4-2477b4e26458','App\\Models\\Teacher','2024-01-30 14:21:05','2024-01-30 14:21:05',NULL),('c42302b3-4e01-41ac-87da-0233c891c8a3','Botsford','Mandy Block Sr.','Shayna','greta.fritsch@hotmail.com','AB+',1,'949-460-9404','2017-01-21','Laboriosam iste tempore sed molestiae facilis at. Dolor ab quaerat laborum repellendus rerum.','9143 Lacy Brook Suite 842\nDonnellychester, AR 71359-8259','$2y$10$92IXUNpkjO0rOQ5byMi.Ye4oKoEa3Ro9llC/.og/at2.uheWG/igi','952e36d3-fa32-4a60-a72b-cdeaa0c0322c','App\\Models\\Guardian','2024-01-30 14:21:05','2024-01-30 14:21:05',NULL),('c44e7493-96fa-4615-9179-ab4adfa499f0','Bayer','Zita Cassin','Lily','olga.bode@hotmail.com','AB+',1,'+1 (805) 862-6087','2023-05-09','Rem id numquam vitae nisi nisi. Hic quia voluptatem reiciendis dolor maxime nihil dolorem. Cupiditate autem ut est minus aspernatur.','72124 Johathan Turnpike\nGoldnerside, MI 25392-0155','$2y$10$92IXUNpkjO0rOQ5byMi.Ye4oKoEa3Ro9llC/.og/at2.uheWG/igi','61a6eab1-b9cf-456c-9a1c-9ee6025d2ede','App\\Models\\Student','2024-01-30 14:21:08','2024-01-30 14:21:08',NULL),('c50fc228-d2f9-48a5-8723-005b8d31242a','Hermann','Katlyn Wuckert Sr.','Koby','johnson.sherman@hotmail.com','O+',2,'+12315677168','2021-05-10','Maxime nobis molestias consequatur blanditiis eaque. Laborum aut quia blanditiis iusto minus iusto ut. Et nulla nesciunt nihil rerum vel dolores omnis. Rerum et voluptatem molestias quo.','85331 Will Park\nJaydonview, MN 99238-5720','$2y$10$92IXUNpkjO0rOQ5byMi.Ye4oKoEa3Ro9llC/.og/at2.uheWG/igi','630533e4-6791-46b1-aad4-54f0af0fcfa5','App\\Models\\Student','2024-01-30 14:21:07','2024-01-30 14:21:07',NULL),('c7573ec2-7225-470e-837b-4e9e1a0bbb3d','Grady','Dr. Willy O\'Conner II','Sonny','vivien23@gmail.com','B-',1,'442-482-1576','2014-12-17','Veniam magni quia ab voluptatibus. Magni fugiat maiores qui quis aliquam sed et. In quibusdam saepe et deleniti ipsam quas. Quidem est rerum hic. Eos neque exercitationem dolorem et quos.','9432 Kreiger Roads Apt. 246\nSouth Mohamed, OH 16895-0212','$2y$10$92IXUNpkjO0rOQ5byMi.Ye4oKoEa3Ro9llC/.og/at2.uheWG/igi','8b1a404d-6e9d-4c29-810d-9032a77fc9c9','App\\Models\\Student','2024-01-30 14:21:07','2024-01-30 14:21:07',NULL),('c83a109b-12d1-4be5-b583-c793c76f93a1','Kub','Stacey Hackett','Madison','pconn@kuhn.com','B+',1,'1-510-569-6683','2015-08-25','Tempora quas voluptatibus alias molestiae delectus sed. Repellat ipsa et dolorum consequatur error qui amet quaerat. Omnis voluptate modi perspiciatis ut blanditiis dolorem molestiae reprehenderit.','640 Bogan Points\nWest Dorthyside, IL 16099-2106','$2y$10$92IXUNpkjO0rOQ5byMi.Ye4oKoEa3Ro9llC/.og/at2.uheWG/igi','b71178f5-33db-4840-ae96-b72cdf03f258','App\\Models\\Student','2024-01-30 14:21:08','2024-01-30 14:21:08',NULL),('c9a6b905-baab-4072-967d-48784249a93c','Kovacek','Jarrett Macejkovic','Ila','tyrell.goodwin@ernser.biz','O-',2,'1-781-529-0471','2014-05-02','Perspiciatis ea vero eos illum dicta doloribus dolore. Vel ut quia quas veritatis. Quasi quia id asperiores ad.','214 Wiegand Parkway Suite 854\nMillsborough, MO 93916','$2y$10$92IXUNpkjO0rOQ5byMi.Ye4oKoEa3Ro9llC/.og/at2.uheWG/igi','163a3137-c559-47c9-a6b0-ce92d56fa5e7','App\\Models\\Guardian','2024-01-30 14:21:06','2024-01-30 14:21:06',NULL),('ca1279ed-bbfe-4c7c-ab3e-be8f703908a2','Fadel','Jaime Ondricka','Kamille','gleason.alf@lang.com','A+',2,'1-240-764-4791','2014-04-22','Facilis tenetur nemo dolorem voluptas natus laudantium aut nisi. A consectetur et ullam. Vel omnis enim dolorem velit eum qui. Reprehenderit eius magnam quasi nam et et minima.','59817 Donavon Extensions Apt. 146\nWest Damariston, ND 21667','$2y$10$92IXUNpkjO0rOQ5byMi.Ye4oKoEa3Ro9llC/.og/at2.uheWG/igi','71ece9b2-638e-4998-a198-8d5ea37531a8','App\\Models\\Guardian','2024-01-30 14:21:06','2024-01-30 14:21:06',NULL),('cc3404d3-5d5a-4eb1-9cef-fa95e392ab6e','Kunde','Oscar Kutch MD','Halie','sarai03@yahoo.com','A-',2,'513.579.0402','2019-12-17','Dolores aperiam autem laboriosam esse voluptatibus. Voluptas autem rerum et sapiente. Molestiae doloribus qui quam ut eaque deleniti.','4833 Montana Summit Apt. 895\nSouth Mertiestad, NH 76013','$2y$10$92IXUNpkjO0rOQ5byMi.Ye4oKoEa3Ro9llC/.og/at2.uheWG/igi','8f2ae499-cba3-4187-a541-094828242015','App\\Models\\Student','2024-01-30 14:21:08','2024-01-30 14:21:08',NULL),('ccf9b3c2-2531-40b6-85e5-1b0bf94cb7b9','Farrell','Shirley Abbott II','Erich','oarmstrong@haag.org','B+',1,'(937) 239-0207','2021-06-10','Vel natus placeat quo maxime impedit odit. Aut libero sed corporis quis doloremque quam id tempore. Quia minima enim et.','2396 Viola Ford\nWunschbury, SC 08358-4822','$2y$10$92IXUNpkjO0rOQ5byMi.Ye4oKoEa3Ro9llC/.og/at2.uheWG/igi','5ebba1a1-45e1-4850-8835-cae4c3f2f9d2','App\\Models\\Administrator','2024-01-30 14:21:04','2024-01-30 14:21:04',NULL),('cfa13bc6-afe3-464c-bb51-d9be7ed5d909','Wunsch','Josiah Hickle','Abe','dora.buckridge@hotmail.com','A-',2,'+1-480-812-8381','2020-03-22','Aliquid illo ipsa optio modi et voluptas possimus. Quo ea praesentium magnam quo eos. Ea beatae non est cum. Praesentium blanditiis architecto beatae sunt unde consequatur.','3215 Pagac Greens\nNorth Breannaborough, DE 52964','$2y$10$92IXUNpkjO0rOQ5byMi.Ye4oKoEa3Ro9llC/.og/at2.uheWG/igi','fef696e1-6b36-4ff8-b035-c0748a55beeb','App\\Models\\Guardian','2024-01-30 14:21:06','2024-01-30 14:21:06',NULL),('d042c9fa-ef43-4354-9f40-b4af60f5e2c0','Carter','Friedrich Sawayn','Arch','clakin@gmail.com','AB-',2,'+12707725650','2016-07-08','Aut eveniet quia ullam sit non commodi quis. Et ipsam blanditiis nihil reiciendis optio magni officia. Accusamus sed ullam iure hic veniam doloribus. Esse nihil et possimus excepturi.','1042 Johnson Inlet\nNorth Tamarahaven, NV 69999-8004','$2y$10$92IXUNpkjO0rOQ5byMi.Ye4oKoEa3Ro9llC/.og/at2.uheWG/igi','01b79b19-bf4a-4b4b-a005-9e9420c93bd2','App\\Models\\Guardian','2024-01-30 14:21:05','2024-01-30 14:21:05',NULL),('d081bc87-6f10-4d00-b65b-3ccdd99cc33f','Schroeder','Dr. Newell Bernier DVM','Adam','lcole@gmail.com','O+',2,'+1-740-510-4298','2023-07-12','Cumque non cupiditate aut placeat commodi dolor. Tempore nesciunt pariatur et dolor quia. Blanditiis ut odio necessitatibus aut distinctio nulla. Qui voluptatem beatae est placeat quia placeat.','88082 Gaylord Fords Apt. 715\nMayerview, MT 29317','$2y$10$92IXUNpkjO0rOQ5byMi.Ye4oKoEa3Ro9llC/.og/at2.uheWG/igi','6a0568e3-068e-406c-af22-105c926ea5fc','App\\Models\\Teacher','2024-01-30 14:21:05','2024-01-30 14:21:05',NULL),('d17be828-f8e0-41c6-bc67-3d73dc90d049','Lowe','Lazaro Gusikowski','Marquise','moriah.smith@buckridge.com','A+',2,'+1-959-883-5537','2015-08-06','Culpa omnis qui dolorum omnis quia omnis adipisci. Et et vel consequuntur fugit iusto illum voluptas placeat.','4941 Bert Summit\nLindgrenburgh, MO 29505-3283','$2y$10$92IXUNpkjO0rOQ5byMi.Ye4oKoEa3Ro9llC/.og/at2.uheWG/igi','df9a63ae-701b-491c-87db-a8bc09586395','App\\Models\\Administrator','2024-01-30 14:21:04','2024-01-30 14:21:04',NULL),('d3a9e561-bb80-4c86-b98e-4238b57edd1f','Feeney','Chris Walsh','Kylee','roderick.leffler@yahoo.com','O+',2,'660.345.4271','2016-09-15','Deleniti rerum labore ipsam repellat qui. Qui laboriosam a sapiente debitis sint tempora eveniet quis. Incidunt et velit totam rerum quas ut non.','347 Alf Flats\nFritschstad, AZ 44526-7829','$2y$10$92IXUNpkjO0rOQ5byMi.Ye4oKoEa3Ro9llC/.og/at2.uheWG/igi','365d52bf-0597-4f08-894b-890a1a48d8e6','App\\Models\\Student','2024-01-30 14:21:08','2024-01-30 14:21:08',NULL),('d80b3c5b-bc5e-4a3a-a7f4-b045b91d919e','Keebler','Mr. Eddie Yundt Sr.','Shaina','reba68@yahoo.com','A+',2,'1-828-942-5862','2015-02-18','Consequatur esse voluptas consequatur quidem. Illum commodi accusamus ut autem est. Excepturi omnis nihil sed corporis accusamus. Magnam nesciunt iusto distinctio.','99361 Garth Lodge Apt. 663\nGloverburgh, CO 56299','$2y$10$92IXUNpkjO0rOQ5byMi.Ye4oKoEa3Ro9llC/.og/at2.uheWG/igi','02f91dd0-4f81-4ca1-a8e9-ef102a0f9f6a','App\\Models\\Administrator','2024-01-30 14:12:39','2024-01-30 14:12:39',NULL),('d94fc4e8-2846-460d-a0af-bd476680c258','Waters','Allie Marks','Chesley','london.grant@yahoo.com','B-',1,'1-314-443-1149','2019-01-29','Sed velit saepe et consectetur optio. Eaque eum mollitia adipisci suscipit quis exercitationem. Sit ad vero sed sint sequi.','473 Zemlak Drives\nLake Josh, UT 28823-9631','$2y$10$92IXUNpkjO0rOQ5byMi.Ye4oKoEa3Ro9llC/.og/at2.uheWG/igi','17a723ef-033d-4c08-99ef-196de59bcc1d','App\\Models\\Guardian','2024-01-30 14:21:06','2024-01-30 14:21:06',NULL),('da88f9c2-d82d-4b82-bb7f-e91f647ca678','Rogahn','Gust Bosco I','Gretchen','wyman46@gislason.com','B-',1,'+1 (470) 376-5004','2017-02-24','Veniam iure sunt dolor animi. Id cum ullam praesentium soluta ut corporis repellat. Veritatis delectus est ipsa iste qui. Qui est nobis aut consequatur.','297 Marlen Square Suite 132\nRolfsonport, SD 39412-5779','$2y$10$92IXUNpkjO0rOQ5byMi.Ye4oKoEa3Ro9llC/.og/at2.uheWG/igi','fd83257f-9aca-45ef-94ec-e56dc30f7a56','App\\Models\\Administrator','2024-01-30 14:11:35','2024-01-30 14:11:35',NULL),('dca2cd4b-aa02-4508-9063-c6c7cff482f8','Hodkiewicz','Kathryne Upton','Lilian','ada85@gmail.com','AB-',1,'954.716.5641','2016-04-29','Vel esse alias repellat occaecati voluptatum maxime. Sit perferendis nihil vel laboriosam corrupti quia. Aut consequatur tempore nihil.','5428 Bartoletti Union Apt. 531\nLake Ralph, MN 54775','$2y$10$92IXUNpkjO0rOQ5byMi.Ye4oKoEa3Ro9llC/.og/at2.uheWG/igi','807e8f19-2289-4b96-9ac3-72f40457f07d','App\\Models\\Student','2024-01-30 14:21:09','2024-01-30 14:21:09',NULL),('dd2e818a-3527-46c0-a924-de1a25650e39','Brakus','Darryl Muller','Shanie','janice31@hotmail.com','AB+',2,'+1 (252) 587-1538','2018-12-31','Earum perspiciatis et eos adipisci quis facilis qui quod. Eum soluta praesentium quas ut sit.','59202 Wyman Plaza Apt. 604\nSouth Jaysonfurt, DC 05420','$2y$10$92IXUNpkjO0rOQ5byMi.Ye4oKoEa3Ro9llC/.og/at2.uheWG/igi','44272519-131b-41d3-9d81-62c3a4c903ec','App\\Models\\Guardian','2024-01-30 14:21:06','2024-01-30 14:21:06',NULL),('debecaab-ddca-4a17-b4e6-65c201d6310b','Thiel','Cesar Lemke Jr.','Landen','doyle.christop@veum.com','AB+',2,'(940) 377-6069','2015-12-31','Non facilis quaerat consequuntur ea. Eveniet iure dignissimos eum voluptatem inventore. Temporibus quia et est ullam enim omnis fugiat.','92872 Kuvalis Gateway\nStewartville, UT 70482','$2y$10$92IXUNpkjO0rOQ5byMi.Ye4oKoEa3Ro9llC/.og/at2.uheWG/igi','e96f8333-bdaf-4661-8a9a-7a70a48b314a','App\\Models\\Administrator','2024-01-30 14:12:39','2024-01-30 14:12:39',NULL),('e0347102-56dc-4564-9f89-0aaa5fe23bf8','Cruickshank','Patricia Graham','Jedediah','kacie65@franecki.com','B+',2,'412.748.9413','2018-11-17','Facere fugit eius aperiam temporibus minima iste. Consequatur dolores consequatur saepe aspernatur autem facilis est. Odio ut praesentium provident accusamus.','79379 Berge Trace\nNorth Otis, WV 10179','$2y$10$92IXUNpkjO0rOQ5byMi.Ye4oKoEa3Ro9llC/.og/at2.uheWG/igi','d5897c03-786e-4b14-8abd-dfcf47ce0bb2','App\\Models\\Administrator','2024-01-30 14:11:35','2024-01-30 14:11:35',NULL),('e04023d8-165e-4b5d-ba66-55ce08f80245','McLaughlin','Angel Bruen','Nicolette','mustafa72@yahoo.com','B+',2,'(283) 938-5721','2016-07-02','Iure voluptatem nisi itaque esse consequatur ducimus. Sit saepe sint aspernatur fuga autem laudantium. Nobis ut provident debitis quia culpa.','35230 Kylie Grove\nEdwardmouth, DE 93385','$2y$10$92IXUNpkjO0rOQ5byMi.Ye4oKoEa3Ro9llC/.og/at2.uheWG/igi','c71527c1-6415-4151-bfa5-1027b11a42e1','App\\Models\\Student','2024-01-30 14:21:08','2024-01-30 14:21:08',NULL),('e119f1a3-186b-4e2f-a450-95759580f28c','Jenkins','Annamae Corkery II','Willy','oconner.jaida@bergstrom.com','AB-',1,'743-500-4901','2017-02-08','Reprehenderit excepturi similique blanditiis. Quia in doloribus minima itaque reiciendis. Exercitationem nesciunt incidunt sed ab sed laboriosam quidem et.','7345 Weimann Lodge\nWest Lorenzo, NV 56659','$2y$10$92IXUNpkjO0rOQ5byMi.Ye4oKoEa3Ro9llC/.og/at2.uheWG/igi','5e6888f6-17b7-464a-ac2d-a839bfeec0a1','App\\Models\\Guardian','2024-01-30 14:21:06','2024-01-30 14:21:06',NULL),('e2ef2b53-c098-4cc9-a0f9-9ed673654237','King','Justen Hermiston','Josefa','afritsch@larson.com','A+',2,'701-379-1686','2018-05-31','Dolores tempora voluptatem veniam non voluptates et. Molestias velit optio et minus. Facere molestias recusandae sit tempora doloribus.','51041 Kunde Fork\nStonechester, NM 98374-5338','$2y$10$92IXUNpkjO0rOQ5byMi.Ye4oKoEa3Ro9llC/.og/at2.uheWG/igi','3b5f3118-6abe-4a8d-8f6c-a647a4c60eef','App\\Models\\Teacher','2024-01-30 14:21:05','2024-01-30 14:21:05',NULL),('e356dd47-a6c0-4e72-a7e2-78037fb0eb3f','Herzog','Garnett Erdman','Cristopher','miller.santina@gmail.com','O+',1,'(903) 938-7789','2019-03-02','Et aut inventore fuga voluptates deserunt et. Aut rerum aut ipsam eum reprehenderit iste eveniet. Aut eum amet et minima quibusdam sunt excepturi.','393 Considine Spurs Apt. 999\nPort Sydni, CT 81018','$2y$10$92IXUNpkjO0rOQ5byMi.Ye4oKoEa3Ro9llC/.og/at2.uheWG/igi','9f89a7f3-ef6b-43c5-b7c0-e8bdcff4ddfd','App\\Models\\Guardian','2024-01-30 14:21:06','2024-01-30 14:21:06',NULL),('e399ee3c-7856-4309-be3b-944736de9301','Denesik','Mollie Glover DDS','Lon','amani.jones@yahoo.com','B+',1,'+1-862-268-8689','2014-06-17','Explicabo qui aut ea quis provident optio iusto incidunt. Aperiam quo sint nostrum dolores. Odit eum est totam eveniet. Sapiente esse nulla et. Officia iure voluptatem non eos qui.','5805 Bernier Heights\nNathanaelfort, TN 78275-5667','$2y$10$92IXUNpkjO0rOQ5byMi.Ye4oKoEa3Ro9llC/.og/at2.uheWG/igi','0dec0df8-7a5d-47f2-9f83-1ef2c4f11a6c','App\\Models\\Administrator','2024-01-30 14:10:42','2024-01-30 14:10:42',NULL),('e3de8d0a-2bcf-4ee5-845d-e4bba4a084ef','Rolfson','Ms. Yadira Berge I','Gerson','waters.raheem@powlowski.com','O+',2,'(559) 270-2115','2014-11-23','At nostrum quia voluptas facilis. Sed repellendus dicta doloribus facilis veritatis dolore quia. Quos qui aut vero consequatur vel. Totam repudiandae ad numquam minus ut.','76568 Danny Fork\nNorth Lucioland, IA 79403','$2y$10$92IXUNpkjO0rOQ5byMi.Ye4oKoEa3Ro9llC/.og/at2.uheWG/igi','a8227b17-cd2a-4f05-a1fe-b498a2f3ae31','App\\Models\\Student','2024-01-30 14:21:08','2024-01-30 14:21:08',NULL),('e4154749-1352-4285-a8e8-eeff8f84e768','Reynolds','Prof. Lorenzo Muller','Glennie','josianne.grant@gmail.com','A+',2,'+1.573.396.8401','2014-05-09','Et sapiente facilis enim modi animi facere aut. Consectetur dolor a eum nihil.','46150 Rosenbaum Tunnel\nNorth Esperanza, WV 47395-3816','$2y$10$92IXUNpkjO0rOQ5byMi.Ye4oKoEa3Ro9llC/.og/at2.uheWG/igi','ff427bfc-16d8-4dee-a244-b1108b35a6a9','App\\Models\\Guardian','2024-01-30 14:21:06','2024-01-30 14:21:06',NULL),('e45772a5-0a63-492a-ba21-4bb408a6c211','Collier','Haylee Yundt','Marlene','umueller@schmeler.com','AB+',1,'+1-785-562-2000','2015-01-10','Tempore nesciunt magnam laboriosam amet ea est ex. Sint quidem voluptas corporis quidem voluptate recusandae eum. Sed ut consequatur ad cum architecto sint.','459 Hailee Divide\nBotsfordbury, PA 25701-3887','$2y$10$92IXUNpkjO0rOQ5byMi.Ye4oKoEa3Ro9llC/.og/at2.uheWG/igi','05a24870-f030-4631-a14e-3734a665dd0b','App\\Models\\Student','2024-01-30 14:21:09','2024-01-30 14:21:09',NULL),('e4b226ea-73d5-4089-a26d-8f2cd65290b8','Blanda','Lucile Renner','Nicolette','colt57@blanda.org','A-',2,'+1-228-200-0526','2016-08-28','Et nulla magni voluptate eos hic dignissimos quia dolore. Harum nihil dicta rerum repellendus. Officiis voluptatibus debitis temporibus. Aliquam aspernatur in ex eius enim eum.','82967 Kareem Lock Suite 791\nLake Chesleyberg, NJ 24281','$2y$10$92IXUNpkjO0rOQ5byMi.Ye4oKoEa3Ro9llC/.og/at2.uheWG/igi','a257603b-a728-441e-a78e-a656a11c7905','App\\Models\\Student','2024-01-30 14:21:08','2024-01-30 14:21:08',NULL),('e5a9f7d1-0930-4dfb-b37c-a28f629e0987','Gulgowski','Alvena Beahan','Rahsaan','bennett06@gmail.com','B-',1,'919.565.9145','2019-09-03','Veniam impedit sunt quo. Eaque non aut consectetur culpa provident molestias. Nemo ut sunt officia odit et ex.','669 Craig Ports\nGretchenchester, NV 58440-2873','$2y$10$92IXUNpkjO0rOQ5byMi.Ye4oKoEa3Ro9llC/.og/at2.uheWG/igi','99bcfe3b-fe85-40a8-912c-9f1928201510','App\\Models\\Guardian','2024-01-30 14:21:06','2024-01-30 14:21:06',NULL),('e5df8b1a-0bf4-4d5d-9130-4deb2e2ead5e','Gleason','Lela Torphy DDS','Ludie','emilio.goodwin@ward.info','O-',1,'(202) 373-9293','2019-11-10','Eius rem vitae enim et consectetur distinctio. Atque nostrum ex sed dolore. Et eum est delectus odio.','3196 Vicente Expressway Apt. 909\nBernhardchester, WY 27845-2714','$2y$10$92IXUNpkjO0rOQ5byMi.Ye4oKoEa3Ro9llC/.og/at2.uheWG/igi','356c3422-9792-43da-8ae3-7e2b2eb6b3ce','App\\Models\\Student','2024-01-30 14:21:08','2024-01-30 14:21:08',NULL),('ea392a17-b759-4190-8672-bd08b3f3edd6','Cummerata','Cruz Schuppe','Monica','omari.bashirian@hotmail.com','A-',1,'828.360.9527','2020-07-24','Corporis fugiat quas earum error. Id fugit blanditiis beatae laudantium. In fugiat omnis eum vero impedit dolores. Architecto ducimus vero voluptas.','99120 Cruickshank Burg Apt. 341\nLavonmouth, ND 60120-8201','$2y$10$92IXUNpkjO0rOQ5byMi.Ye4oKoEa3Ro9llC/.og/at2.uheWG/igi','6ccfd591-1a1d-42c7-8258-68867279f415','App\\Models\\Teacher','2024-01-30 14:21:05','2024-01-30 14:21:05',NULL),('eac74002-7648-4f0d-98f5-6b3743c6f0ab','Ortiz','Doug Howe','Zoie','reinger.onie@hotmail.com','O+',1,'+19725239975','2017-12-16','Qui voluptas culpa corrupti non reprehenderit et. Est minima autem provident et sapiente pariatur doloremque. Et ipsa aut neque ab assumenda recusandae molestiae. Possimus modi dolor rem.','523 Kellie View\nNew Everardoland, WA 86067','$2y$10$92IXUNpkjO0rOQ5byMi.Ye4oKoEa3Ro9llC/.og/at2.uheWG/igi','d709fe54-bf43-4390-b042-e20dfa55ec2a','App\\Models\\Student','2024-01-30 14:21:08','2024-01-30 14:21:08',NULL),('edc249c4-22f0-4358-a2ce-aa5d8f2f5b2a','Pfannerstill','Ralph Rutherford','Amanda','alta.harber@gmail.com','A-',1,'1-361-515-7578','2017-11-05','Nostrum fugit sit sint. Amet eos autem et reprehenderit. Maiores nobis sunt maxime qui. Aspernatur reiciendis inventore sapiente unde dolor omnis et. Ex adipisci quisquam qui illum possimus porro et.','7265 Gerlach Trail Apt. 998\nNorth Carlos, LA 33664-4927','$2y$10$92IXUNpkjO0rOQ5byMi.Ye4oKoEa3Ro9llC/.og/at2.uheWG/igi','cebdc6ef-bc59-4bed-be48-760762c7dd04','App\\Models\\Student','2024-01-30 14:21:08','2024-01-30 14:21:08',NULL),('efdf563d-57ac-4100-b189-dbe0b108176c','Flatley','Ms. Velda Bernhard V','Wilma','emanuel68@denesik.info','AB-',2,'205.949.7549','2016-04-13','Ut itaque porro architecto dolores aperiam. Quia nihil error facere ea exercitationem similique ducimus esse. Nihil corrupti temporibus exercitationem ut labore.','13712 Schowalter Spring\nNikolauston, TX 99917-4811','$2y$10$92IXUNpkjO0rOQ5byMi.Ye4oKoEa3Ro9llC/.og/at2.uheWG/igi','da10744b-b7a0-443a-ae3d-4c00cc203605','App\\Models\\Student','2024-01-30 14:21:07','2024-01-30 14:21:07',NULL),('eff0081b-c606-4aa4-8d05-1f988fa5bc00','Kilback','Keven Lebsack','Naomie','goyette.ronny@yahoo.com','A+',1,'636-765-2359','2014-12-25','Sit eum ut laborum at rerum. Ducimus velit repellat ipsum id mollitia culpa necessitatibus. Error mollitia reprehenderit voluptas.','49749 Deven Extensions Suite 500\nGrimesmouth, OR 72005','$2y$10$92IXUNpkjO0rOQ5byMi.Ye4oKoEa3Ro9llC/.og/at2.uheWG/igi','98d5b4e6-d839-4ef9-bd10-dda97e3b35ec','App\\Models\\Guardian','2024-01-30 14:21:05','2024-01-30 14:21:05',NULL),('f24b76b2-979d-4676-a094-6ccfda4568a5','McCullough','Santa Marquardt','Brayan','wuckert.frank@gmail.com','O-',2,'+1-850-776-2770','2016-03-09','Voluptas odit similique asperiores autem. Voluptatem reprehenderit nisi id perspiciatis veniam facilis eum. Voluptatum quia qui fuga asperiores et.','858 Monique Islands Suite 096\nWest Kristyfort, HI 82584','$2y$10$92IXUNpkjO0rOQ5byMi.Ye4oKoEa3Ro9llC/.og/at2.uheWG/igi','5964853c-61d0-4f6a-86c5-eae0224d80a6','App\\Models\\Guardian','2024-01-30 14:21:06','2024-01-30 14:21:06',NULL),('f54536c0-372d-487c-b06d-f6b438df101d','McLaughlin','Prof. Urban Kuhic','Brenda','timmothy54@gmail.com','A+',1,'1-725-860-3036','2023-05-26','Voluptate commodi praesentium ea quam perferendis magni ut. Voluptas nobis qui ad. Aperiam quod et minima perferendis odio id ab fuga.','82294 Drew Trail Suite 002\nWest Brooke, VT 11545','$2y$10$92IXUNpkjO0rOQ5byMi.Ye4oKoEa3Ro9llC/.og/at2.uheWG/igi','7900a0d1-05c1-4c9e-8713-1f65a71ea68e','App\\Models\\Administrator','2024-01-30 14:21:04','2024-01-30 14:21:04',NULL),('fab36b23-2434-4e1a-bf3c-43addc6b182b','Leuschke','Dr. Berta Heaney PhD','Zack','otha.kshlerin@monahan.net','O+',1,'+1-972-361-2451','2021-01-22','Vero iure ea dolores distinctio sint. Necessitatibus natus cupiditate ipsa libero. Officiis aut numquam tenetur asperiores qui. Non qui et et a.','431 Jermain Terrace Apt. 208\nEast Hattiemouth, NV 17748-8042','$2y$10$92IXUNpkjO0rOQ5byMi.Ye4oKoEa3Ro9llC/.og/at2.uheWG/igi','06924a7c-b0d7-4c67-9198-8efe572307db','App\\Models\\Guardian','2024-01-30 14:21:06','2024-01-30 14:21:06',NULL),('fbe5e0fe-6209-4c44-b564-e0eb5274ca5e','Dietrich','Candida Wilkinson','Jasen','ipfeffer@feil.com','O-',1,'828.408.2919','2022-08-18','Repudiandae minus quis aut veritatis ipsam. Esse quaerat optio ipsam voluptas. Delectus necessitatibus aliquam fugiat nihil.','88026 Macie Curve Apt. 209\nPort Simoneburgh, PA 11049','$2y$10$92IXUNpkjO0rOQ5byMi.Ye4oKoEa3Ro9llC/.og/at2.uheWG/igi','01ca42b1-367f-461b-9c4f-c05ceb0c6cd8','App\\Models\\Student','2024-01-30 14:21:08','2024-01-30 14:21:08',NULL),('fc42687e-eac0-412e-8f48-6e7da190eb8f','O\'Keefe','Kiera Wolf','Arlie','misael.rolfson@hane.com','B+',2,'+1-312-566-9351','2014-12-17','Enim minus tenetur velit est iste. Dolor mollitia sint dolorem reiciendis recusandae aspernatur. Voluptatem ad ut ducimus id quia tenetur. Repellat omnis et ut qui quo blanditiis reprehenderit.','99886 London Branch Suite 885\nSouth Joshua, CA 24046-1254','$2y$10$92IXUNpkjO0rOQ5byMi.Ye4oKoEa3Ro9llC/.og/at2.uheWG/igi','d9d10f04-c775-40e2-b000-0f4e58c8e481','App\\Models\\Guardian','2024-01-30 14:21:06','2024-01-30 14:21:06',NULL),('fd56a5fe-a1d3-4ed4-9de4-d098b76fbdf9','Keebler','Mr. Dax Greenfelder V','Clifford','trent.harvey@yahoo.com','B-',2,'+15592849979','2024-01-10','Temporibus dolor a excepturi cumque qui. Corrupti ex alias beatae deleniti illum sint. Veniam id molestias laborum corporis molestias in rerum.','9602 Lind Dam Suite 867\nEast Carriechester, MA 05560-2016','$2y$10$92IXUNpkjO0rOQ5byMi.Ye4oKoEa3Ro9llC/.og/at2.uheWG/igi','26126b21-0273-4b25-a586-b6915d296f7b','App\\Models\\Guardian','2024-01-30 14:21:05','2024-01-30 14:21:05',NULL),('fe4b0ed4-5364-4048-ab34-7400ca730942','Kovacek','Lilla Anderson','Taurean','bode.ken@vandervort.com','B+',2,'1-508-712-0304','2022-09-29','Commodi eveniet quibusdam sed quibusdam laudantium vel accusantium. Sapiente suscipit et explicabo voluptatem quam quaerat sit sit.','4888 Arely Light\nEast Noahstad, MS 91117-5984','$2y$10$92IXUNpkjO0rOQ5byMi.Ye4oKoEa3Ro9llC/.og/at2.uheWG/igi','71742c14-c7d1-4b47-9635-c342f6a86537','App\\Models\\Guardian','2024-01-30 14:21:05','2024-01-30 14:21:05',NULL),('ff2c0d68-70e0-44e6-a7ac-1bd4ff6ab546','Wintheiser','Dr. Barney Kassulke','Jannie','pouros.era@toy.com','A-',2,'+1.484.663.1928','2019-12-19','Sed excepturi dolorum alias molestiae consequatur possimus fugiat. Eum autem molestias autem illo. Quod ut delectus dolorem eveniet non. Non exercitationem dolorum hic sed et.','664 Beryl Points Suite 408\nGisselleburgh, NE 30673-6156','$2y$10$92IXUNpkjO0rOQ5byMi.Ye4oKoEa3Ro9llC/.og/at2.uheWG/igi','d3fcfcb7-7785-4979-99c5-c8d847600390','App\\Models\\Student','2024-01-30 14:21:08','2024-01-30 14:21:08',NULL);
/*!40000 ALTER TABLE `users` ENABLE KEYS */;
UNLOCK TABLES;
/*!40103 SET TIME_ZONE=@OLD_TIME_ZONE */;

/*!40101 SET SQL_MODE=@OLD_SQL_MODE */;
/*!40014 SET FOREIGN_KEY_CHECKS=@OLD_FOREIGN_KEY_CHECKS */;
/*!40014 SET UNIQUE_CHECKS=@OLD_UNIQUE_CHECKS */;
/*!40101 SET CHARACTER_SET_CLIENT=@OLD_CHARACTER_SET_CLIENT */;
/*!40101 SET CHARACTER_SET_RESULTS=@OLD_CHARACTER_SET_RESULTS */;
/*!40101 SET COLLATION_CONNECTION=@OLD_COLLATION_CONNECTION */;
/*!40111 SET SQL_NOTES=@OLD_SQL_NOTES */;

-- Dump completed on 2024-01-30 16:34:21
